
U-Boot SPL 2024.04-g3fe964757589-ab15108624 (Mar 27 2026 - 21:26:21 +0000)
Trying to boot from SPI
Jumping to 64-bit U-Boot: Note many features are missing


U-Boot 2024.04-g3fe964757589-ab15108624 (Mar 27 2026 - 21:26:21 +0000)

DRAM:  4 GiB
Core:  8 devices, 8 uclasses, devicetree: separate
Net:         eth_initialize() No ethernet found.
qfw_write_smbios_tables() No QEMU firmware device
qfw_evt_write_smbios_tables() Falling back to U-Boot generated SMBIOS tables
Driver                    uid uclass               Devices
----------------------------------------------------------
blk_partition             083 partition            virtio-blk#29:1          
                                                   virtio-blk#29:2          
                                                   virtio-blk#29:3          
                                                   virtio-blk#29:4          
                                                   virtio-blk#29:5          
                                                   virtio-blk#29:6          
                                                   virtio-blk#29:7          
                                                   virtio-blk#29:8          
                                                   virtio-blk#29:9          
                                                   virtio-blk#29:10         
                                                   virtio-blk#29:11         
                                                   virtio-blk#29:12         
                                                   virtio-blk#29:13         
                                                   virtio-blk#29:14         
                                                   virtio-blk#29:15         
                                                   virtio-blk#29:16         
                                                   virtio-blk#29:17         
                                                   virtio-blk#29:18         
                                                   virtio-blk#30:1          
                                                   virtio-blk#30:2          
                                                   virtio-blk#30:3          
                                                   virtio-blk#30:4          
                                                   virtio-blk#31:1          
bootmeth_qfw              026 <no uclass>          
cpu_bus                   109 <no uclass>          
cpu_qemu                  031 <no uclass>          
cpu_x86                   031 <no uclass>          
efi_blk                   022 blk                  <none>
EFI block driver          038 efi                  <none>
syscon                    117 syscon               <none>
motorola_mc146818         104 rtc                  rtc                      
ns16550_serial            108 serial               serial                   
pci_bridge_drv            085 pci                  pci_0:2.2                
pci_generic_drv           087 pci_generic          pci_0:0.0                
                                                   pci_0:2.1                
pci_x86                   085 pci                  pci                      
qfw_bootdev               025 <no uclass>          
qfw_pio                   096 qfw                  qfw_pio                  
root_driver               000 root                 root_driver              
sysinfo_smbios            118 sysinfo              smbios                   
vidconsole0               131 vidconsole0          <none>
virtio-blk                022 blk                  virtio-blk#29            
                                                   virtio-blk#30            
                                                   virtio-blk#31            
virtio_bootdev            025 <no uclass>          
virtio-console            108 serial               virtio-console#9         
                                                   virtio-console#10        
                                                   virtio-console#11        
                                                   virtio-console#12        
                                                   virtio-console#13        
                                                   virtio-console#14        
                                                   virtio-console#15        
                                                   virtio-console#16        
                                                   virtio-console#17        
                                                   virtio-console#18        
                                                   virtio-console#19        
                                                   virtio-console#20        
                                                   virtio-console#21        
                                                   virtio-console#22        
                                                   virtio-console#23        
                                                   virtio-console#24        
                                                   virtio-console#25        
                                                   virtio-console#26        
                                                   virtio-console#27        
                                                   virtio-console#28        
virtio-console-port       108 serial               <none>
virtio-net                040 ethernet             virtio-net#1             
                                                   virtio-net#2             
virtio-pci.m              133 virtio               virtio-pci.m#0           
                                                   virtio-pci.m#1           
                                                   virtio-pci.m#2           
                                                   virtio-pci.m#3           
                                                   virtio-pci.m#4           
                                                   virtio-pci.m#5           
                                                   virtio-pci.m#6           
                                                   virtio-pci.m#7           
                                                   virtio-pci.m#8           
                                                   virtio-pci.m#9           
                                                   virtio-pci.m#10          
                                                   virtio-pci.m#11          
                                                   virtio-pci.m#12          
                                                   virtio-pci.m#13          
                                                   virtio-pci.m#14          
                                                   virtio-pci.m#15          
                                                   virtio-pci.m#16          
                                                   virtio-pci.m#17          
                                                   virtio-pci.m#18          
                                                   virtio-pci.m#19          
                                                   virtio-pci.m#20          
                                                   virtio-pci.m#21          
                                                   virtio-pci.m#22          
                                                   virtio-pci.m#23          
                                                   virtio-pci.m#24          
                                                   virtio-pci.m#25          
                                                   virtio-pci.m#26          
                                                   virtio-pci.m#27          
                                                   virtio-pci.m#28          
                                                   virtio-pci.m#29          
                                                   virtio-pci.m#30          
                                                   virtio-pci.m#31          
                                                   virtio-pci.m#32          
                                                   virtio-pci.m#33          
                                                   virtio-pci.m#34          
                                                   virtio-pci.m#35          
                                                   virtio-pci.m#36          
                                                   virtio-pci.m#37          
virtio-rng                103 rng                  virtio-rng#34            
x86_reset                 119 sysreset             reset                    
x86_tsc_timer             122 timer                tsc-timer                
## Android Verified Boot 2.0 version 1.2.0
Writing 8 bytes to virtio-console#19 console
Reading 8 bytes from virtio-console#19 console
Writing 8 bytes to virtio-console#19 console
Reading 8 bytes from virtio-console#19 console
Verification passed successfully
Imported supplementary environment
CPU 65537:
Reg Valid Write-type   Base   ||        Mask   ||        Size   ||       
0   Y     Back         00000000fff00000 0000000ffff00000 0000000000100000
1   N     Uncacheable  0000000000000000 0000000000000000 0000001000000000
2   N     Uncacheable  0000000000000000 0000000000000000 0000001000000000
3   N     Uncacheable  0000000000000000 0000000000000000 0000001000000000
4   N     Uncacheable  0000000000000000 0000000000000000 0000001000000000
5   N     Uncacheable  0000000000000000 0000000000000000 0000001000000000
6   N     Uncacheable  0000000000000000 0000000000000000 0000001000000000
7   N     Uncacheable  0000000000000000 0000000000000000 0000001000000000
ANDROID: reboot reason: "(none)"
      ab_select_slot() ANDROID: Invalid CRC-32 (expected 807077e9, found 00000000),re-initializing A/B metadata.
      ab_select_slot() ANDROID: Attempting slot a, tries remaining 3
## Android Verified Boot 2.0 version 1.2.0
Writing 8 bytes to virtio-console#19 console
Reading 8 bytes from virtio-console#19 console
Writing 8 bytes to virtio-console#19 console
Reading 8 bytes from virtio-console#19 console
Verification passed successfully
## Android Verified Boot 2.0 version 1.2.0
Writing 8 bytes to virtio-console#19 console
Reading 8 bytes from virtio-console#19 console
Writing 8 bytes to virtio-console#19 console
Reading 8 bytes from virtio-console#19 console
Verification passed successfully
ANDROID: Loading ramdisk from "init_boot_a", partition 4.
ANDROID: Loading kernel from "boot_a", partition 2.
ANDROID: Loading vendor ramdisk from "vendor_boot_a", partition 6.
Booting kernel at 0x02400000 with fdt at <NULL> ramdisk 0x0e400000 (0x015058d3 bytes)...


Valid Boot Flag
Magic signature found
Linux kernel version 6.12.74-android16-6-g3ec022196c4e-ab15076761 (kleaf@build-host) #1 SMP PREEMPT Tue Mar 24 05:36:21 UTC 2026
Building boot_params at 0x00090000
Loading bzImage at address 100000 (22881280 bytes)
Initial RAM disk at linear address 0x0e400000, size 22042835 bytes
Kernel command line: " printk.devkmsg=on audit=1 panic=-1 8250.nr_uarts=1 binder.impl=rust cma=0 firmware_class.path=/vendor/etc/ loop.max_part=7 init=/init bootconfig panic=-1 console=hvc0 earlycon=uart8250,io,0x3f8 ramoops.mem_address=0x138000000 ramoops.mem_size=0x200000"
Kernel loaded at 00100000, setup_base=0000000000090000

Starting kernel ...

[    0.000000] Linux version 6.12.74-android16-6-g3ec022196c4e-ab15076761 (kleaf@build-host) (Android (14043575, +pgo, +bolt, +lto, +mlgo, based on r536225) clang version 19.0.1 (https://android.googlesource.com/toolchain/llvm-project b3a530ec6537146650e42be89f1089e9a3588460), LLD 19.0.1) #1 SMP PREEMPT Tue Mar 24 05:36:21 UTC 2026
[    0.000000] Command line:  printk.devkmsg=on audit=1 panic=-1 8250.nr_uarts=1 binder.impl=rust cma=0 firmware_class.path=/vendor/etc/ loop.max_part=7 init=/init bootconfig panic=-1 console=hvc0 earlycon=uart8250,io,0x3f8 ramoops.mem_address=0x138000000 ramoops.mem_size=0x200000
[    0.000000] BIOS-provided physical RAM map:
[    0.000000] BIOS-e820: [mem 0x0000000000000000-0x000000000009ffff] usable
[    0.000000] BIOS-e820: [mem 0x00000000000a0000-0x00000000000fffff] reserved
[    0.000000] BIOS-e820: [mem 0x0000000000100000-0x00000000ced69fff] usable
[    0.000000] BIOS-e820: [mem 0x00000000ced6a000-0x00000000cfffffff] reserved
[    0.000000] BIOS-e820: [mem 0x00000000e0000000-0x00000000efffffff] reserved
[    0.000000] BIOS-e820: [mem 0x0000000100000000-0x000000012fffffff] usable
[    0.000000] earlycon: uart8250 at I/O port 0x3f8 (options '')
[    0.000000] printk: legacy bootconsole [uart8250] enabled
[    0.000000] NX (Execute Disable) protection: active
[    0.000000] APIC: Static calls initialized
[    0.000000] SMBIOS 3.2.0 present.
[    0.000000] DMI: ChromiumOS crosvm, BIOS 0 
[    0.000000] DMI: Memory slots populated: 0/0
[    0.000000] Hypervisor detected: KVM
[    0.000000] last_pfn = 0xced6a max_arch_pfn = 0x400000000
[    0.000000] kvm-clock: Using msrs 4b564d01 and 4b564d00
[    0.000003] kvm-clock: using sched offset of 852781179 cycles
[    0.000602] clocksource: kvm-clock: mask: 0xffffffffffffffff max_cycles: 0x1cd42e4dffb, max_idle_ns: 881590591483 ns
[    0.002450] tsc: Detected 2903.998 MHz processor
[    0.003142] last_pfn = 0x130000 max_arch_pfn = 0x400000000
[    0.003795] MTRR map: 6 entries (3 fixed + 3 variable; max 19), built from 8 variable MTRRs
[    0.004755] x86/PAT: Configuration [0-7]: WB  WC  UC- UC  WB  WP  UC- WT  
[    0.005569] mtrr: your BIOS has configured an incorrect mask, fixing it.
[    0.006344] last_pfn = 0xced6a max_arch_pfn = 0x400000000
[    0.006998] found SMP MP-table at [mem 0x0009fff0-0x0009ffff]
[    0.007664] Using GB pages for direct mapping
[    0.008349] RAMDISK: [mem 0x0e400000-0x0f905fff]
[    0.008871] ACPI: Early table checksum verification disabled
[    0.009511] ACPI: RSDP 0x00000000000E0000 000024 (v02 CROSVM)
[    0.010160] ACPI: XSDT 0x00000000000E0C40 00003C (v01 CROSVM CROSVMDT 00000001 CROS 00000000)
[    0.011128] ACPI: FACP 0x00000000000E0A00 000114 (v06 CROSVM CROSVMDT 00000001 CROS 00000000)
[    0.012092] ACPI: DSDT 0x00000000000E0080 000951 (v06 CROSVM CROSVMDT 00000001 CROS 00000000)
[    0.013055] ACPI: FACS 0x00000000000E0040 000040
[    0.013582] ACPI: APIC 0x00000000000E0B40 000080 (v05 CROSVM CROSVMDT 00000001 CROS 00000000)
[    0.014551] ACPI: MCFG 0x00000000000E0BC0 00003C (v01 CROSVM CROSVMDT 00000001 CROS 00000000)
[    0.015509] ACPI: Reserving FACP table memory at [mem 0xe0a00-0xe0b13]
[    0.016239] ACPI: Reserving DSDT table memory at [mem 0xe0080-0xe09d0]
[    0.016975] ACPI: Reserving FACS table memory at [mem 0xe0040-0xe007f]
[    0.017723] ACPI: Reserving APIC table memory at [mem 0xe0b40-0xe0bbf]
[    0.018456] ACPI: Reserving MCFG table memory at [mem 0xe0bc0-0xe0bfb]
[    0.019269] Zone ranges:
[    0.019570]   DMA32    [mem 0x0000000000001000-0x00000000ffffffff]
[    0.020262]   Normal   [mem 0x0000000100000000-0x000000012fffffff]
[    0.020968] Movable zone start for each node
[    0.021498] Early memory node ranges
[    0.021902]   node   0: [mem 0x0000000000001000-0x000000000009ffff]
[    0.022619]   node   0: [mem 0x0000000000100000-0x00000000ced69fff]
[    0.023330]   node   0: [mem 0x0000000100000000-0x000000012fffffff]
[    0.024042] Initmem setup node 0 [mem 0x0000000000001000-0x000000012fffffff]
[    0.024880] On node 0, zone DMA32: 1 pages in unavailable ranges
[    0.067767] On node 0, zone DMA32: 96 pages in unavailable ranges
[    0.078383] On node 0, zone Normal: 4758 pages in unavailable ranges
[    0.080589] IOAPIC[0]: apic_id 0, version 17, address 0xfec00000, GSI 0-23
[    0.081389] ACPI: INT_SRC_OVR (bus 0 bus_irq 9 global_irq 9 low level)
[    0.082128] ACPI: INT_SRC_OVR (bus 0 bus_irq 10 global_irq 10 low level)
[    0.082904] ACPI: INT_SRC_OVR (bus 0 bus_irq 11 global_irq 11 low level)
[    0.083687] ACPI: INT_SRC_OVR (bus 0 bus_irq 12 global_irq 12 low level)
[    0.084475] ACPI: Using ACPI (MADT) for SMP configuration information
[    0.085224] TSC deadline timer available
[    0.085694] CPU topo: Max. logical packages:   4
[    0.086225] CPU topo: Max. logical dies:       4
[    0.086761] CPU topo: Max. dies per package:   1
[    0.087288] CPU topo: Max. threads per core:   1
[    0.087828] CPU topo: Num. cores per package:     1
[    0.088394] CPU topo: Num. threads per package:   1
[    0.088950] CPU topo: Allowing 4 present CPUs plus 0 hotplug CPUs
[    0.089679] kvm-guest: APIC: eoi() replaced with kvm_guest_apic_eoi_write()
[    0.090489] kvm-guest: KVM setup pv remote TLB flush
[    0.091056] kvm-guest: setup PV sched yield
[    0.091544] PM: hibernation: Registered nosave memory: [mem 0x00000000-0x00000fff]
[    0.092423] PM: hibernation: Registered nosave memory: [mem 0x000a0000-0x000fffff]
[    0.093287] PM: hibernation: Registered nosave memory: [mem 0xced6a000-0xffffffff]
[    0.094159] [mem 0xd0000000-0xdfffffff] available for PCI devices
[    0.094870] Booting paravirtualized kernel on KVM
[    0.095415] clocksource: refined-jiffies: mask: 0xffffffff max_cycles: 0xffffffff, max_idle_ns: 7645519600211568 ns
[    0.096727] Load bootconfig: 2628 bytes 130 nodes
[    0.097273] setup_percpu: NR_CPUS:32 nr_cpumask_bits:4 nr_cpu_ids:4 nr_node_ids:1
[    0.099839] percpu: Embedded 106 pages/cpu s271384 r131072 d31720 u524288
[    0.100706] Kernel command line: vmw_vsock_virtio_transport_common.virtio_transport_max_vsock_pkt_buf_size=16384 console=ttynull stack_depot_disable=on cgroup_disable=pressure bootconfig  printk.devkmsg=on audit=1 panic=-1 8250.nr_uarts=1 binder.impl=rust cma=0 firmware_class.path=/vendor/etc/ loop.max_part=7 init=/init bootconfig panic=-1 console=hvc0 earlycon=uart8250,io,0x3f8 ramoops.mem_address=0x138000000 ramoops.mem_size=0x200000
[    0.105299] cgroup: Disabling pressure control group feature
[    0.105998] audit: enabled (after initialization)
[    0.106644] random: crng init done
[    0.107039] printk: log buffer data + meta data: 131072 + 458752 = 589824 bytes
[    0.112917] Dentry cache hash table entries: 524288 (order: 10, 4194304 bytes, linear)
[    0.116270] Inode-cache hash table entries: 262144 (order: 9, 2097152 bytes, linear)
[    0.117273] Built 1 zonelists, mobility grouping on.  Total pages: 1043721
[    0.118516] mem auto-init: stack:all(zero), heap alloc:on, heap free:off
[    0.119261] stackdepot: disabled
[    0.119634] software IO TLB: area num 4.
[    0.192142] SLUB: HWalign=64, Order=0-3, MinObjects=0, CPUs=4, Nodes=1
[    0.193302] rcu: Preemptible hierarchical RCU implementation.
[    0.193959] rcu: 	RCU event tracing is enabled.
[    0.194466] rcu: 	RCU restricting CPUs from NR_CPUS=32 to nr_cpu_ids=4.
[    0.195191] rcu: 	RCU priority boosting: priority 1 delay 500 ms.
[    0.195876] 	Trampoline variant of Tasks RCU enabled.
[    0.196449] 	Tracing variant of Tasks RCU enabled.
[    0.196976] rcu: RCU calculated value of scheduler-enlistment delay is 25 jiffies.
[    0.197821] rcu: Adjusting geometry for rcu_fanout_leaf=16, nr_cpu_ids=4
[    0.198603] RCU Tasks: Setting shift to 2 and lim to 1 rcu_task_cb_adjust=1 rcu_task_cpu_ids=4.
[    0.199571] RCU Tasks Trace: Setting shift to 2 and lim to 1 rcu_task_cb_adjust=1 rcu_task_cpu_ids=4.
[    0.202576] NR_IRQS: 4352, nr_irqs: 456, preallocated irqs: 16
[    0.203444] rcu: 	Offload RCU callbacks from CPUs: 0-3.
[    0.204029] rcu: srcu_init: Setting srcu_struct sizes based on contention.
[    0.204869] kfence: initialized - using 524288 bytes for 63 objects at 0x(____ptrval____)-0x(____ptrval____)
[    0.205996] ACPI: Core revision 20240827
[    0.206490] APIC: Switch to symmetric I/O mode setup
[    0.207205] x2apic enabled
[    0.207745] APIC: Switched APIC routing to: physical x2apic
[    0.208365] kvm-guest: APIC: send_IPI_mask() replaced with kvm_send_ipi_mask()
[    0.209156] kvm-guest: APIC: send_IPI_mask_allbutself() replaced with kvm_send_ipi_mask_allbutself()
[    0.210159] kvm-guest: setup PV IPIs
[    0.211258] clocksource: tsc-early: mask: 0xffffffffffffffff max_cycles: 0x29dc03c1beb, max_idle_ns: 440795205215 ns
[    0.212456] Calibrating delay loop (skipped) preset value.. 5807.99 BogoMIPS (lpj=11615992)
[    0.213475] x86/cpu: User Mode Instruction Prevention (UMIP) activated
[    0.214305] Last level iTLB entries: 4KB 64, 2MB 8, 4MB 8
[    0.214906] Last level dTLB entries: 4KB 64, 2MB 32, 4MB 32, 1GB 4
[    0.215598] Spectre V1 : Mitigation: usercopy/swapgs barriers and __user pointer sanitization
[    0.216455] Spectre V2 : WARNING: Unprivileged eBPF is enabled with eIBRS on, data leaks possible via Spectre v2 BHB attacks!
[    0.216455] Spectre V2 : Spectre BHI mitigation: SW BHB clearing on syscall and VM exit
[    0.216455] Spectre V2 : Mitigation: Enhanced / Automatic IBRS
[    0.216455] Spectre V2 : Spectre v2 / PBRSB-eIBRS: Retire a single CALL on VMEXIT
[    0.216455] RETBleed: Mitigation: Enhanced IBRS
[    0.216455] Spectre V2 : mitigation: Enabling conditional Indirect Branch Prediction Barrier
[    0.216455] Speculative Store Bypass: Mitigation: Speculative Store Bypass disabled via prctl
[    0.216455] MMIO Stale Data: Mitigation: Clear CPU buffers
[    0.216455] SRBDS: Unknown: Dependent on hypervisor status
[    0.216455] GDS: Unknown: Dependent on hypervisor status
[    0.216455] active return thunk: its_return_thunk
[    0.216455] ITS: Mitigation: Aligned branch/return thunks
[    0.216455] x86/fpu: Supporting XSAVE feature 0x001: 'x87 floating point registers'
[    0.216455] x86/fpu: Supporting XSAVE feature 0x002: 'SSE registers'
[    0.216455] x86/fpu: Supporting XSAVE feature 0x004: 'AVX registers'
[    0.216455] x86/fpu: Supporting XSAVE feature 0x008: 'MPX bounds registers'
[    0.216455] x86/fpu: Supporting XSAVE feature 0x010: 'MPX CSR'
[    0.216455] x86/fpu: xstate_offset[2]:  576, xstate_sizes[2]:  256
[    0.216455] x86/fpu: xstate_offset[3]:  832, xstate_sizes[3]:   64
[    0.216455] x86/fpu: xstate_offset[4]:  896, xstate_sizes[4]:   64
[    0.216455] x86/fpu: Enabled xstate features 0x1f, context size is 960 bytes, using 'compacted' format.
[    0.216455] SMP alternatives: Using kCFI
[    0.216455] Freeing SMP alternatives memory: 56K
[    0.216455] pid_max: default: 32768 minimum: 301
[    0.216455] LSM: initializing lsm=capability,landlock,safesetid,selinux,bpf
[    0.216455] landlock: Up and running.
[    0.216455] SELinux:  Initializing.
[    0.216455] LSM support for eBPF active
[    0.216455] Mount-cache hash table entries: 8192 (order: 4, 65536 bytes, linear)
[    0.216455] Mountpoint-cache hash table entries: 8192 (order: 4, 65536 bytes, linear)
[    0.216455] smpboot: CPU0: Intel(R) Core(TM) i5-10400F CPU @ 2.90GHz (family: 0x6, model: 0xa5, stepping: 0x3)
[    0.216455] Performance Events: Skylake events, 32-deep LBR, full-width counters, Intel PMU driver.
[    0.216455] ... version:                2
[    0.216455] ... bit width:              48
[    0.216455] ... generic registers:      4
[    0.216462] ... value mask:             0000ffffffffffff
[    0.217162] ... max period:             00007fffffffffff
[    0.217765] ... fixed-purpose events:   3
[    0.218215] ... event mask:             000000070000000f
[    0.218945] signal: max sigframe size: 2032
[    0.219519] rcu: Hierarchical SRCU implementation.
[    0.220158] rcu: 	Max phase no-delay instances is 1000.
[    0.220665] Timer migration: 1 hierarchy levels; 8 children per group; 1 crossnode level
[    0.222709] dyndbg: Ignore empty _ddebug table in a CONFIG_DYNAMIC_DEBUG_CORE build
[    0.223970] smp: Bringing up secondary CPUs ...
[    0.224888] smpboot: x86: Booting SMP configuration:
[    0.225450] .... node  #0, CPUs:      #1 #2 #3
[    0.236510] smp: Brought up 1 node, 4 CPUs
[    0.237515] smpboot: Total of 4 processors activated (23231.98 BogoMIPS)
[    0.238587] Memory: 3958300K/4174884K available (22528K kernel code, 2444K rwdata, 16884K rodata, 3244K init, 2276K bss, 211752K reserved, 0K cma-reserved)
[    0.240709] x86/mm: Memory block size: 128MB
[    0.241922] clocksource: jiffies: mask: 0xffffffff max_cycles: 0xffffffff, max_idle_ns: 7645041785100000 ns
[    0.241922] futex hash table entries: 1024 (order: 4, 65536 bytes, linear)
[    0.246280] NET: Registered PF_NETLINK/PF_ROUTE protocol family
[    0.246986] audit: initializing netlink subsys (enabled)
[    0.246992] audit: type=2000 audit(1790635539.142:1): state=initialized audit_enabled=1 res=1
[    0.246992] ramoops: using module parameters
[    0.253446] pstore: Using crash dump compression: deflate
[    0.254082] printk: legacy console [ramoops-1] enabled
[    0.254758] pstore: Registered ramoops as persistent store backend
[    0.255457] ramoops: using 0x200000@0x138000000, ecc: 0
[    0.256169] thermal_sys: Registered thermal governor 'bang_bang'
[    0.256171] thermal_sys: Registered thermal governor 'step_wise'
[    0.256461] thermal_sys: Registered thermal governor 'user_space'
[    0.257151] cpuidle: using governor menu
[    0.257942] PCI: ECAM [mem 0xf4000000-0xf7ffffff] (base 0xf4000000) for domain 0000 [bus 00-3f]
[    0.258920] PCI: not using ECAM ([mem 0xf4000000-0xf7ffffff] not reserved)
[    0.259684] PCI: Using configuration type 1 for base access
[    0.260567] mtrr: your CPUs had inconsistent fixed MTRR settings
[    0.261250] mtrr: your CPUs had inconsistent variable MTRR settings
[    0.261954] mtrr: your CPUs had inconsistent MTRRdefType settings
[    0.262639] mtrr: probably your BIOS does not setup all CPUs.
[    0.263268] mtrr: corrected configuration.
[    0.264461] kprobes: kprobe jump-optimization is enabled. All kprobes are optimized if possible.
[    0.268496] cryptd: max_cpu_qlen set to 1000
[    0.268496] ACPI: Added _OSI(Module Device)
[    0.268496] ACPI: Added _OSI(Processor Device)
[    0.268496] ACPI: Added _OSI(Processor Aggregator Device)
[    0.268496] ACPI: 1 ACPI AML tables successfully acquired and loaded
[    0.276557] ACPI: Interpreter enabled
[    0.276929] ACPI: PM: (supports S0 S1 S5)
[    0.277381] ACPI: Using IOAPIC for interrupt routing
[    0.277381] PCI: ECAM [mem 0xf4000000-0xf7ffffff] (base 0xf4000000) for domain 0000 [bus 00-3f]
[    0.278118] PCI: ECAM [mem 0xf4000000-0xf7ffffff] reserved as ACPI motherboard resource
[    0.279044] PCI: Using host bridge windows from ACPI; if necessary, use "pci=nocrs" and report a bug
[    0.280461] PCI: Using E820 reservations for host bridge windows
[    0.282204] ACPI: PCI Root Bridge [PC00] (domain 0000 [bus 00-3f])
[    0.282912] acpi PNP0A08:00: _OSC: OS supports [ExtendedConfig ASPM ClockPM Segments MSI HPX-Type3]
[    0.284006] acpi PNP0A08:00: _OSC: OS now controls [PCIeHotplug PME PCIeCapability LTR]
[    0.284579] PCI host bridge to bus 0000:00
[    0.285036] pci_bus 0000:00: root bus resource [mem 0xd0000000-0xf7ffffff window]
[    0.285902] pci_bus 0000:00: root bus resource [mem 0x138200000-0x7fffffffff window]
[    0.286782] pci_bus 0000:00: root bus resource [bus 00-3f]
[    0.287454] pci 0000:00:00.0: [8086:1237] type 00 class 0x060000 conventional PCI endpoint
[    0.289060] pci 0000:00:01.0: [1af4:107f] type 00 class 0x038000 conventional PCI endpoint
[    0.290125] pci 0000:00:01.0: BAR 0 [mem 0xd0800000-0xd0807fff]
[    0.291026] pci 0000:00:01.0: BAR 2 [mem 0x200000000-0x2ffffffff 64bit pref]
[    0.292616] pci 0000:00:01.0: PME# supported from D0 D3hot D3cold
[    0.293915] pci 0000:00:01.1: [1af4:1041] type 00 class 0x028000 conventional PCI endpoint
[    0.294974] pci 0000:00:01.1: BAR 0 [mem 0xd08e8000-0xd08effff]
[    0.296632] pci 0000:00:01.1: PME# supported from D0 D3hot D3cold
[    0.297874] pci 0000:00:01.2: [1af4:1041] type 00 class 0x028000 conventional PCI endpoint
[    0.298941] pci 0000:00:01.2: BAR 0 [mem 0xd08f0000-0xd08f7fff]
[    0.300675] pci 0000:00:01.2: PME# supported from D0 D3hot D3cold
[    0.301921] pci 0000:00:01.3: [1af4:1052] type 00 class 0x098000 conventional PCI endpoint
[    0.302997] pci 0000:00:01.3: BAR 0 [mem 0xd0908000-0xd090ffff]
[    0.304651] pci 0000:00:01.3: PME# supported from D0 D3hot D3cold
[    0.305833] pci 0000:00:01.4: [1af4:1052] type 00 class 0x098000 conventional PCI endpoint
[    0.307076] pci 0000:00:01.4: BAR 0 [mem 0xd0910000-0xd0917fff]
[    0.308735] pci 0000:00:01.4: PME# supported from D0 D3hot D3cold
[    0.309897] pci 0000:00:01.5: [1af4:1052] type 00 class 0x098000 conventional PCI endpoint
[    0.311136] pci 0000:00:01.5: BAR 0 [mem 0xd0918000-0xd091ffff]
[    0.312799] pci 0000:00:01.5: PME# supported from D0 D3hot D3cold
[    0.313958] pci 0000:00:01.6: [1af4:1052] type 00 class 0x098000 conventional PCI endpoint
[    0.315108] pci 0000:00:01.6: BAR 0 [mem 0xd0920000-0xd0927fff]
[    0.316763] pci 0000:00:01.6: PME# supported from D0 D3hot D3cold
[    0.317932] pci 0000:00:01.7: [1af4:1053] type 00 class 0x028000 conventional PCI endpoint
[    0.319075] pci 0000:00:01.7: BAR 0 [mem 0xd0928000-0xd092ffff]
[    0.320705] pci 0000:00:01.7: PME# supported from D0 D3hot D3cold
[    0.321891] pci 0000:00:02.0: [1af4:1050] type 00 class 0x038000 conventional PCI endpoint
[    0.323028] pci 0000:00:02.0: BAR 0 [mem 0xd0808000-0xd080ffff]
[    0.323864] pci 0000:00:02.0: BAR 2 [mem 0x400000000-0x5ffffffff 64bit pref]
[    0.325354] pci 0000:00:02.0: PME# supported from D0 D3hot D3cold
[    0.326468] pci 0000:00:02.1: [1b36:0011] type 00 class 0xffff00 conventional PCI endpoint
[    0.327579] pci 0000:00:02.1: BAR 0 [mem 0xd0930000-0xd093000f]
[    0.329020] pci 0000:00:02.2: [8086:3420] type 01 class 0x060400 PCIe Root Port
[    0.330201] pci 0000:00:02.2: PCI bridge to [bus 01]
[    0.331343] pci 0000:00:02.2: PME# supported from D0 D3hot D3cold
[    0.332479] pci 0000:00:03.0: [1af4:1043] type 00 class 0x078000 conventional PCI endpoint
[    0.333637] pci 0000:00:03.0: BAR 0 [mem 0xd0810000-0xd0817fff]
[    0.335303] pci 0000:00:03.0: PME# supported from D0 D3hot D3cold
[    0.336447] pci 0000:00:04.0: [1af4:1043] type 00 class 0x078000 conventional PCI endpoint
[    0.336585] pci 0000:00:04.0: BAR 0 [mem 0xd0818000-0xd081ffff]
[    0.338185] pci 0000:00:04.0: PME# supported from D0 D3hot D3cold
[    0.339386] pci 0000:00:05.0: [1af4:1043] type 00 class 0x078000 conventional PCI endpoint
[    0.340533] pci 0000:00:05.0: BAR 0 [mem 0xd0820000-0xd0827fff]
[    0.342088] pci 0000:00:05.0: PME# supported from D0 D3hot D3cold
[    0.343362] pci 0000:00:06.0: [1af4:1043] type 00 class 0x078000 conventional PCI endpoint
[    0.344491] pci 0000:00:06.0: BAR 0 [mem 0xd0828000-0xd082ffff]
[    0.346071] pci 0000:00:06.0: PME# supported from D0 D3hot D3cold
[    0.347351] pci 0000:00:07.0: [1af4:1043] type 00 class 0x078000 conventional PCI endpoint
[    0.348490] pci 0000:00:07.0: BAR 0 [mem 0xd0830000-0xd0837fff]
[    0.350040] pci 0000:00:07.0: PME# supported from D0 D3hot D3cold
[    0.351275] pci 0000:00:08.0: [1af4:1043] type 00 class 0x078000 conventional PCI endpoint
[    0.352405] pci 0000:00:08.0: BAR 0 [mem 0xd0838000-0xd083ffff]
[    0.353337] pci 0000:00:08.0: PME# supported from D0 D3hot D3cold
[    0.354597] pci 0000:00:09.0: [1af4:1043] type 00 class 0x078000 conventional PCI endpoint
[    0.355656] pci 0000:00:09.0: BAR 0 [mem 0xd0840000-0xd0847fff]
[    0.357274] pci 0000:00:09.0: PME# supported from D0 D3hot D3cold
[    0.358541] pci 0000:00:0a.0: [1af4:1043] type 00 class 0x078000 conventional PCI endpoint
[    0.359582] pci 0000:00:0a.0: BAR 0 [mem 0xd0848000-0xd084ffff]
[    0.361299] pci 0000:00:0a.0: PME# supported from D0 D3hot D3cold
[    0.362550] pci 0000:00:0b.0: [1af4:1043] type 00 class 0x078000 conventional PCI endpoint
[    0.363592] pci 0000:00:0b.0: BAR 0 [mem 0xd0850000-0xd0857fff]
[    0.365171] pci 0000:00:0b.0: PME# supported from D0 D3hot D3cold
[    0.366356] pci 0000:00:0c.0: [1af4:1043] type 00 class 0x078000 conventional PCI endpoint
[    0.367416] pci 0000:00:0c.0: BAR 0 [mem 0xd0858000-0xd085ffff]
[    0.368994] pci 0000:00:0c.0: PME# supported from D0 D3hot D3cold
[    0.370154] pci 0000:00:0d.0: [1af4:1043] type 00 class 0x078000 conventional PCI endpoint
[    0.371217] pci 0000:00:0d.0: BAR 0 [mem 0xd0860000-0xd0867fff]
[    0.372794] pci 0000:00:0d.0: PME# supported from D0 D3hot D3cold
[    0.373968] pci 0000:00:0e.0: [1af4:1043] type 00 class 0x078000 conventional PCI endpoint
[    0.375045] pci 0000:00:0e.0: BAR 0 [mem 0xd0868000-0xd086ffff]
[    0.376599] pci 0000:00:0e.0: PME# supported from D0 D3hot D3cold
[    0.377784] pci 0000:00:0f.0: [1af4:1043] type 00 class 0x078000 conventional PCI endpoint
[    0.378929] pci 0000:00:0f.0: BAR 0 [mem 0xd0870000-0xd0877fff]
[    0.380493] pci 0000:00:0f.0: PME# supported from D0 D3hot D3cold
[    0.381757] pci 0000:00:10.0: [1af4:1043] type 00 class 0x078000 conventional PCI endpoint
[    0.382877] pci 0000:00:10.0: BAR 0 [mem 0xd0878000-0xd087ffff]
[    0.384555] pci 0000:00:10.0: PME# supported from D0 D3hot D3cold
[    0.385877] pci 0000:00:11.0: [1af4:1043] type 00 class 0x078000 conventional PCI endpoint
[    0.386988] pci 0000:00:11.0: BAR 0 [mem 0xd0880000-0xd0887fff]
[    0.388627] pci 0000:00:11.0: PME# supported from D0 D3hot D3cold
[    0.389953] pci 0000:00:12.0: [1af4:1043] type 00 class 0x078000 conventional PCI endpoint
[    0.391193] pci 0000:00:12.0: BAR 0 [mem 0xd0888000-0xd088ffff]
[    0.392790] pci 0000:00:12.0: PME# supported from D0 D3hot D3cold
[    0.394016] pci 0000:00:13.0: [1af4:1043] type 00 class 0x078000 conventional PCI endpoint
[    0.395069] pci 0000:00:13.0: BAR 0 [mem 0xd0890000-0xd0897fff]
[    0.396618] pci 0000:00:13.0: PME# supported from D0 D3hot D3cold
[    0.397787] pci 0000:00:14.0: [1af4:1043] type 00 class 0x078000 conventional PCI endpoint
[    0.398826] pci 0000:00:14.0: BAR 0 [mem 0xd0898000-0xd089ffff]
[    0.400372] pci 0000:00:14.0: PME# supported from D0 D3hot D3cold
[    0.400922] pci 0000:00:15.0: [1af4:1043] type 00 class 0x078000 conventional PCI endpoint
[    0.401965] pci 0000:00:15.0: BAR 0 [mem 0xd08a0000-0xd08a7fff]
[    0.403515] pci 0000:00:15.0: PME# supported from D0 D3hot D3cold
[    0.404680] pci 0000:00:16.0: [1af4:1043] type 00 class 0x078000 conventional PCI endpoint
[    0.405731] pci 0000:00:16.0: BAR 0 [mem 0xd08a8000-0xd08affff]
[    0.407274] pci 0000:00:16.0: PME# supported from D0 D3hot D3cold
[    0.408447] pci 0000:00:17.0: [1af4:1042] type 00 class 0x018000 conventional PCI endpoint
[    0.412582] pci 0000:00:17.0: BAR 0 [mem 0xd08b0000-0xd08b7fff]
[    0.414124] pci 0000:00:17.0: PME# supported from D0 D3hot D3cold
[    0.415274] pci 0000:00:18.0: [1af4:1042] type 00 class 0x018000 conventional PCI endpoint
[    0.416312] pci 0000:00:18.0: BAR 0 [mem 0xd08b8000-0xd08bffff]
[    0.417349] pci 0000:00:18.0: PME# supported from D0 D3hot D3cold
[    0.418505] pci 0000:00:19.0: [1af4:1042] type 00 class 0x018000 conventional PCI endpoint
[    0.419556] pci 0000:00:19.0: BAR 0 [mem 0xd08c0000-0xd08c7fff]
[    0.421093] pci 0000:00:19.0: PME# supported from D0 D3hot D3cold
[    0.422251] pci 0000:00:1a.0: [1af4:105b] type 00 class 0x010800 conventional PCI endpoint
[    0.423311] pci 0000:00:1a.0: BAR 0 [mem 0xd08c8000-0xd08cffff]
[    0.424847] pci 0000:00:1a.0: PME# supported from D0 D3hot D3cold
[    0.425993] pci 0000:00:1b.0: [1af4:105b] type 00 class 0x010800 conventional PCI endpoint
[    0.427049] pci 0000:00:1b.0: BAR 0 [mem 0xd08d0000-0xd08d7fff]
[    0.428600] pci 0000:00:1b.0: PME# supported from D0 D3hot D3cold
[    0.429746] pci 0000:00:1c.0: [1af4:1044] type 00 class 0x088000 conventional PCI endpoint
[    0.430796] pci 0000:00:1c.0: BAR 0 [mem 0xd08d8000-0xd08dffff]
[    0.432333] pci 0000:00:1c.0: PME# supported from D0 D3hot D3cold
[    0.432951] pci 0000:00:1d.0: [1af4:1045] type 00 class 0x088000 conventional PCI endpoint
[    0.434092] pci 0000:00:1d.0: BAR 0 [mem 0xd08e0000-0xd08e7fff]
[    0.435662] pci 0000:00:1d.0: PME# supported from D0 D3hot D3cold
[    0.436840] pci 0000:00:1e.0: [1af4:1059] type 00 class 0x040100 conventional PCI endpoint
[    0.437889] pci 0000:00:1e.0: BAR 0 [mem 0xd08f8000-0xd08fffff]
[    0.439455] pci 0000:00:1e.0: PME# supported from D0 D3hot D3cold
[    0.440651] pci 0000:00:1f.0: [1af4:105d] type 00 class 0x0d8000 conventional PCI endpoint
[    0.441701] pci 0000:00:1f.0: BAR 0 [mem 0xd0900000-0xd0907fff]
[    0.443253] pci 0000:00:1f.0: PME# supported from D0 D3hot D3cold
[    0.444429] pci 0000:00:02.2: PCI bridge to [bus 01]
[    0.453839] iommu: Default domain type: Translated
[    0.454391] iommu: DMA domain TLB invalidation policy: lazy mode
[    0.455253] SCSI subsystem initialized
[    0.455693] ACPI: bus type USB registered
[    0.456170] usbcore: registered new interface driver usbfs
[    0.456469] usbcore: registered new interface driver hub
[    0.457100] usbcore: registered new device driver usb
[    0.457715] mc: Linux media interface: v0.10
[    0.458218] videodev: Linux video capture interface: v2.00
[    0.458904] EDAC MC: Ver: 3.0.0
[    0.460609] Advanced Linux Sound Architecture Driver Initialized.
[    0.461196] PCI: Using ACPI for IRQ routing
[    0.479080] vgaarb: loaded
[    0.480583] clocksource: Switched to clocksource kvm-clock
[    0.482059] VFS: Disk quotas dquot_6.6.0
[    0.482535] VFS: Dquot-cache hash table entries: 512 (order 0, 4096 bytes)
[    0.483535] pnp: PnP ACPI init
[    0.484003] system 00:00: [mem 0xf4000000-0xf7ffffff] has been reserved
[    0.484753] pnp: PnP ACPI: found 1 devices
[    0.485417] NET: Registered PF_INET protocol family
[    0.486396] IP idents hash table entries: 65536 (order: 7, 524288 bytes, linear)
[    0.503179] tcp_listen_portaddr_hash hash table entries: 2048 (order: 3, 32768 bytes, linear)
[    0.504175] Table-perturb hash table entries: 65536 (order: 6, 262144 bytes, linear)
[    0.505074] TCP established hash table entries: 32768 (order: 6, 262144 bytes, linear)
[    0.506024] TCP bind hash table entries: 32768 (order: 8, 1048576 bytes, linear)
[    0.506922] TCP: Hash tables configured (established 32768 bind 32768)
[    0.507688] UDP hash table entries: 2048 (order: 4, 65536 bytes, linear)
[    0.508447] UDP-Lite hash table entries: 2048 (order: 4, 65536 bytes, linear)
[    0.509316] NET: Registered PF_UNIX/PF_LOCAL protocol family
[    0.509961] NET: Registered PF_XDP protocol family
[    0.510520] pci 0000:00:02.2: bridge window [io  0x1000-0x0fff] to [bus 01] add_size 1000
[    0.511455] pci 0000:00:02.2: bridge window [mem 0x00100000-0x000fffff 64bit pref] to [bus 01] add_size 200000 add_align 100000
[    0.512769] pci 0000:00:02.2: bridge window [mem 0x00100000-0x000fffff] to [bus 01] add_size 200000 add_align 100000
[    0.513986] pci 0000:00:02.2: bridge window [mem 0xd0000000-0xd01fffff]: assigned
[    0.514823] pci 0000:00:02.2: bridge window [mem 0x138200000-0x1383fffff 64bit pref]: assigned
[    0.515812] pci 0000:00:02.2: bridge window [io  size 0x1000]: can't assign; no space
[    0.516691] pci 0000:00:02.2: bridge window [io  size 0x1000]: failed to assign
[    0.517511] pci 0000:00:02.2: bridge window [io  size 0x1000]: can't assign; no space
[    0.518389] pci 0000:00:02.2: bridge window [io  size 0x1000]: failed to assign
[    0.519228] pci 0000:00:02.2: PCI bridge to [bus 01]
[    0.519854] pci 0000:00:02.2:   bridge window [mem 0xd0000000-0xd01fffff]
[    0.520643] pci 0000:00:02.2:   bridge window [mem 0x138200000-0x1383fffff 64bit pref]
[    0.521593] pci_bus 0000:00: resource 4 [mem 0xd0000000-0xf7ffffff window]
[    0.522384] pci_bus 0000:00: resource 5 [mem 0x138200000-0x7fffffffff window]
[    0.523210] pci_bus 0000:01: resource 1 [mem 0xd0000000-0xd01fffff]
[    0.523950] pci_bus 0000:01: resource 2 [mem 0x138200000-0x1383fffff 64bit pref]
[    0.524846] pci 0000:00:00.0: Limiting direct PCI/PCI transfers
[    0.525952] PCI: CLS 32 bytes, default 64
[    0.526546] Trying to unpack rootfs image as initramfs...
[    0.527702] PCI-DMA: Using software bounce buffering for IO (SWIOTLB)
[    0.528475] software IO TLB: mapped [mem 0x00000000cad6a000-0x00000000ced6a000] (64MB)
[    0.529948] RAPL PMU: API unit is 2^-32 Joules, 0 fixed counters, 10737418240 ms ovfl timer
[    0.538852] kvm_amd: CPU 1 isn't AMD or Hygon
[    0.539387] clocksource: tsc: mask: 0xffffffffffffffff max_cycles: 0x29dc03c1beb, max_idle_ns: 440795205215 ns
[    0.540622] clocksource: Switched to clocksource tsc
[    0.541264] platform rtc_cmos: registered platform RTC device (no PNP device found)
[    0.579303] Initialise system trusted keyrings
[    0.580251] workingset: timestamp_bits=46 max_order=20 bucket_order=0
[    0.581403] fuse: init (API version 7.41)
[    0.595328] Key type asymmetric registered
[    0.595927] Asymmetric key parser 'x509' registered
[    0.596579] Block layer SCSI generic (bsg) driver version 0.4 loaded (major 240)
[    0.597521] io scheduler mq-deadline registered
[    0.598127] io scheduler kyber registered
[    0.598633] io scheduler bfq registered
[    0.600354] pcieport 0000:00:02.2: PME: Signaling with IRQ 24
[    0.601136] pcieport 0000:00:02.2: pciehp: Slot #0 AttnBtn+ PwrCtrl- MRL- AttnInd+ PwrInd+ HotPlug+ Surprise+ Interlock- NoCompl- IbPresDis- LLActRep- (with Cmd Compl erratum)
[    0.603966] input: Power Button as /devices/LNXSYSTM:00/LNXPWRBN:00/input/input0
[    0.607744] ACPI: button: Power Button [PWRF]
[    0.608380] input: Sleep Button as /devices/LNXSYSTM:00/LNXSLPBN:00/input/input1
[    0.609415] ACPI: button: Sleep Button [SLPF]
[    0.610097] Serial: 8250/16550 driver, 1 ports, IRQ sharing disabled
[    0.611110] serial8250: ttyS0 at I/O 0x3f8 (irq = 4, base_baud = 115200) is a 16550A
[    0.612366] printk: legacy console [ttynull0] enabled
[    0.613079] ACPI: bus type drm_connector registered
[    0.618050] brd: module loaded
[    0.621820] loop: module loaded
[    0.622950] wireguard: WireGuard 1.0.0 loaded. See www.wireguard.com for information.
[    0.623927] wireguard: Copyright (C) 2015-2019 Jason A. Donenfeld <Jason@zx2c4.com>. All Rights Reserved.
[    0.625601] tun: Universal TUN/TAP device driver, 1.6
[    0.626578] usbcore: registered new interface driver uas
[    0.627236] usbcore: registered new interface driver usb-storage
[    0.628145] i8042: PNP: No PS/2 controller found.
[    0.628704] Freeing initrd memory: 21524K
[    0.628886] usbcore: registered new interface driver xpad
[    0.630701] rtc_cmos rtc_cmos: registered as rtc0
[    0.631378] rtc_cmos rtc_cmos: setting system clock to 2026-09-28T22:45:39 UTC (1790635539)
[    0.632519] rtc_cmos rtc_cmos: alarms up to one year, y3k, 114 bytes nvram
[    0.633309] gspca_main: v2.14.0 registered
[    0.633901] usbcore: registered new interface driver uvcvideo
[    0.634589] device-mapper: uevent: version 1.0.3
[    0.635177] device-mapper: ioctl: 4.48.0-ioctl (2023-03-01) initialised: dm-devel@lists.linux.dev
[    0.636502] intel_pstate: CPU model not supported
[    0.637075] sdhci: Secure Digital Host Controller Interface driver
[    0.637897] sdhci: Copyright(c) Pierre Ossman
[    0.638390] sdhci-pltfm: SDHCI platform and OF driver helper
[    0.639100] hid: raw HID events driver (C) Jiri Kosina
[    0.640143] usbcore: registered new interface driver usbhid
[    0.640782] usbhid: USB HID core driver
[    0.641255] ashmem: Using Rust implementation.
[    0.641422] usbcore: registered new interface driver snd-usb-audio
[    0.642828] GACT probability on
[    0.643216] Mirror/redirect action on
[    0.643635] netem: version 1.3
[    0.644027] u32 classifier
[    0.644335]     input device check on
[    0.644753]     Actions configured
[    0.645543] xt_time: kernel timezone is -0000
[    0.646197] ipip: IPv4 and MPLS over IPv4 tunneling driver
[    0.646956] gre: GRE over IPv4 demultiplexor driver
[    0.647580] ip_gre: GRE over IPv4 tunneling driver
[    0.648506] IPv4 over IPsec tunneling driver
[    0.649195] Initializing XFRM netlink socket
[    0.649698] IPsec XFRM device driver
[    0.650176] NET: Registered PF_INET6 protocol family
[    0.651545] Segment Routing with IPv6
[    0.652007] In-situ OAM (IOAM) with IPv6
[    0.652583] mip6: Mobile IPv6
[    0.653185] sit: IPv6, IPv4 and MPLS over IPv4 tunneling driver
[    0.654070] ip6_gre: GRE over IPv6 tunneling driver
[    0.654784] NET: Registered PF_PACKET protocol family
[    0.655371] NET: Registered PF_KEY protocol family
[    0.656092] NET: Registered PF_VSOCK protocol family
[    0.656773] IPI shorthand broadcast: enabled
[    0.657320] AES CTR mode by8 optimization enabled
[    0.660598] sched_clock: Marking stable (652010691, 7639828)->(813123162, -153472643)
[    0.661818] registered taskstats version 1
[    0.662441] Loading compiled-in X.509 certificates
[    0.663707] Loaded X.509 cert 'Build time autogenerated kernel key: 1f903e9cb0b04d1a09ab4a9ce65c9e71dbbb19bc'
[    0.666988] page_owner is disabled
[    0.667426] Key type .fscrypt registered
[    0.667921] Key type fscrypt-provisioning registered
[    0.675571] ALSA device list:
[    0.676000]   No soundcards found.
[    0.677170] Freeing unused kernel image (initmem) memory: 3244K
[    0.677894] Write protecting the kernel read-only data: 40960k
[    0.679037] Freeing unused kernel image (rodata/data gap) memory: 1548K
[    0.679815] Run /init as init process
[    0.681753] init: init first stage started!
[    0.682665] init: Loading module /lib/modules/failover.ko with args ''
[    0.683518] failover: module verification failed: signature and/or required key missing - tainting kernel
[    0.685170] init: Loaded kernel module /lib/modules/failover.ko
[    0.685910] init: Loading module /lib/modules/nd_virtio.ko with args ''
[    0.686986] init: Loaded kernel module /lib/modules/nd_virtio.ko
[    0.687774] init: Loading module /lib/modules/net_failover.ko with args ''
[    0.689031] init: Loaded kernel module /lib/modules/net_failover.ko
[    0.689894] init: Loading module /lib/modules/virtio_dma_buf.ko with args ''
[    0.691053] init: Loaded kernel module /lib/modules/virtio_dma_buf.ko
[    0.691872] init: Loading module /lib/modules/virtio-gpu.ko with args ''
[    0.694377] init: Loaded kernel module /lib/modules/virtio-gpu.ko
[    0.695157] init: Loading module /lib/modules/virtio_input.ko with args ''
[    0.696831] init: Loaded kernel module /lib/modules/virtio_input.ko
[    0.697666] init: Loading module /lib/modules/virtio_net.ko with args ''
[    0.700830] init: Loaded kernel module /lib/modules/virtio_net.ko
[    0.701843] init: Loading module /lib/modules/virtio-rng.ko with args ''
[    0.705320] init: Loaded kernel module /lib/modules/virtio-rng.ko
[    0.706351] init: Loading module /lib/modules/libarc4.ko with args ''
[    0.708787] init: Loaded kernel module /lib/modules/libarc4.ko
[    0.709684] init: Loading module /lib/modules/rfkill.ko with args ''
[    0.712188] init: Loaded kernel module /lib/modules/rfkill.ko
[    0.712974] init: Loading module /lib/modules/cfg80211.ko with args ''
[    0.728590] cfg80211: Loading compiled-in X.509 certificates for regulatory database
[    0.729694] Loaded X.509 cert 'sforshee: 00b28ddf47aef9cea7'
[    0.730462] Loaded X.509 cert 'wens: 61c038651aabdcf94bd0ac7ff06c7248db18c600'
[    0.731433] platform regulatory.0: Direct firmware load for regulatory.db failed with error -2
[    0.732458] cfg80211: failed to load regulatory.db
[    0.733150] init: Loaded kernel module /lib/modules/cfg80211.ko
[    0.734049] init: Loading module /lib/modules/mac80211.ko with args ''
[    0.745520] init: Loaded kernel module /lib/modules/mac80211.ko
[    0.746473] init: Loading module /lib/modules/mac80211_hwsim.ko with args 'radios=0'
[    0.748798] mac80211_hwsim: initializing netlink
[    0.749805] init: Loaded kernel module /lib/modules/mac80211_hwsim.ko
[    0.750797] init: Loading module /lib/modules/virtio_blk.ko with args ''
[    0.753040] init: Loaded kernel module /lib/modules/virtio_blk.ko
[    0.753823] init: Loading module /lib/modules/virtio_console.ko with args ''
[    0.755926] init: Loaded kernel module /lib/modules/virtio_console.ko
[    0.756731] init: Loading module /lib/modules/virtio_pci_modern_dev.ko with args ''
[    0.758305] init: Loaded kernel module /lib/modules/virtio_pci_modern_dev.ko
[    0.759410] init: Loading module /lib/modules/virtio_pci_legacy_dev.ko with args ''
[    0.761180] init: Loaded kernel module /lib/modules/virtio_pci_legacy_dev.ko
[    0.762319] init: Loading module /lib/modules/virtio_pci.ko with args ''
[    0.776306] input: Cuttlefish Vhost User Multitouch Touchscreen 0 as /devices/pci0000:00/0000:00:01.3/virtio3/input/input2
[    0.781431] input: Cuttlefish Vhost User Rotary 0 as /devices/pci0000:00/0000:00:01.4/virtio4/input/input3
[    0.786698] input: Cuttlefish Vhost User Keyboard 0 as /devices/pci0000:00/0000:00:01.5/virtio5/input/input4
[    0.791531] input: Cuttlefish Vhost User Switches 0 as /devices/pci0000:00/0000:00:01.6/virtio6/input/input5
[    0.794286] [drm] pci: virtio-gpu-pci detected at 0000:00:02.0
[    0.795327] [drm] Host memory window: 0x400000000 +0x200000000
[    0.796023] [drm] features: -virgl +edid +resource_blob +host_visible
[    0.796024] [drm] features: -context_init
[    0.798313] [drm] number of scanouts: 16
[    0.798781] [drm] number of cap sets: 0
[    0.803170] [drm] Initialized virtio_gpu 0.1.0 for 0000:00:02.0 on minor 0
[    0.807557] printk: legacy console [hvc0] enabled
[    0.808138] printk: legacy bootconsole [uart8250] disabled
[    0.866405] virtio_blk virtio29: 4/0/0 default/read/poll queues
[    0.868663] virtio_blk virtio29: [vda] 34245760 512-byte logical blocks (17.5 GB/16.3 GiB)
[    0.869637]  vda: vda1 vda2 vda3 vda4 vda5 vda6 vda7 vda8 vda9 vda10 vda11 vda12 vda13 vda14 vda15 vda16 vda17 vda18
[    0.870770] virtio_blk virtio30: 4/0/0 default/read/poll queues
[    0.872961] virtio_blk virtio30: [vdb] 2560 512-byte logical blocks (1.31 MB/1.25 MiB)
[    0.873622]  vdb: vdb1 vdb2 vdb3 vdb4
[    0.874578] virtio_blk virtio31: 4/0/0 default/read/poll queues
[    0.877137] virtio_blk virtio31: [vdc] 4194304 512-byte logical blocks (2.15 GB/2.00 GiB)
[    0.877660]  vdc: vdc1
[    1.006601] init: Loaded kernel module /lib/modules/virtio_pci.ko
[    1.006690] init: Loading module /lib/modules/vmw_vsock_virtio_transport.ko with args ''
[    1.010714] init: Loaded kernel module /lib/modules/vmw_vsock_virtio_transport.ko
[    1.010799] init: Loaded 19 modules from /lib/modules
[    1.010846] init: Loaded 19 kernel modules took 328 ms
[    1.011032] init: Copied ramdisk prop to /second_stage_resources/system/etc/ramdisk/build.prop
[    1.011100] init: Using generic ramdisk copy of snapuserd /system/bin/snapuserd_ramdisk
[    1.011155] init: hard linking /system/bin/snapuserd_ramdisk to /first_stage_ramdisk/system/bin/snapuserd succeeded
[    1.011347] init: Switching root to '/first_stage_ramdisk'
[    1.011467] init: [libfstab] Using Android DT directory /proc/device-tree/firmware/android/
[    1.014811] init: [libfs_mgr] Invalid ext4 superblock on '/dev/block/by-name/metadata'
[    1.014941] init: [libfs_mgr] Invalid ext4 superblock on '/dev/block/by-name/metadata'
[    1.016982] init: [libfs_mgr] Created logical partition product_a on device /dev/block/dm-0
[    1.017030] init: [libfs_mgr] Skipping zero-length logical partition: product_b
[    1.017315] init: [libfs_mgr] Created logical partition system_a on device /dev/block/dm-1
[    1.017531] init: [libfs_mgr] Created logical partition system_b on device /dev/block/dm-2
[    1.017742] init: [libfs_mgr] Created logical partition system_ext_a on device /dev/block/dm-3
[    1.017792] init: [libfs_mgr] Skipping zero-length logical partition: system_ext_b
[    1.018034] init: [libfs_mgr] Created logical partition system_dlkm_a on device /dev/block/dm-4
[    1.018082] init: [libfs_mgr] Skipping zero-length logical partition: system_dlkm_b
[    1.018343] init: [libfs_mgr] Created logical partition odm_a on device /dev/block/dm-5
[    1.018384] init: [libfs_mgr] Skipping zero-length logical partition: odm_b
[    1.018598] init: [libfs_mgr] Created logical partition vendor_a on device /dev/block/dm-6
[    1.018640] init: [libfs_mgr] Skipping zero-length logical partition: vendor_b
[    1.018879] init: [libfs_mgr] Created logical partition vendor_dlkm_a on device /dev/block/dm-7
[    1.018926] init: [libfs_mgr] Skipping zero-length logical partition: vendor_dlkm_b
[    1.019253] init: [libfs_mgr] Created logical partition odm_dlkm_a on device /dev/block/dm-8
[    1.019303] init: [libfs_mgr] Skipping zero-length logical partition: odm_dlkm_b
[    1.019349] init: DSU not detected, proceeding with normal boot
[    1.023296] init: [libfs_avb] Returning avb_handle with status: Success
[    1.023733] init: [libfs_avb] : Error verifying vbmeta image: OK_NOT_SIGNED
[    1.023819] init: [libfs_avb] public key data shouldn't be empty for /system
[    1.023857] init: [libfs_avb] Found unknown public key used to sign /system
[    1.023910] init: [libfs_avb] Returning avb_handle for '/system' with status: VerificationError
[    1.024006] init: [libfs_avb] Built verity table: '1 /dev/block/dm-1 /dev/block/dm-1 4096 4096 228788 228788 sha256 3964dc37e5aeec4346ff7bda8d542ca5a582ed196de357b3c6d911da5933a21d 209d156d8b7216d8224676a424f22672683de224424387e0f24080f0230d2ea9 10 use_fec_from_device /dev/block/dm-1 fec_roots 2 fec_blocks 230591 fec_start 230591 restart_on_corruption ignore_zero_blocks'
[    1.024339] device-mapper: verity: sha256 using shash "sha256-avx2"
[    1.027593] erofs: (device dm-9): initialized per-cpu workers successfully.
[    1.027687] erofs: (device dm-9): mounted with root inode @ nid 55.
[    1.027764] init: [libfs_mgr] __mount(source=/dev/block/dm-9,target=/system,type=erofs)=0: Success
[    1.027975] init: Switching root to '/system'
[    1.028611] init: [libfs_avb] Built verity table: '1 /dev/block/dm-5 /dev/block/dm-5 4096 4096 105 105 sha256 22ead761863d206415014fb679cbb484cb32dd0a6a1f3874e12841d49ff614bf 209d156d8b7216d8224676a424f22672683de224424387e0f24080f0230d2ea9 10 use_fec_from_device /dev/block/dm-5 fec_roots 2 fec_blocks 106 fec_start 106 restart_on_corruption ignore_zero_blocks'
[    1.028854] device-mapper: verity: sha256 using shash "sha256-avx2"
[    1.030097] erofs: (device dm-10): mounted with root inode @ nid 38.
[    1.030146] init: [libfs_mgr] __mount(source=/dev/block/dm-10,target=/odm,type=erofs)=0: Success
[    1.030328] init: [libfs_avb] Built verity table: '1 /dev/block/dm-0 /dev/block/dm-0 4096 4096 69962 69962 sha256 897b3e7b347475a2e3013f8c3650f0923996346d13476579772e8973313cb950 209d156d8b7216d8224676a424f22672683de224424387e0f24080f0230d2ea9 10 use_fec_from_device /dev/block/dm-0 fec_roots 2 fec_blocks 70515 fec_start 70515 restart_on_corruption ignore_zero_blocks'
[    1.030620] device-mapper: verity: sha256 using shash "sha256-avx2"
[    1.032932] erofs: (device dm-11): mounted with root inode @ nid 40.
[    1.032995] init: [libfs_mgr] __mount(source=/dev/block/dm-11,target=/product,type=erofs)=0: Success
[    1.033204] init: [libfs_avb] Built verity table: '1 /dev/block/dm-3 /dev/block/dm-3 4096 4096 63748 63748 blake2b-256 06590b84ce6949d804bf7b17fb7af02cd5a377cbc2561f426ceed114bf1afedf 209d156d8b7216d8224676a424f22672683de224424387e0f24080f0230d2ea9 10 use_fec_from_device /dev/block/dm-3 fec_roots 2 fec_blocks 64252 fec_start 64252 restart_on_corruption ignore_zero_blocks'
[    1.033557] device-mapper: verity: blake2b-256 using shash "blake2b-256-generic"
[    1.035917] erofs: (device dm-12): mounted with root inode @ nid 39.
[    1.035992] init: [libfs_mgr] __mount(source=/dev/block/dm-12,target=/system_ext,type=erofs)=0: Success
[    1.036182] init: [libfs_avb] Built verity table: '1 /dev/block/dm-6 /dev/block/dm-6 4096 4096 68954 68954 sha256 b8cb9c96c14326646bbae0cd284b03b9aa6b7089b4eef65662ff8958339c5374 209d156d8b7216d8224676a424f22672683de224424387e0f24080f0230d2ea9 10 use_fec_from_device /dev/block/dm-6 fec_roots 2 fec_blocks 69499 fec_start 69499 restart_on_corruption ignore_zero_blocks'
[    1.036558] device-mapper: verity: sha256 using shash "sha256-avx2"
[    1.039040] erofs: (device dm-13): mounted with root inode @ nid 48.
[    1.039119] init: [libfs_mgr] __mount(source=/dev/block/dm-13,target=/vendor,type=erofs)=0: Success
[    1.039340] init: [libfs_avb] Built verity table: '1 /dev/block/dm-7 /dev/block/dm-7 4096 4096 327 327 sha256 b1aa90a22613d7309d6c705c2e408dc041d3600a13605901f06dd9f4af9feb44 209d156d8b7216d8224676a424f22672683de224424387e0f24080f0230d2ea9 10 use_fec_from_device /dev/block/dm-7 fec_roots 2 fec_blocks 331 fec_start 331 restart_on_corruption ignore_zero_blocks'
[    1.039632] device-mapper: verity: sha256 using shash "sha256-avx2"
[    1.041100] erofs: (device dm-14): mounted with root inode @ nid 39.
[    1.041198] init: [libfs_mgr] __mount(source=/dev/block/dm-14,target=/vendor_dlkm,type=erofs)=0: Success
[    1.041526] init: [libfs_avb] Built verity table: '1 /dev/block/dm-8 /dev/block/dm-8 4096 4096 2 2 sha256 a49fbd1068ae07071e7744afc6d3e26fa016d08276454dab118adc0a160b2f4e 209d156d8b7216d8224676a424f22672683de224424387e0f24080f0230d2ea9 10 use_fec_from_device /dev/block/dm-8 fec_roots 2 fec_blocks 3 fec_start 3 restart_on_corruption ignore_zero_blocks'
[    1.041926] device-mapper: verity: sha256 using shash "sha256-avx2"
[    1.043842] erofs: (device dm-15): mounted with root inode @ nid 38.
[    1.043906] init: [libfs_mgr] __mount(source=/dev/block/dm-15,target=/odm_dlkm,type=erofs)=0: Success
[    1.044650] init: [libfs_avb] : Error verifying vbmeta image: OK_NOT_SIGNED
[    1.044758] init: [libfs_avb] public key data shouldn't be empty for /system_dlkm
[    1.044801] init: [libfs_avb] Found unknown public key used to sign /system_dlkm
[    1.044842] init: [libfs_avb] Returning avb_handle for '/system_dlkm' with status: VerificationError
[    1.044904] init: Image rollback detected for /system_dlkm, SPL switches from '' to ''
[    1.044969] init: Allowing rollbacked standalone image when the device is unlocked
[    1.045039] init: [libfs_avb] Built verity table: '1 /dev/block/dm-4 /dev/block/dm-4 4096 4096 1983 1983 sha256 ed6a673b87b6155268543e7c700ce452e8b83e457b4eb09e9683a61b084a6c3d 209d156d8b7216d8224676a424f22672683de224424387e0f24080f0230d2ea9 10 use_fec_from_device /dev/block/dm-4 fec_roots 2 fec_blocks 2000 fec_start 2000 restart_on_corruption ignore_zero_blocks'
[    1.045359] device-mapper: verity: sha256 using shash "sha256-avx2"
[    1.047113] erofs: (device dm-16): mounted with root inode @ nid 38.
[    1.047182] init: [libfs_mgr] __mount(source=/dev/block/dm-16,target=/system_dlkm,type=erofs)=0: Success
[    1.054607] init: Skipped setting INIT_AVB_VERSION (not in recovery mode)
[    1.177721] init: [libfstab] Using Android DT directory /proc/device-tree/firmware/android/
[    1.187542] init: Opening SELinux policy
[    1.199554] init: Loading SELinux policy
[    1.213904] SELinux:  policy capability network_peer_controls=1
[    1.214148] SELinux:  policy capability open_perms=1
[    1.214277] SELinux:  policy capability extended_socket_class=1
[    1.214398] SELinux:  policy capability always_check_network=0
[    1.214525] SELinux:  policy capability cgroup_seclabel=0
[    1.214660] SELinux:  policy capability nnp_nosuid_transition=1
[    1.214762] SELinux:  policy capability genfs_seclabel_symlinks=0
[    1.214862] SELinux:  policy capability ioctl_skip_cloexec=0
[    1.214968] SELinux:  policy capability userspace_initial_context=0
[    1.215086] SELinux: policy capability memfd_class=1
[    1.215154] SELinux: policy capability genfs_seclabel_wildcard=0
[    1.215303] SELinux:  unknown policy capability 9
[    1.215427] SELinux:  unknown policy capability 12
[    1.220000] audit: type=1403 audit(1790635540.067:2): auid=4294967295 ses=4294967295 lsm=selinux res=1
[    1.220108] audit: type=1300 audit(1790635540.067:2): arch=c000003e syscall=1 success=yes exit=911737 a0=4 a1=7f095c848680 a2=de979 a3=0 items=0 ppid=0 pid=1 auid=4294967295 uid=0 gid=0 euid=0 suid=0 fsuid=0 egid=0 sgid=0 fsgid=0 tty=(none) ses=4294967295 comm="init" exe="/system/bin/init" subj=u:r:kernel:s0 key=(null)
[    1.220258] audit: type=1327 audit(1790635540.067:2): proctitle=2F73797374656D2F62696E2F696E69740073656C696E75785F7365747570
[    1.220290] audit: type=1404 audit(1790635540.087:3): enforcing=1 old_enforcing=0 auid=4294967295 ses=4294967295 enabled=1 old-enabled=1 lsm=selinux res=1
[    1.220389] audit: type=1300 audit(1790635540.087:3): arch=c000003e syscall=1 success=yes exit=1 a0=4 a1=7ffd9d666e80 a2=1 a3=0 items=0 ppid=0 pid=1 auid=4294967295 uid=0 gid=0 euid=0 suid=0 fsuid=0 egid=0 sgid=0 fsgid=0 tty=(none) ses=4294967295 comm="init" exe="/system/bin/init" subj=u:r:kernel:s0 key=(null)
[    1.220543] audit: type=1327 audit(1790635540.087:3): proctitle=2F73797374656D2F62696E2F696E69740073656C696E75785F7365747570
[    1.224723] selinux: SELinux: Loaded file context from:
[    1.224771] selinux: 		/system/etc/selinux/plat_file_contexts
[    1.224799] selinux: 		/system_ext/etc/selinux/system_ext_file_contexts
[    1.224829] selinux: 		/product/etc/selinux/product_file_contexts
[    1.224859] selinux: 		/vendor/etc/selinux/vendor_file_contexts
[    1.224898] selinux: 		/odm/etc/selinux/odm_file_contexts
[    1.238106] init: init second stage started!
[    1.245563] selinux: SELinux: Loaded file context from:
[    1.245628] selinux: 		/system/etc/selinux/plat_file_contexts
[    1.245660] selinux: 		/system_ext/etc/selinux/system_ext_file_contexts
[    1.245694] selinux: 		/product/etc/selinux/product_file_contexts
[    1.245727] selinux: 		/vendor/etc/selinux/vendor_file_contexts
[    1.245759] selinux: 		/odm/etc/selinux/odm_file_contexts
[    1.268528] init: [libfstab] Using Android DT directory /proc/device-tree/firmware/android/
[    1.272240] init: Overriding previous property 'ro.build.display.id':'generic_system-userdebug 17 CP2A.260605.016 16373615 test-keys' with new value 'aosp_cf_x86_64_only_phone-userdebug 17 CP2A.260605.016 16373615 test-keys'
[    1.272398] init: Overriding previous property 'ro.build.flavor':'generic_system-userdebug' with new value 'aosp_cf_x86_64_only_phone-userdebug'
[    1.272471] init: Overriding previous property 'ro.build.description':'generic_system-userdebug 17 CP2A.260605.016 16373615 test-keys' with new value 'aosp_cf_x86_64_only_phone-userdebug 17 CP2A.260605.016 16373615 test-keys'
[    1.272682] init: Overriding previous property 'ro.config.notification_sound':'OnTheHunt.ogg' with new value 'pixiedust.ogg'
[    1.272764] init: Overriding previous property 'ro.com.android.dataroaming':'false' with new value 'true'
[    1.273701] init: Setting product property ro.product.brand to 'generic' (from ro.product.product.brand)
[    1.273775] init: Setting product property ro.product.device to 'vsoc_x86_64_only' (from ro.product.product.device)
[    1.273838] init: Setting product property ro.product.manufacturer to 'Google' (from ro.product.product.manufacturer)
[    1.273919] init: Setting product property ro.product.model to 'Cuttlefish x86_64 phone 64-bit only' (from ro.product.product.model)
[    1.274001] init: Setting product property ro.product.name to 'aosp_cf_x86_64_only_phone' (from ro.product.product.name)
[    1.274100] init: Setting property 'ro.build.fingerprint' to 'generic/aosp_cf_x86_64_only_phone/vsoc_x86_64_only:17/CP2A.260605.016/16373615:userdebug/test-keys'
[    1.274207] init: Setting property 'ro.product.cpu.abilist' to 'x86_64,arm64-v8a'
[    1.274263] init: Setting property 'ro.product.cpu.abilist32' to ''
[    1.274313] init: Setting property 'ro.product.cpu.abilist64' to 'x86_64,arm64-v8a'
[    1.274926] init: Running restorecon...
[    1.282082] init: Created socket '/dev/socket/property_service_for_system', mode 660, user 0, group 1000
[    1.282384] init: Created socket '/dev/socket/property_service', mode 666, user 0, group 0
[    1.283172] init: [libfs_mgr] vendor overlay: vndk version not defined
[    1.284753] init: SetupMountNamespaces done
[    1.287203] init: Forked subcontext for 'u:r:vendor_init:s0' with pid 128
[    1.288129] init: Parsing file /system/etc/init/hw/init.rc...
[    1.289168] init: Added '/init.environ.rc' to import list
[    1.289230] init: Added '/system/etc/init/hw/init.usb.rc' to import list
[    1.289290] init: Added '/init.cutf_cvm.rc' to import list
[    1.289352] init: Added '/vendor/etc/init/hw/init.cutf_cvm.rc' to import list
[    1.289397] init: Added '/system/etc/init/hw/init.usb.configfs.rc' to import list
[    1.289438] init: Added '/system/etc/init/hw/init.zygote64.rc' to import list
[    1.290092] init: Added '/system/etc/init/hw/init.boringssl.zygote64.rc' to import list
[    1.290878] init: Added '/system/etc/init/init-perfetto.rc' to import list
[    1.294381] init: Parsing file /init.environ.rc...
[    1.294847] init: Parsing file /system/etc/init/hw/init.usb.rc...
[    1.295097] init: Parsing file /init.cutf_cvm.rc...
[    1.295138] init: Unable to read config file '/init.cutf_cvm.rc': open() failed: No such file or directory
[    1.295439] init: Parsing file /vendor/etc/init/hw/init.cutf_cvm.rc...
[    1.295500] init: Unable to read config file '/vendor/etc/init/hw/init.cutf_cvm.rc': open() failed: No such file or directory
[    1.295756] init: Parsing file /system/etc/init/hw/init.usb.configfs.rc...
[    1.296307] init: Parsing file /system/etc/init/hw/init.zygote64.rc...
[    1.296428] init: Parsing file /system/etc/init/hw/init.boringssl.zygote64.rc...
[    1.296493] init: Parsing file /system/etc/init/init-perfetto.rc...
[    1.296574] init: Parsing directory /system/etc/init...
[    1.296646] init: Parsing file /system/etc/init/aconfigd.rc...
[    1.296961] init: Parsing file /system/etc/init/aisealhostservice.rc...
[    1.297251] init: Parsing file /system/etc/init/android.system.suspend-service.rc...
[    1.297552] init: Parsing file /system/etc/init/aoad.rc...
[    1.297616] init: Parsing file /system/etc/init/apexd.rc...
[    1.299611] init: Parsing file /system/etc/init/atrace.rc...
[    1.300723] init: Parsing file /system/etc/init/atrace_userdebug.rc...
[    1.300822] init: Parsing file /system/etc/init/audioserver.rc...
[    1.301194] init: Parsing file /system/etc/init/blank_screen.rc...
[    1.301264] init: Parsing file /system/etc/init/bootanim.rc...
[    1.301334] init: Parsing file /system/etc/init/bootstat-debug.rc...
[    1.301388] init: Parsing file /system/etc/init/bootstat.rc...
[    1.301606] init: Parsing file /system/etc/init/cameraserver.rc...
[    1.301694] init: Parsing file /system/etc/init/casefolding_remover.rc...
[    1.301827] init: Parsing file /system/etc/init/clean_scratch_files.rc...
[    1.301902] init: Parsing file /system/etc/init/cppreopts.rc...
[    1.302061] init: Parsing file /system/etc/init/credstore.rc...
[    1.302177] init: Parsing file /system/etc/init/dmesgd.rc...
[    1.302281] init: Parsing file /system/etc/init/drmserver.rc...
[    1.302363] init: Parsing file /system/etc/init/dumpstate.rc...
[    1.302460] init: Parsing file /system/etc/init/flags_health_check.rc...
[    1.302635] init: Parsing file /system/etc/init/gatekeeperd.rc...
[    1.302721] init: Parsing file /system/etc/init/gpuservice.rc...
[    1.302787] init: Parsing file /system/etc/init/gsid.rc...
[    1.302879] init: Parsing file /system/etc/init/heapprofd.rc...
[    1.302971] init: Parsing file /system/etc/init/hidservice.rc...
[    1.303032] init: Parsing file /system/etc/init/idmap2d.rc...
[    1.303085] init: Parsing file /system/etc/init/incidentd.rc...
[    1.303141] init: Parsing file /system/etc/init/init-debug.rc...
[    1.303207] init: Parsing file /system/etc/init/init-perfetto.rc...
[    1.303277] init: Parsing file /system/etc/init/installd.rc...
[    1.303731] init: Parsing file /system/etc/init/kcmdlinectrl.rc...
[    1.304002] init: Parsing file /system/etc/init/kcmdlinemodprobe.rc...
[    1.304056] init: Parsing file /system/etc/init/keystore2.rc...
[    1.304124] init: Parsing file /system/etc/init/llkd-debuggable.rc...
[    1.304184] init: Parsing file /system/etc/init/llkd.rc...
[    1.304249] init: Parsing file /system/etc/init/lmkd.rc...
[    1.304522] init: Parsing file /system/etc/init/logcatd.rc...
[    1.304626] init: Parsing file /system/etc/init/logd.rc...
[    1.304716] init: Parsing file /system/etc/init/logtagd.rc...
[    1.304776] init: Parsing file /system/etc/init/lpdumpd.rc...
[    1.305031] init: Parsing file /system/etc/init/mdnsd.rc...
[    1.305091] init: Parsing file /system/etc/init/media.codeclist.generator.rc...
[    1.305154] init: Parsing file /system/etc/init/mediaextractor.rc...
[    1.305202] init: Parsing file /system/etc/init/mediametrics.rc...
[    1.305251] init: Parsing file /system/etc/init/mediaserver.rc...
[    1.305320] init: Parsing file /system/etc/init/misctrl.rc...
[    1.305391] init: Parsing file /system/etc/init/mmd.rc...
[    1.305472] init: Parsing file /system/etc/init/mtectrl.rc...
[    1.305757] init: Parsing file /system/etc/init/netbpfload.rc...
[    1.305837] init: Parsing file /system/etc/init/netd.rc...
[    1.306005] init: Parsing file /system/etc/init/odsign.rc...
[    1.306483] init: Parsing file /system/etc/init/perfetto.rc...
[    1.306736] init: Parsing file /system/etc/init/pmgd.rc...
[    1.306814] init: Parsing file /system/etc/init/prefetch.rc...
[    1.306902] init: Parsing file /system/etc/init/prng_seeder.rc...
[    1.306961] init: Parsing file /system/etc/init/profcollectd.rc...
[    1.307037] init: Parsing file /system/etc/init/recovery-persist.rc...
[    1.307086] init: Parsing file /system/etc/init/recovery-refresh.rc...
[    1.307133] init: Parsing file /system/etc/init/rss_hwm_reset.rc...
[    1.307192] init: Parsing file /system/etc/init/servicemanager.rc...
[    1.307286] init: Parsing file /system/etc/init/simpleperf.rc...
[    1.307345] init: Parsing file /system/etc/init/snapuserd.rc...
[    1.307411] init: Parsing file /system/etc/init/storaged.rc...
[    1.307463] init: Parsing file /system/etc/init/surfaceflinger.rc...
[    1.307515] init: Parsing file /system/etc/init/tombstoned.rc...
[    1.307785] init: Parsing file /system/etc/init/traced_perf.rc...
[    1.307868] init: Parsing file /system/etc/init/tradeinmode.rc...
[    1.307946] init: Parsing file /system/etc/init/uncrypt.rc...
[    1.308023] init: Parsing file /system/etc/init/update_engine.rc...
[    1.308076] init: Parsing file /system/etc/init/update_verifier.rc...
[    1.308134] init: Parsing file /system/etc/init/usbd.rc...
[    1.308180] init: Parsing file /system/etc/init/virtual_camera.hal.rc...
[    1.308242] init: Parsing file /system/etc/init/vold.rc...
[    1.308292] init: Parsing file /system/etc/init/wifi.rc...
[    1.308452] init: Parsing file /system/etc/init/zygote_next.rc...
[    1.308554] init: Parsing directory /system_ext/etc/init...
[    1.308607] init: Parsing file /system_ext/etc/init/aidl_lazy_cb_test_server.rc...
[    1.308868] init: Parsing file /system_ext/etc/init/aidl_lazy_test_server.rc...
[    1.308945] init: Parsing file /system_ext/etc/init/android.hardware.audio.parameter_parser.example_service.rc...
[    1.309018] init: Parsing file /system_ext/etc/init/android.hidl.allocator@1.0-service.rc...
[    1.309081] init: Parsing file /system_ext/etc/init/hwservicemanager.rc...
[    1.309139] init: Parsing file /system_ext/etc/init/rpmb_dev.system.rc...
[    1.310792] init: Parsing file /system_ext/etc/init/rpmb_dev.test.system.rc...
[    1.310978] init: Parsing file /system_ext/etc/init/set_adb.rc...
[    1.311035] init: Parsing file /system_ext/etc/init/trusty_security_vm_launcher.rc...
[    1.311118] init: Parsing directory /vendor/etc/init...
[    1.311168] init: Parsing file /vendor/etc/init/android.hardware.security.keymint-service.cf_trusty_system_vm.rc...
[    1.311624] init: Parsing file /vendor/etc/init/android.hardware.security.keymint-service.trusty_tee.cpp.rc...
[    1.311723] init: Parsing file /vendor/etc/init/android.hardware.security.keymint-service.trusty_tee.nonsecure.rc...
[    1.312044] init: Parsing file /vendor/etc/init/android.hardware.sensors-service-multihal.rc...
[    1.312146] init: Parsing file /vendor/etc/init/boringssl_self_test.rc...
[    1.312215] init: Added '/vendor/etc/boringssl_self_test.zygote64.rc' to import list
[    1.312504] init: Parsing file /vendor/etc/boringssl_self_test.zygote64.rc...
[    1.312586] init: Parsing file /vendor/etc/init/face-default.rc...
[    1.312643] init: Parsing file /vendor/etc/init/fingerprint-default.rc...
[    1.312723] init: Parsing file /vendor/etc/init/init.cutf_cvm.rc...
[    1.313362] init: Parsing file /vendor/etc/init/init_graphics.vendor.rc...
[    1.313451] init: Parsing file /vendor/etc/init/motioncontext-service-default.rc...
[    1.313550] init: Parsing file /vendor/etc/init/seriallogging.rc...
[    1.313617] init: Parsing file /odm/etc/init...
[    1.313655] init: Unable to read config file '/odm/etc/init': open() failed: No such file or directory
[    1.313927] init: Parsing directory /product/etc/init...
[    1.313970] init: Parsing file /product/etc/init/init.rc...
[    1.314327] init: processing action (SetupCgroups) from (<Builtin Action>:0)
[    1.317489] libprocessgroup: Using system/app isolation under: /sys/fs/cgroup
[    1.323006] init: processing action (early-init) from (/system/etc/init/hw/init.rc:15)
[    1.325126] init: starting service 'ueventd'...
[    1.326246] libprocessgroup: Created cgroup /sys/fs/cgroup/system/uid_0
[    1.326656] libprocessgroup: Created cgroup /sys/fs/cgroup/system/uid_0/pid_129
[    1.330001] libprocessgroup: A JoinCgroup action in the SystemMemoryProcess profile is used for controller memory in the cgroup v2 hierarchy and will be ignored
[    1.330634] init: ... started service 'ueventd' has pid 129
[    1.333347] init: starting service 'init_dev_config'...
[    1.334336] libprocessgroup: Created cgroup /sys/fs/cgroup/system/uid_1000
[    1.334903] libprocessgroup: Created cgroup /sys/fs/cgroup/system/uid_1000/pid_130
[    1.337546] init: ... started service 'init_dev_config' has pid 130
[    1.339041] init: SVC_EXEC service 'init_dev_config' pid 130 (uid 1000 gid 0+0 context u:r:init_dev_config:s0) started; waiting...
[    1.341102] init: Service 'init_dev_config' (pid 130) exited with status 0 waiting took 0.006000 seconds
[    1.341202] init: Sending SIGKILL to service 'init_dev_config' (pid 130) process group...
[    1.341374] libprocessgroup: Removed cgroup /sys/fs/cgroup/system/uid_1000/pid_130
[    1.342268] init: starting service 'apexd-bootstrap'...
[    1.343219] libprocessgroup: Created cgroup /sys/fs/cgroup/system/uid_0/pid_131
[    1.344417] ueventd: ueventd started!
[    1.344853] init: ... started service 'apexd-bootstrap' has pid 131
[    1.344944] init: SVC_EXEC service 'apexd-bootstrap' pid 131 (uid 0 gid 1000+0 context default) started; waiting...
[    1.346328] selinux: SELinux: Loaded file context from:
[    1.346382] selinux: 		/system/etc/selinux/plat_file_contexts
[    1.346409] selinux: 		/system_ext/etc/selinux/system_ext_file_contexts
[    1.346438] selinux: 		/product/etc/selinux/product_file_contexts
[    1.346471] selinux: 		/vendor/etc/selinux/vendor_file_contexts
[    1.346501] selinux: 		/odm/etc/selinux/odm_file_contexts
[    1.346947] ueventd: Parsing file /system/etc/ueventd.rc...
[    1.347022] ueventd: Added '/vendor/etc/ueventd.rc' to import list
[    1.347070] ueventd: Added '/odm/etc/ueventd.rc' to import list
[    1.350047] ueventd: Parsing file /vendor/etc/ueventd.rc...
[    1.350141] ueventd: Parsing file /odm/etc/ueventd.rc...
[    1.350176] ueventd: Unable to read config file '/odm/etc/ueventd.rc': open() failed: No such file or directory
[    1.489596] apexd: Started. subcommand = --bootstrap
[    1.492362] erofs: (device erofs): mounted with root inode @ nid 36.
[    1.493490] apexd: File-backed mount is enabled (detected via test mount)
[    1.494105] apexd-bootstrap: Scanning /system/apex for pre-installed ApexFiles
[    1.494328] apexd-bootstrap: Found pre-installed APEX /system/apex/com.android.adbd.apex
[    1.494381] apexd-bootstrap: Found pre-installed APEX /system/apex/com.android.adservices.apex
[    1.494445] apexd-bootstrap: Found pre-installed APEX /system/apex/com.android.apex.cts.shim.apex
[    1.494510] apexd-bootstrap: Found pre-installed APEX /system/apex/com.android.appsearch.apex
[    1.494578] apexd-bootstrap: Found pre-installed APEX /system/apex/com.android.art.apex
[    1.494633] apexd-bootstrap: Found pre-installed APEX /system/apex/com.android.bt.apex
[    1.494690] apexd-bootstrap: Found pre-installed APEX /system/apex/com.android.cellbroadcast.apex
[    1.494762] apexd-bootstrap: Found pre-installed APEX /system/apex/com.android.configinfrastructure.apex
[    1.494829] apexd-bootstrap: Found pre-installed APEX /system/apex/com.android.conscrypt.apex
[    1.494886] apexd-bootstrap: Found pre-installed APEX /system/apex/com.android.crashrecovery.apex
[    1.494932] apexd-bootstrap: Found pre-installed APEX /system/apex/com.android.devicelock.apex
[    1.494972] apexd-bootstrap: Found pre-installed APEX /system/apex/com.android.extservices.apex
[    1.495024] apexd-bootstrap: Found pre-installed APEX /system/apex/com.android.healthfitness.apex
[    1.495084] apexd-bootstrap: Found pre-installed APEX /system/apex/com.android.i18n.apex
[    1.495132] apexd-bootstrap: Found pre-installed APEX /system/apex/com.android.ipsec.apex
[    1.495201] apexd-bootstrap: Found pre-installed APEX /system/apex/com.android.media.apex
[    1.495254] apexd-bootstrap: Found pre-installed APEX /system/apex/com.android.media.swcodec.apex
[    1.495300] apexd-bootstrap: Found pre-installed APEX /system/apex/com.android.mediaprovider.apex
[    1.495344] apexd-bootstrap: Found pre-installed APEX /system/apex/com.android.neuralnetworks.apex
[    1.495385] apexd-bootstrap: Found pre-installed APEX /system/apex/com.android.nfcservices.apex
[    1.495429] apexd-bootstrap: Found pre-installed APEX /system/apex/com.android.npumanager.apex
[    1.495469] apexd-bootstrap: Found pre-installed APEX /system/apex/com.android.ondevicepersonalization.apex
[    1.495512] apexd-bootstrap: Found pre-installed APEX /system/apex/com.android.os.statsd.apex
[    1.495553] apexd-bootstrap: Found pre-installed APEX /system/apex/com.android.permission.apex
[    1.495597] apexd-bootstrap: Found pre-installed APEX /system/apex/com.android.profiling.apex
[    1.495653] apexd-bootstrap: Found pre-installed APEX /system/apex/com.android.resolv.apex
[    1.495702] apexd-bootstrap: Found pre-installed APEX /system/apex/com.android.rkpd.apex
[    1.495745] apexd-bootstrap: Found pre-installed APEX /system/apex/com.android.runtime.apex
[    1.495783] apexd-bootstrap: Found pre-installed APEX /system/apex/com.android.scheduling.apex
[    1.495822] apexd-bootstrap: Found pre-installed APEX /system/apex/com.android.sdkext.apex
[    1.495855] apexd-bootstrap: Found pre-installed APEX /system/apex/com.android.telephonycore.apex
[    1.495903] apexd-bootstrap: Found pre-installed APEX /system/apex/com.android.tethering.apex
[    1.495946] apexd-bootstrap: Found pre-installed APEX /system/apex/com.android.tzdata.apex
[    1.496023] apexd-bootstrap: Found pre-installed APEX /system/apex/com.android.uprobestats.apex
[    1.496074] apexd-bootstrap: Found pre-installed APEX /system/apex/com.android.uwb.apex
[    1.496110] apexd-bootstrap: Found pre-installed APEX /system/apex/com.android.virt.apex
[    1.496163] apexd-bootstrap: Found pre-installed APEX /system/apex/com.android.webapp.apex
[    1.496216] apexd-bootstrap: Found pre-installed APEX /system/apex/com.android.wifi.apex
[    1.496269] apexd-bootstrap: Scanning /system_ext/apex for pre-installed ApexFiles
[    1.496346] apexd-bootstrap: Found pre-installed APEX /system_ext/apex/com.android.compos.apex
[    1.496398] apexd-bootstrap: Found pre-installed APEX /system_ext/apex/com.android.hardware.biometrics.face.virtual.apex
[    1.496449] apexd-bootstrap: Found pre-installed APEX /system_ext/apex/com.android.hardware.biometrics.fingerprint.virtual.apex
[    1.496510] apexd-bootstrap: Found pre-installed APEX /system_ext/apex/com.android.vndk.v31.apex
[    1.496551] apexd-bootstrap: Found pre-installed APEX /system_ext/apex/com.android.vndk.v32.apex
[    1.496593] apexd-bootstrap: Found pre-installed APEX /system_ext/apex/com.android.vndk.v33.apex
[    1.496636] apexd-bootstrap: Found pre-installed APEX /system_ext/apex/com.android.vndk.v34.apex
[    1.496678] apexd-bootstrap: Scanning /product/apex for pre-installed ApexFiles
[    1.496717] apexd-bootstrap: /product/apex does not exist. Skipping
[    1.496751] apexd-bootstrap: Scanning /vendor/apex for pre-installed ApexFiles
[    1.496837] apexd-bootstrap: Found pre-installed APEX /vendor/apex/com.android.hardware.audio.apex
[    1.496889] apexd-bootstrap: Found pre-installed APEX /vendor/apex/com.android.hardware.authsecret.apex
[    1.496928] apexd-bootstrap: Found pre-installed APEX /vendor/apex/com.android.hardware.boot.apex
[    1.496968] apexd-bootstrap: Found pre-installed APEX /vendor/apex/com.android.hardware.cas.apex
[    1.497013] apexd-bootstrap: Found pre-installed APEX /vendor/apex/com.android.hardware.contexthub.apex
[    1.497051] apexd-bootstrap: Found pre-installed APEX /vendor/apex/com.android.hardware.drm.clearkey.apex
[    1.497097] apexd-bootstrap: Found pre-installed APEX /vendor/apex/com.android.hardware.dumpstate.apex
[    1.497169] apexd-bootstrap: Found pre-installed APEX /vendor/apex/com.android.hardware.gatekeeper.cf_remote.apex
[    1.497233] apexd-bootstrap: Found pre-installed APEX /vendor/apex/com.android.hardware.gatekeeper.nonsecure.apex
[    1.497292] apexd-bootstrap: Found pre-installed APEX /vendor/apex/com.android.hardware.gnss.apex
[    1.497333] apexd-bootstrap: Found pre-installed APEX /vendor/apex/com.android.hardware.graphics.composer.drm_hwcomposer.apex
[    1.497389] apexd-bootstrap: Found pre-installed APEX /vendor/apex/com.android.hardware.graphics.composer.ranchu.apex
[    1.497442] apexd-bootstrap: Found pre-installed APEX /vendor/apex/com.android.hardware.input.processor.apex
[    1.497496] apexd-bootstrap: Found pre-installed APEX /vendor/apex/com.android.hardware.keymint.rust_cf_guest_trusty_nonsecure.apex
[    1.497555] apexd-bootstrap: Found pre-installed APEX /vendor/apex/com.android.hardware.keymint.rust_cf_remote.apex
[    1.497601] apexd-bootstrap: Found pre-installed APEX /vendor/apex/com.android.hardware.keymint.rust_nonsecure.apex
[    1.497647] apexd-bootstrap: Found pre-installed APEX /vendor/apex/com.android.hardware.memtrack.apex
[    1.497689] apexd-bootstrap: Found pre-installed APEX /vendor/apex/com.android.hardware.net.nlinterceptor.apex
[    1.497740] apexd-bootstrap: Found pre-installed APEX /vendor/apex/com.android.hardware.neuralnetworks.apex
[    1.497787] apexd-bootstrap: Found pre-installed APEX /vendor/apex/com.android.hardware.power.apex
[    1.497847] apexd-bootstrap: Found pre-installed APEX /vendor/apex/com.android.hardware.rebootescrow.apex
[    1.497904] apexd-bootstrap: Found pre-installed APEX /vendor/apex/com.android.hardware.secure_element.apex
[    1.497949] apexd-bootstrap: Found pre-installed APEX /vendor/apex/com.android.hardware.security.authgraph.apex
[    1.498001] apexd-bootstrap: Found pre-installed APEX /vendor/apex/com.android.hardware.security.secretkeeper.apex
[    1.498050] apexd-bootstrap: Found pre-installed APEX /vendor/apex/com.android.hardware.tetheroffload.apex
[    1.498088] apexd-bootstrap: Found pre-installed APEX /vendor/apex/com.android.hardware.thermal.apex
[    1.498152] apexd-bootstrap: Found pre-installed APEX /vendor/apex/com.android.hardware.threadnetwork.apex
[    1.498210] apexd-bootstrap: Found pre-installed APEX /vendor/apex/com.android.hardware.usb.apex
[    1.498275] apexd-bootstrap: Found pre-installed APEX /vendor/apex/com.android.hardware.uwb.apex
[    1.498311] apexd-bootstrap: Found pre-installed APEX /vendor/apex/com.android.hardware.vibrator.apex
[    1.498338] apexd-bootstrap: Found pre-installed APEX /vendor/apex/com.android.hardware.wifi.apex
[    1.498371] apexd-bootstrap: Found pre-installed APEX /vendor/apex/com.google.cf.bt.apex
[    1.498395] apexd-bootstrap: Found pre-installed APEX /vendor/apex/com.google.cf.confirmationui.apex
[    1.498424] apexd-bootstrap: Found pre-installed APEX /vendor/apex/com.google.cf.disabled.apex
[    1.498455] apexd-bootstrap: Found pre-installed APEX /vendor/apex/com.google.cf.gralloc.apex
[    1.498500] apexd-bootstrap: Found pre-installed APEX /vendor/apex/com.google.cf.health.apex
[    1.498531] apexd-bootstrap: Found pre-installed APEX /vendor/apex/com.google.cf.identity.apex
[    1.498566] apexd-bootstrap: Found pre-installed APEX /vendor/apex/com.google.cf.input.config.apex
[    1.498601] apexd-bootstrap: Found pre-installed APEX /vendor/apex/com.google.cf.ir.apex
[    1.498635] apexd-bootstrap: Found pre-installed APEX /vendor/apex/com.google.cf.light.apex
[    1.498674] apexd-bootstrap: Found pre-installed APEX /vendor/apex/com.google.cf.nfc.apex
[    1.498712] apexd-bootstrap: Found pre-installed APEX /vendor/apex/com.google.cf.oemlock.apex
[    1.498754] apexd-bootstrap: Found pre-installed APEX /vendor/apex/com.google.cf.rild.apex
[    1.498796] apexd-bootstrap: Found pre-installed APEX /vendor/apex/com.google.cf.vulkan.apex
[    1.498848] apexd-bootstrap: Found pre-installed APEX /vendor/apex/com.google.cf.wifi.apex
[    1.498898] apexd-bootstrap: Found pre-installed APEX /vendor/apex/com.google.cf.wpa_supplicant.apex
[    1.498944] apexd-bootstrap: Found pre-installed APEX /vendor/apex/com.google.emulated.camera.provider.hal.apex
[    1.498982] apexd-bootstrap: Found pre-installed APEX /vendor/apex/com.google.emulated.camera.provider.hal.v4l2.apex
[    1.499103] apexd-bootstrap: Scanning /odm/apex for pre-installed ApexFiles
[    1.499190] apexd-bootstrap: /odm/apex does not exist. Skipping
[    1.751183] ueventd: Coldboot took 0.4 seconds
[    2.183569] apexd-bootstrap: Skipping APEX at path /vendor/apex/com.android.hardware.gatekeeper.cf_remote.apex because it does not match expected multi-install APEX property for com.android.hardware.gatekeeper
[    2.183816] apexd-bootstrap: Skipping APEX at path /vendor/apex/com.android.hardware.graphics.composer.drm_hwcomposer.apex because it does not match expected multi-install APEX property for com.android.hardware.graphics.composer
[    2.183960] apexd-bootstrap: Skipping APEX at path /vendor/apex/com.android.hardware.keymint.rust_cf_guest_trusty_nonsecure.apex because it does not match expected multi-install APEX property for com.android.hardware.keymint
[    2.184071] apexd-bootstrap: Skipping APEX at path /vendor/apex/com.android.hardware.keymint.rust_cf_remote.apex because it does not match expected multi-install APEX property for com.android.hardware.keymint
[    2.184320] apexd-bootstrap: Skipping APEX at path /vendor/apex/com.google.cf.disabled.apex because it's disabled via sysprop.
[    2.184539] apexd-bootstrap: Skipping APEX at path /vendor/apex/com.google.emulated.camera.provider.hal.v4l2.apex because it does not match expected multi-install APEX property for com.google.emulated.camera.provider.hal
[    2.185232] apexd-bootstrap: Successfully scanned 87 preinstalled APEXes duration=691ms
[    2.185380] apexd-bootstrap: No sessions to revert/activate.
[    2.185496] apexd-bootstrap: Successfully scanned 0 data APEXes duration=0ms
[    2.204285] loop29: detected capacity change from 0 to 9336
[    2.204333] loop16: detected capacity change from 0 to 6768
[    2.204558] loop31: detected capacity change from 0 to 6752
[    2.207603] loop33: detected capacity change from 0 to 1912
[    2.211698] loop4: detected capacity change from 0 to 536
[    2.212475] loop6: detected capacity change from 0 to 1008
[    2.218590] loop1: detected capacity change from 0 to 1072
[    2.218590] loop10: detected capacity change from 0 to 7136
[    2.218862] loop9: detected capacity change from 0 to 4232
[    2.218923] loop8: detected capacity change from 0 to 1008
[    2.233906] erofs: (device erofs): mounted with root inode @ nid 39.
[    2.240175] EXT4-fs (loop55): mounted filesystem 7d1522e1-9dfa-5edb-a43e-98e3a4d20250 ro without journal. Quota mode: none.
[    2.240945] EXT4-fs (loop81): mounted filesystem 7d1522e1-9dfa-5edb-a43e-98e3a4d20250 ro without journal. Quota mode: none.
[    2.241460] EXT4-fs (loop6): mounted filesystem 7d1522e1-9dfa-5edb-a43e-98e3a4d20250 ro without journal. Quota mode: none.
[    2.241493] EXT4-fs (loop48): mounted filesystem 7d1522e1-9dfa-5edb-a43e-98e3a4d20250 ro without journal. Quota mode: none.
[    2.244957] EXT4-fs (loop84): mounted filesystem 7d1522e1-9dfa-5edb-a43e-98e3a4d20250 ro without journal. Quota mode: none.
[    2.246733] EXT4-fs (loop62): mounted filesystem 7d1522e1-9dfa-5edb-a43e-98e3a4d20250 ro without journal. Quota mode: none.
[    2.252172] EXT4-fs (loop5): mounted filesystem 7d1522e1-9dfa-5edb-a43e-98e3a4d20250 ro without journal. Quota mode: none.
[    2.254374] EXT4-fs (loop18): mounted filesystem 7d1522e1-9dfa-5edb-a43e-98e3a4d20250 ro without journal. Quota mode: none.
[    2.257053] EXT4-fs (loop57): mounted filesystem 7d1522e1-9dfa-5edb-a43e-98e3a4d20250 ro without journal. Quota mode: none.
[    2.257059] EXT4-fs (loop31): mounted filesystem 7d1522e1-9dfa-5edb-a43e-98e3a4d20250 ro without journal. Quota mode: none.
[    2.259141] EXT4-fs (loop69): mounted filesystem 7d1522e1-9dfa-5edb-a43e-98e3a4d20250 ro without journal. Quota mode: none.
[    2.259200] EXT4-fs (loop53): mounted filesystem 7d1522e1-9dfa-5edb-a43e-98e3a4d20250 ro without journal. Quota mode: none.
[    2.265496] EXT4-fs (loop44): mounted filesystem 7d1522e1-9dfa-5edb-a43e-98e3a4d20250 ro without journal. Quota mode: none.
[    2.268145] EXT4-fs (loop24): mounted filesystem 7d1522e1-9dfa-5edb-a43e-98e3a4d20250 ro without journal. Quota mode: none.
[    2.272544] EXT4-fs (loop86): mounted filesystem 7d1522e1-9dfa-5edb-a43e-98e3a4d20250 ro without journal. Quota mode: none.
[    2.272774] EXT4-fs (loop54): mounted filesystem 7d1522e1-9dfa-5edb-a43e-98e3a4d20250 ro without journal. Quota mode: none.
[    2.287903] EXT4-fs (loop34): mounted filesystem 7d1522e1-9dfa-5edb-a43e-98e3a4d20250 ro without journal. Quota mode: none.
[    2.288140] EXT4-fs (loop40): mounted filesystem 7d1522e1-9dfa-5edb-a43e-98e3a4d20250 ro without journal. Quota mode: none.
[    2.292464] EXT4-fs (loop20): mounted filesystem 7d1522e1-9dfa-5edb-a43e-98e3a4d20250 ro without journal. Quota mode: none.
[    2.292953] EXT4-fs (loop21): mounted filesystem 7d1522e1-9dfa-5edb-a43e-98e3a4d20250 ro without journal. Quota mode: none.
[    2.296617] EXT4-fs (loop35): mounted filesystem 7d1522e1-9dfa-5edb-a43e-98e3a4d20250 ro without journal. Quota mode: none.
[    2.296969] EXT4-fs (loop80): mounted filesystem 7d1522e1-9dfa-5edb-a43e-98e3a4d20250 ro without journal. Quota mode: none.
[    2.301301] EXT4-fs (loop15): mounted filesystem 7d1522e1-9dfa-5edb-a43e-98e3a4d20250 ro without journal. Quota mode: none.
[    2.301622] EXT4-fs (loop27): mounted filesystem 7d1522e1-9dfa-5edb-a43e-98e3a4d20250 ro without journal. Quota mode: none.
[    2.301727] EXT4-fs (loop75): mounted filesystem 7d1522e1-9dfa-5edb-a43e-98e3a4d20250 ro without journal. Quota mode: none.
[    2.301755] EXT4-fs (loop47): mounted filesystem 7d1522e1-9dfa-5edb-a43e-98e3a4d20250 ro without journal. Quota mode: none.
[    2.301940] EXT4-fs (loop13): mounted filesystem 7d1522e1-9dfa-5edb-a43e-98e3a4d20250 ro without journal. Quota mode: none.
[    2.301945] EXT4-fs (loop85): mounted filesystem 7d1522e1-9dfa-5edb-a43e-98e3a4d20250 ro without journal. Quota mode: none.
[    2.302182] EXT4-fs (loop30): mounted filesystem 7d1522e1-9dfa-5edb-a43e-98e3a4d20250 ro without journal. Quota mode: none.
[    2.306207] EXT4-fs (loop74): mounted filesystem 7d1522e1-9dfa-5edb-a43e-98e3a4d20250 ro without journal. Quota mode: none.
[    2.306211] EXT4-fs (loop26): mounted filesystem 7d1522e1-9dfa-5edb-a43e-98e3a4d20250 ro without journal. Quota mode: none.
[    2.306212] EXT4-fs (loop61): mounted filesystem 7d1522e1-9dfa-5edb-a43e-98e3a4d20250 ro without journal. Quota mode: none.
[    2.306277] EXT4-fs (loop70): mounted filesystem 7d1522e1-9dfa-5edb-a43e-98e3a4d20250 ro without journal. Quota mode: none.
[    2.306457] EXT4-fs (loop11): mounted filesystem 7d1522e1-9dfa-5edb-a43e-98e3a4d20250 ro without journal. Quota mode: none.
[    2.306628] EXT4-fs (loop3): mounted filesystem 7d1522e1-9dfa-5edb-a43e-98e3a4d20250 ro without journal. Quota mode: none.
[    2.306937] EXT4-fs (loop64): mounted filesystem 7d1522e1-9dfa-5edb-a43e-98e3a4d20250 ro without journal. Quota mode: none.
[    2.307029] EXT4-fs (loop2): mounted filesystem 7d1522e1-9dfa-5edb-a43e-98e3a4d20250 ro without journal. Quota mode: none.
[    2.307251] EXT4-fs (loop76): mounted filesystem 7d1522e1-9dfa-5edb-a43e-98e3a4d20250 ro without journal. Quota mode: none.
[    2.307255] EXT4-fs (loop42): mounted filesystem 7d1522e1-9dfa-5edb-a43e-98e3a4d20250 ro without journal. Quota mode: none.
[    2.309794] EXT4-fs (loop23): mounted filesystem 7d1522e1-9dfa-5edb-a43e-98e3a4d20250 ro without journal. Quota mode: none.
[    2.309907] EXT4-fs (loop25): mounted filesystem 7d1522e1-9dfa-5edb-a43e-98e3a4d20250 ro without journal. Quota mode: none.
[    2.309907] EXT4-fs (loop33): mounted filesystem 7d1522e1-9dfa-5edb-a43e-98e3a4d20250 ro without journal. Quota mode: none.
[    2.310066] EXT4-fs (loop43): mounted filesystem 7d1522e1-9dfa-5edb-a43e-98e3a4d20250 ro without journal. Quota mode: none.
[    2.310105] EXT4-fs (loop0): mounted filesystem 7d1522e1-9dfa-5edb-a43e-98e3a4d20250 ro without journal. Quota mode: none.
[    2.311041] EXT4-fs (loop22): mounted filesystem 7d1522e1-9dfa-5edb-a43e-98e3a4d20250 ro without journal. Quota mode: none.
[    2.311193] EXT4-fs (loop65): mounted filesystem 7d1522e1-9dfa-5edb-a43e-98e3a4d20250 ro without journal. Quota mode: none.
[    2.311441] EXT4-fs (loop51): mounted filesystem 7d1522e1-9dfa-5edb-a43e-98e3a4d20250 ro without journal. Quota mode: none.
[    2.311891] EXT4-fs (loop58): mounted filesystem 7d1522e1-9dfa-5edb-a43e-98e3a4d20250 ro without journal. Quota mode: none.
[    2.312955] EXT4-fs (loop71): mounted filesystem 7d1522e1-9dfa-5edb-a43e-98e3a4d20250 ro without journal. Quota mode: none.
[    2.314185] EXT4-fs (loop10): mounted filesystem 7d1522e1-9dfa-5edb-a43e-98e3a4d20250 ro without journal. Quota mode: none.
[    2.315900] EXT4-fs (loop19): mounted filesystem 7d1522e1-9dfa-5edb-a43e-98e3a4d20250 ro without journal. Quota mode: none.
[    2.316386] EXT4-fs (loop56): mounted filesystem 7d1522e1-9dfa-5edb-a43e-98e3a4d20250 ro without journal. Quota mode: none.
[    2.316419] EXT4-fs (loop66): mounted filesystem 7d1522e1-9dfa-5edb-a43e-98e3a4d20250 ro without journal. Quota mode: none.
[    2.316654] EXT4-fs (loop68): mounted filesystem 7d1522e1-9dfa-5edb-a43e-98e3a4d20250 ro without journal. Quota mode: none.
[    2.316817] EXT4-fs (loop9): mounted filesystem 7d1522e1-9dfa-5edb-a43e-98e3a4d20250 ro without journal. Quota mode: none.
[    2.317089] EXT4-fs (loop29): mounted filesystem 7d1522e1-9dfa-5edb-a43e-98e3a4d20250 ro without journal. Quota mode: none.
[    2.317645] EXT4-fs (loop52): mounted filesystem 7d1522e1-9dfa-5edb-a43e-98e3a4d20250 ro without journal. Quota mode: none.
[    2.318010] EXT4-fs (loop83): mounted filesystem 7d1522e1-9dfa-5edb-a43e-98e3a4d20250 ro without journal. Quota mode: none.
[    2.318624] EXT4-fs (loop28): mounted filesystem 7d1522e1-9dfa-5edb-a43e-98e3a4d20250 ro without journal. Quota mode: none.
[    2.320443] EXT4-fs (loop7): mounted filesystem 7d1522e1-9dfa-5edb-a43e-98e3a4d20250 ro without journal. Quota mode: none.
[    2.321372] EXT4-fs (loop39): mounted filesystem 7d1522e1-9dfa-5edb-a43e-98e3a4d20250 ro without journal. Quota mode: none.
[    2.321456] EXT4-fs (loop16): mounted filesystem 7d1522e1-9dfa-5edb-a43e-98e3a4d20250 ro without journal. Quota mode: none.
[    2.321696] EXT4-fs (loop8): mounted filesystem 7d1522e1-9dfa-5edb-a43e-98e3a4d20250 ro without journal. Quota mode: none.
[    2.321714] EXT4-fs (loop60): mounted filesystem 7d1522e1-9dfa-5edb-a43e-98e3a4d20250 ro without journal. Quota mode: none.
[    2.334876] apexd-bootstrap: Activated 87 packages. duration=149ms
[    2.335494] apexd-bootstrap: OnBootstrap done, duration=841
[    2.374236] init: Service 'apexd-bootstrap' (pid 131) exited with status 0 waiting took 1.031000 seconds
[    2.374364] init: Sending SIGKILL to service 'apexd-bootstrap' (pid 131) process group...
[    2.374635] libprocessgroup: Removed cgroup /sys/fs/cgroup/system/uid_0/pid_131
[    2.439328] init: Parsing file /apex/com.android.adbd/etc/init.rc...
[    2.439721] init: Parsing file /apex/com.android.art/etc/init.rc...
[    2.439990] init: Parsing file /apex/com.android.compos/etc/init.rc...
[    2.440231] init: Parsing file /apex/com.android.configinfrastructure/etc/com.android.configinfrastrcture.init.rc...
[    2.440513] init: Parsing file /apex/com.android.hardware.audio/etc/android.hardware.audio.service-aidl.example.rc...
[    2.440827] init: Parsing file /apex/com.android.hardware.authsecret/etc/android.hardware.authsecret-service.example.rc...
[    2.441286] init: Parsing file /apex/com.android.hardware.biometrics.face.virtual/etc/face-virtual-apex.rc...
[    2.441584] init: Parsing file /apex/com.android.hardware.biometrics.fingerprint.virtual/etc/fingerprint-virtual.rc...
[    2.441847] init: Parsing file /apex/com.android.hardware.boot/etc/android.hardware.boot-service.default.rc...
[    2.442154] init: Parsing file /apex/com.android.hardware.cas/etc/cas-default.rc...
[    2.442301] init: Parsing file /apex/com.android.hardware.contexthub/etc/android.hardware.contexthub-service.example.rc...
[    2.442551] init: Parsing file /apex/com.android.hardware.drm.clearkey/etc/android.hardware.drm-service.clearkey.apex.rc...
[    2.442803] init: Parsing file /apex/com.android.hardware.dumpstate/etc/dumpstate-default.rc...
[    2.442965] init: Parsing file /apex/com.android.hardware.gatekeeper/etc/android.hardware.gatekeeper-service.nonsecure.rc...
[    2.443113] init: Parsing file /apex/com.android.hardware.gnss/etc/gnss-default.rc...
[    2.443364] init: Parsing file /apex/com.android.hardware.graphics.composer/etc/hwc3-apex.rc...
[    2.443623] init: Parsing file /apex/com.android.hardware.input.processor/etc/inputprocessor-default.rc...
[    2.443928] init: Parsing file /apex/com.android.hardware.ir/etc/android.hardware.ir-service.example.rc...
[    2.444078] init: Parsing file /apex/com.android.hardware.keymint/etc/android.hardware.security.keymint-service.nonsecure.apex.rc...
[    2.444352] init: Parsing file /apex/com.android.hardware.memtrack/etc/memtrack-default-apex.rc...
[    2.444602] init: Parsing file /apex/com.android.hardware.net.nlinterceptor/etc/nlinterceptor.rc...
[    2.444722] init: Parsing file /apex/com.android.hardware.neuralnetworks/etc/android.hardware.neuralnetworks-service-sample-all.rc...
[    2.444970] init: Parsing file /apex/com.android.hardware.neuralnetworks/etc/android.hardware.neuralnetworks-service-sample-limited.rc...
[    2.445397] init: Parsing file /apex/com.android.hardware.neuralnetworks/etc/android.hardware.neuralnetworks-shim-service-sample.rc...
[    2.445554] init: Parsing file /apex/com.android.hardware.power/etc/com.android.hardware.power.rc...
[    2.445830] init: Parsing file /apex/com.android.hardware.rebootescrow/etc/rebootescrow-default.rc...
[    2.446086] init: Parsing file /apex/com.android.hardware.secure_element/etc/secure_element.rc...
[    2.446356] init: Parsing file /apex/com.android.hardware.security.authgraph/etc/authgraph.rc...
[    2.446604] init: Parsing file /apex/com.android.hardware.security.secretkeeper/etc/secretkeeper.rc...
[    2.446890] init: Parsing file /apex/com.android.hardware.tetheroffload/etc/tetheroffload-example.rc...
[    2.447148] init: Parsing file /apex/com.android.hardware.thermal/etc/android.hardware.thermal.example.rc...
[    2.447400] init: Parsing file /apex/com.android.hardware.threadnetwork/etc/threadnetwork-service.rc...
[    2.447682] init: Parsing file /apex/com.android.hardware.usb/etc/com.android.hardware.usb.rc...
[    2.447952] init: Parsing file /apex/com.android.hardware.uwb/etc/uwb-service.rc...
[    2.448220] init: Parsing file /apex/com.android.hardware.vibrator/etc/com.android.hardware.vibrator.rc...
[    2.448377] init: Parsing file /apex/com.android.hardware.wifi/etc/com.android.hardware.wifi.rc...
[    2.448644] init: Parsing file /apex/com.android.media.swcodec/etc/mediaswcodec.32rc...
[    2.448806] init: Parsing file /apex/com.android.media/etc/mediatranscoding.32rc...
[    2.448961] init: Parsing file /apex/com.android.os.statsd/etc/init.rc...
[    2.449224] init: Parsing file /apex/com.android.sdkext/etc/derive_classpath.rc...
[    2.449490] init: Parsing file /apex/com.android.sdkext/etc/derive_sdk.rc...
[    2.449826] init: Parsing file /apex/com.android.tethering/etc/netbpfload.35rc...
[    2.450266] init: Parsing file /apex/com.android.tethering/etc/ot-daemon.34rc...
[    2.450511] init: Parsing file /apex/com.android.uprobestats/etc/init.rc...
[    2.450765] init: Parsing file /apex/com.android.virt/etc/vfio_handler.rc...
[    2.450856] init: Parsing file /apex/com.android.virt/etc/virtualizationservice.rc...
[    2.450959] init: Parsing file /apex/com.android.virt/etc/vmnic.rc...
[    2.451033] init: Parsing file /apex/com.android.wifi/etc/mainline_supplicant.rc...
[    2.451336] init: Parsing file /apex/com.google.cf.bt/etc/com.google.cf.bt.default.rc...
[    2.451612] init: Parsing file /apex/com.google.cf.bt/etc/com.google.cf.bt.lpp.rc...
[    2.451992] init: Parsing file /apex/com.google.cf.confirmationui/etc/android.hardware.confirmationui-service.cuttlefish.rc...
[    2.452312] init: Parsing file /apex/com.google.cf.gralloc/etc/com.google.cf.gralloc.rc...
[    2.452447] init: Parsing file /apex/com.google.cf.health/etc/android.hardware.health-service.cuttlefish.rc...
[    2.452718] init: Parsing file /apex/com.google.cf.identity/etc/android.hardware.identity-service.remote.rc...
[    2.452970] init: Parsing file /apex/com.google.cf.input.config/etc/com.google.cf.input.config.rc...
[    2.453164] init: Parsing file /apex/com.google.cf.light/etc/lights-cuttlefish.rc...
[    2.453448] init: Parsing file /apex/com.google.cf.nfc/etc/nfc-service-cuttlefish.rc...
[    2.453730] init: Parsing file /apex/com.google.cf.oemlock/etc/android.hardware.oemlock-service.remote.rc...
[    2.454017] init: Parsing file /apex/com.google.cf.rild/etc/com.google.cf.rild.rc...
[    2.454310] init: Parsing file /apex/com.google.cf.vulkan/etc/com.google.cf.vulkan.rc...
[    2.454450] init: Parsing file /apex/com.google.cf.wifi/etc/com.google.cf.wifi.rc...
[    2.454613] init: Parsing file /apex/com.google.cf.wpa_supplicant/etc/com.google.cf.wpa_supplicant.rc...
[    2.454933] init: Parsing file /apex/com.google.emulated.camera.provider.hal/etc/com.google.emulated.camera.provider.hal.rc...
[    2.542299] init: linkerconfig generated /linkerconfig with mounted APEX modules info
[    2.542404] init: Command 'perform_apex_config' action=early-init (/system/etc/init/hw/init.rc:92) took 130ms and succeeded
[    2.544170] init: processing action (ro.boot.bootchart.enabled= && early-init) from (/system/etc/init/hw/init.rc:113)
[    2.544295] init: processing action (early-init) from (/init.environ.rc:2)
[    2.544383] init: processing action (early-init) from (/system/etc/init/aconfigd.rc:26)
[    2.544536] init: Command 'mkdir /metadata/aconfig 0775 root system' action=early-init (/system/etc/init/aconfigd.rc:27) took 0ms and failed: mkdir() failed on /metadata/aconfig: Read-only file system
[    2.545261] init: starting service 'early_system_aconfigd_platform_init'...
[    2.546244] libprocessgroup: Created cgroup /sys/fs/cgroup/system/uid_1000/pid_418
[    2.547086] init: ... started service 'early_system_aconfigd_platform_init' has pid 418
[    2.547177] init: SVC_EXEC service 'early_system_aconfigd_platform_init' pid 418 (uid 1000 gid 1000+0 context default) started; waiting...
[    2.604013] main[418]: Starting aconfigd_system command: EarlyPlatformInit
[    2.604072] main[418]: Starting early-init platform init
[    2.604192] aconfigd_rust::utils[418]: build fingerprint is: generic/aosp_cf_x86_64_only_phone/vsoc_x86_64_only:17/CP2A.260605.016/16373615:userdebug/test-keys
[    2.604279] aconfigd_rust::aconfigd[418]: device build fingerprint generic/aosp_cf_x86_64_only_phone/vsoc_x86_64_only:17/CP2A.260605.016/16373615:userdebug/test-keys
[    2.604378] aconfigd_rust::utils[418]: security patch date is: 2026-06-05
[    2.604419] aconfigd_rust::aconfigd[418]: device security patch 2026-06-05
[    2.604468] aconfigd_rust::aconfigd[418]: start initialize system flags
[    2.604774] aconfigd_rust::storage_files[418]: create storage files object from container system
[    2.606994] aconfigd_rust::storage_files[418]: copy system storage files to persist and boot directories
[    2.607109] main[418]: Failed to initialize platform storage in early init: failed to copy file from /system/etc/aconfig/package.map to /metadata/aconfig/maps/system.package.new: Os { code: 2, kind: NotFound, message: "No such file or directory" }
[    2.607878] init: Service 'early_system_aconfigd_platform_init' (pid 418) exited with status 5 waiting took 0.061000 seconds
[    2.607964] init: Sending SIGKILL to service 'early_system_aconfigd_platform_init' (pid 418) process group...
[    2.608113] libprocessgroup: Removed cgroup /sys/fs/cgroup/system/uid_1000/pid_418
[    2.608394] init: processing action (ro.product.debugfs_restrictions.enabled=true && early-init) from (/system/etc/init/init-debug.rc:10)
[    2.609249] init: processing action (early-init) from (/system/etc/init/kcmdlinemodprobe.rc:16)
[    2.609617] init: starting service 'exec 1 (/system/bin/kcmdlinemodprobe)'...
[    2.610752] libprocessgroup: Created cgroup /sys/fs/cgroup/system/uid_0/pid_419
[    2.611269] init: ... started service 'exec 1 (/system/bin/kcmdlinemodprobe)' has pid 419
[    2.611335] init: SVC_EXEC service 'exec 1 (/system/bin/kcmdlinemodprobe)' pid 419 (uid 0 gid 0+0 context default) started; waiting...
[    2.632512] rust_binder: Loaded Rust Binder.
[    2.633074] init: Service 'exec 1 (/system/bin/kcmdlinemodprobe)' (pid 419) exited with status 0 waiting took 0.022000 seconds
[    2.633247] init: Sending SIGKILL to service 'exec 1 (/system/bin/kcmdlinemodprobe)' (pid 419) process group...
[    2.633430] libprocessgroup: Removed cgroup /sys/fs/cgroup/system/uid_0/pid_419
[    2.633544] init: processing action (early-init) from (/system/etc/init/prng_seeder.rc:5)
[    2.633929] init: starting service 'prng_seeder'...
[    2.634073] init: Created socket '/dev/socket/prng_seeder', mode 666, user 1092, group 1092
[    2.635235] libprocessgroup: Created cgroup /sys/fs/cgroup/system/uid_1092
[    2.635673] libprocessgroup: Created cgroup /sys/fs/cgroup/system/uid_1092/pid_420
[    2.636322] init: ... started service 'prng_seeder' has pid 420
[    2.636406] init: processing action (ro.product.cpu.abilist64=* && early-init) from (/vendor/etc/boringssl_self_test.zygote64.rc:1)
[    2.636661] init: starting service 'boringssl_self_test64_vendor'...
[    2.637744] libprocessgroup: Created cgroup /sys/fs/cgroup/system/uid_0/pid_421
[    2.638481] init: ... started service 'boringssl_self_test64_vendor' has pid 421
[    2.638548] init: SVC_EXEC service 'boringssl_self_test64_vendor' pid 421 (uid 0 gid 0+0 context default) started; waiting...
[    2.676485] init: Service 'boringssl_self_test64_vendor' (pid 421) exited with status 0 waiting took 0.038000 seconds
[    2.676568] init: Sending SIGKILL to service 'boringssl_self_test64_vendor' (pid 421) process group...
[    2.676708] libprocessgroup: Removed cgroup /sys/fs/cgroup/system/uid_0/pid_421
[    2.676914] init: processing action (early-init) from (/vendor/etc/init/init.cutf_cvm.rc:1)
[    2.677690] init: starting service 'vendor.dlkm_loader'...
[    2.678437] libprocessgroup: Created cgroup /sys/fs/cgroup/system/uid_0/pid_422
[    2.679066] init: ... started service 'vendor.dlkm_loader' has pid 422
[    2.679653] init: starting service 'exec 2 (/system/bin/modprobe -a -d /system/lib/modules zram.ko)'...
[    2.680386] libprocessgroup: Created cgroup /sys/fs/cgroup/system/uid_0/pid_423
[    2.680934] init: ... started service 'exec 2 (/system/bin/modprobe -a -d /system/lib/modules zram.ko)' has pid 423
[    2.681047] init: SVC_EXEC service 'exec 2 (/system/bin/modprobe -a -d /system/lib/modules zram.ko)' pid 423 (uid 0 gid 0+0 context u:r:modprobe:s0) started; waiting...
[    2.686555] dlkm_loader: dlkm loader successfully initialized
[    2.691232] dlkm_loader: Loading module /system/lib/modules/rfkill.ko with args ''
[    2.692979] dlkm_loader: Loading module /system/lib/modules/bluetooth.ko with args ''
[    2.695067] zram: Added device: zram0
[    2.695919] init: Service 'exec 2 (/system/bin/modprobe -a -d /system/lib/modules zram.ko)' (pid 423) exited with status 0 waiting took 0.015000 seconds
[    2.696028] init: Sending SIGKILL to service 'exec 2 (/system/bin/modprobe -a -d /system/lib/modules zram.ko)' (pid 423) process group...
[    2.696240] libprocessgroup: Removed cgroup /sys/fs/cgroup/system/uid_0/pid_423
[    2.696502] init: wait for '/dev/dri/card0' took 0ms
[    2.698358] init: starting service 'exec 3 (/vendor/bin/modprobe -d /vendor/lib/modules vkms.ko create_default_dev=0)'...
[    2.700764] libprocessgroup: Created cgroup /sys/fs/cgroup/system/uid_0/pid_424
[    2.702657] init: ... started service 'exec 3 (/vendor/bin/modprobe -d /vendor/lib/modules vkms.ko create_default_dev=0)' has pid 424
[    2.702906] init: SVC_EXEC service 'exec 3 (/vendor/bin/modprobe -d /vendor/lib/modules vkms.ko create_default_dev=0)' pid 424 (uid 0 gid 0+0 context u:r:vendor_modprobe:s0) started; waiting...
[    2.715348] Bluetooth: Core ver 2.22
[    2.715467] NET: Registered PF_BLUETOOTH protocol family
[    2.715509] Bluetooth: HCI device and connection manager initialized
[    2.715547] Bluetooth: HCI socket layer initialized
[    2.715579] Bluetooth: L2CAP socket layer initialized
[    2.715624] Bluetooth: SCO socket layer initialized
[    2.715870] dlkm_loader: Loaded kernel module /system/lib/modules/bluetooth.ko
[    2.715983] dlkm_loader: Loading module /vendor/lib/modules/btintel.ko with args ''
[    2.717720] dlkm_loader: Loaded kernel module /vendor/lib/modules/btintel.ko
[    2.717917] dlkm_loader: Loading module /vendor/lib/modules/btrtl.ko with args ''
[    2.718827] dlkm_loader: Loaded kernel module /vendor/lib/modules/btrtl.ko
[    2.719289] dlkm_loader: Loading module /system/lib/modules/btbcm.ko with args ''
[    2.720690] dlkm_loader: Loaded kernel module /system/lib/modules/btbcm.ko
[    2.720774] dlkm_loader: Loading module /vendor/lib/modules/btusb.ko with args ''
[    2.721583] vkms: loading out-of-tree module taints kernel.
[    2.722517] usbcore: registered new interface driver btusb
[    2.722699] dlkm_loader: Loaded kernel module /vendor/lib/modules/btusb.ko
[    2.722935] dlkm_loader: Loading module /vendor/lib/modules/dummy-cpufreq.ko with args ''
[    2.723742] init: Service 'exec 3 (/vendor/bin/modprobe -d /vendor/lib/modules vkms.ko create_default_dev=0)' (pid 424) exited with status 0 waiting took 0.023000 seconds
[    2.723854] init: Sending SIGKILL to service 'exec 3 (/vendor/bin/modprobe -d /vendor/lib/modules vkms.ko create_default_dev=0)' (pid 424) process group...
[    2.724166] dlkm_loader: Loaded kernel module /vendor/lib/modules/dummy-cpufreq.ko
[    2.724335] libprocessgroup: Removed cgroup /sys/fs/cgroup/system/uid_0/pid_424
[    2.724355] dlkm_loader: Loading module /vendor/lib/modules/dummy_hcd.ko with args ''
[    2.724474] init: processing action (early-init) from (/vendor/etc/init/init.cutf_cvm.rc:132)
[    2.725182] init: processing action (early-init) from (/vendor/etc/init/init.cutf_cvm.rc:135)
[    2.725313] dummy_hcd dummy_hcd.0: USB Host+Gadget Emulator, driver 02 May 2005
[    2.725348] dummy_hcd dummy_hcd.0: Dummy host controller
[    2.725386] dummy_hcd dummy_hcd.0: new USB bus registered, assigned bus number 1
[    2.725477] usb usb1: New USB device found, idVendor=1d6b, idProduct=0002, bcdDevice= 6.12
[    2.725511] usb usb1: New USB device strings: Mfr=3, Product=2, SerialNumber=1
[    2.725571] usb usb1: Product: Dummy host controller
[    2.725596] usb usb1: Manufacturer: Linux 6.12.74-android16-6-g3ec022196c4e-ab15076761 dummy_hcd
[    2.725655] usb usb1: SerialNumber: dummy_hcd.0
[    2.725817] hub 1-0:1.0: USB hub found
[    2.725851] hub 1-0:1.0: 1 port detected
[    2.725922] init: Command 'setprop ro.vendor.cuttlefish_service_bluetooth_checker ${ro.boot.cuttlefish_service_bluetooth_checker}' action=early-init (/vendor/etc/init/init.cutf_cvm.rc:136) took 0ms and failed: property 'ro.boot.cuttlefish_service_bluetooth_checker' doesn't exist while expanding '${ro.boot.cuttlefish_service_bluetooth_checker}'
[    2.726285] dlkm_loader: Loaded kernel module /vendor/lib/modules/dummy_hcd.ko
[    2.726316] init: processing action (early-init) from (/vendor/etc/init/init_graphics.vendor.rc:1)
[    2.726512] dlkm_loader: Loading module /vendor/lib/modules/goldfish_address_space.ko with args ''
[    2.727278] dlkm_loader: Loaded kernel module /vendor/lib/modules/goldfish_address_space.ko
[    2.727420] init: Command 'setprop ro.vendor.hwcomposer.mode ${ro.boot.hardware.hwcomposer.mode}' action=early-init (/vendor/etc/init/init_graphics.vendor.rc:11) took 0ms and failed: property 'ro.boot.hardware.hwcomposer.mode' doesn't exist while expanding '${ro.boot.hardware.hwcomposer.mode}'
[    2.727478] dlkm_loader: Loading module /vendor/lib/modules/goldfish_battery.ko with args ''
[    2.728000] dlkm_loader: Loaded kernel module /vendor/lib/modules/goldfish_battery.ko
[    2.728238] dlkm_loader: Loading module /vendor/lib/modules/goldfish_pipe.ko with args ''
[    2.728546] init: Command 'setprop debug.hwui.renderer ${ro.boot.hardware.guest_hwui_renderer}' action=early-init (/vendor/etc/init/init_graphics.vendor.rc:17) took 0ms and failed: property 'ro.boot.hardware.guest_hwui_renderer' doesn't exist while expanding '${ro.boot.hardware.guest_hwui_renderer}'
[    2.729271] dlkm_loader: Loaded kernel module /vendor/lib/modules/goldfish_pipe.ko
[    2.729480] dlkm_loader: Loading module /vendor/lib/modules/goldfish_sync.ko with args ''
[    2.729719] init: Command 'setprop ro.zygote.disable_gl_preload ${ro.boot.hardware.guest_disable_renderer_preload}' action=early-init (/vendor/etc/init/init_graphics.vendor.rc:18) took 0ms and failed: property 'ro.boot.hardware.guest_disable_renderer_preload' doesn't exist while expanding '${ro.boot.hardware.guest_disable_renderer_preload}'
[    2.729963] init: processing action (ConnectEarlyStageSnapuserd) from (<Builtin Action>:0)
[    2.730063] init: processing action (wait_for_coldboot_done) from (<Builtin Action>:0)
[    2.730142] init: start_waiting_for_property("ro.cold_boot_done", "true"): already set
[    2.730214] init: processing action (CheckTradeInModeStatus) from (<Builtin Action>:0)
[    2.730375] init: processing action (SetMmapRndBits) from (<Builtin Action>:0)
[    2.730384] dlkm_loader: Loaded kernel module /vendor/lib/modules/goldfish_sync.ko
[    2.730608] init: processing action (KeychordInit) from (<Builtin Action>:0)
[    2.730707] dlkm_loader: Loading module /system/lib/modules/can-dev.ko with args ''
[    2.730723] init: EVIOCSMASK not supported: Invalid argument
[    2.731179] init: processing action (init) from (/system/etc/init/hw/init.rc:116)
[    2.733173] CAN device driver interface
[    2.733291] dlkm_loader: Loaded kernel module /system/lib/modules/can-dev.ko
[    2.733356] dlkm_loader: Loading module /vendor/lib/modules/gs_usb.ko with args ''
[    2.734267] usbcore: registered new interface driver gs_usb
[    2.734361] dlkm_loader: Loaded kernel module /vendor/lib/modules/gs_usb.ko
[    2.734523] init: Command 'write /dev/blkio/blkio.weight 1000' action=init (/system/etc/init/hw/init.rc:218) took 0ms and failed: Unable to write to file '/dev/blkio/blkio.weight': open() failed: Permission denied
[    2.734531] dlkm_loader: Loading module /vendor/lib/modules/hci_vhci.ko with args ''
[    2.734735] init: Command 'write /dev/blkio/background/blkio.weight 200' action=init (/system/etc/init/hw/init.rc:219) took 0ms and failed: Unable to write to file '/dev/blkio/background/blkio.weight': open() failed: Permission denied
[    2.735007] init: Command 'write /dev/blkio/blkio.group_idle 0' action=init (/system/etc/init/hw/init.rc:221) took 0ms and failed: Unable to write to file '/dev/blkio/blkio.group_idle': open() failed: Permission denied
[    2.735172] init: Command 'write /dev/blkio/background/blkio.group_idle 0' action=init (/system/etc/init/hw/init.rc:222) took 0ms and failed: Unable to write to file '/dev/blkio/background/blkio.group_idle': open() failed: Permission denied
[    2.735544] dlkm_loader: Loaded kernel module /vendor/lib/modules/hci_vhci.ko
[    2.735835] dlkm_loader: Loading module /vendor/lib/modules/mt76.ko with args ''
[    2.739778] dlkm_loader: Loaded kernel module /vendor/lib/modules/mt76.ko
[    2.739848] dlkm_loader: Loading module /vendor/lib/modules/mt76-usb.ko with args ''
[    2.741088] dlkm_loader: Loaded kernel module /vendor/lib/modules/mt76-usb.ko
[    2.741270] dlkm_loader: Loading module /vendor/lib/modules/mt76x02-lib.ko with args ''
[    2.745597] dlkm_loader: Loaded kernel module /vendor/lib/modules/mt76x02-lib.ko
[    2.745680] dlkm_loader: Loading module /vendor/lib/modules/mt76x0-common.ko with args ''
[    2.748027] init: Command 'write /dev/cpu_variant:${ro.bionic.arch} ${ro.bionic.cpu_variant}' action=init (/system/etc/init/hw/init.rc:438) took 0ms and failed: property 'ro.bionic.cpu_variant' doesn't exist while expanding '${ro.bionic.cpu_variant}'
[    2.748039] dlkm_loader: Loaded kernel module /vendor/lib/modules/mt76x0-common.ko
[    2.748223] init: Command 'write /dev/cpu_variant:${ro.bionic.2nd_arch} ${ro.bionic.2nd_cpu_variant}' action=init (/system/etc/init/hw/init.rc:440) took 0ms and failed: property 'ro.bionic.2nd_arch' doesn't exist while expanding '/dev/cpu_variant:${ro.bionic.2nd_arch}'
[    2.748325] dlkm_loader: Loading module /vendor/lib/modules/mt76x02-usb.ko with args ''
[    2.748364] init: Command 'chmod 0444 /dev/cpu_variant:${ro.bionic.2nd_arch}' action=init (/system/etc/init/hw/init.rc:441) took 0ms and failed: property 'ro.bionic.2nd_arch' doesn't exist while expanding '/dev/cpu_variant:${ro.bionic.2nd_arch}'
[    2.748711] init: starting service 'logd'...
[    2.748927] init: Created socket '/dev/socket/logd', mode 666, user 1036, group 1036
[    2.749077] init: Created socket '/dev/socket/logdr', mode 666, user 1036, group 1036
[    2.749234] init: Created socket '/dev/socket/logdw', mode 222, user 1036, group 1036
[    2.749253] dlkm_loader: Loaded kernel module /vendor/lib/modules/mt76x02-usb.ko
[    2.749422] dlkm_loader: Loading module /vendor/lib/modules/mt76x0u.ko with args ''
[    2.750244] libprocessgroup: Created cgroup /sys/fs/cgroup/system/uid_1036
[    2.750794] libprocessgroup: Created cgroup /sys/fs/cgroup/system/uid_1036/pid_429
[    2.751188] usbcore: registered new interface driver mt76x0u
[    2.751274] dlkm_loader: Loaded kernel module /vendor/lib/modules/mt76x0u.ko
[    2.751435] dlkm_loader: Loading module /vendor/lib/modules/mt76x2-common.ko with args ''
[    2.751658] init: ... started service 'logd' has pid 429
[    2.751998] init: starting service 'lmkd'...
[    2.752185] init: Created socket '/dev/socket/lmkd', mode 660, user 1000, group 1000
[    2.753293] libprocessgroup: Created cgroup /sys/fs/cgroup/system/uid_1069
[    2.754022] libprocessgroup: Created cgroup /sys/fs/cgroup/system/uid_1069/pid_430
[    2.754206] dlkm_loader: Loaded kernel module /vendor/lib/modules/mt76x2-common.ko
[    2.754375] dlkm_loader: Loading module /vendor/lib/modules/mt76x2u.ko with args ''
[    2.755761] init: ... started service 'lmkd' has pid 430
[    2.756306] init: starting service 'servicemanager'...
[    2.756831] usbcore: registered new interface driver mt76x2u
[    2.757990] libprocessgroup: Created cgroup /sys/fs/cgroup/system/uid_1000/pid_431
[    2.758724] init: ... started service 'servicemanager' has pid 431
[    2.758929] init: starting service 'hwservicemanager'...
[    2.759690] dlkm_loader: Loaded kernel module /vendor/lib/modules/mt76x2u.ko
[    2.759876] dlkm_loader: Loading module /vendor/lib/modules/pulse8-cec.ko with args ''
[    2.760609] libprocessgroup: Created cgroup /sys/fs/cgroup/system/uid_1000/pid_432
[    2.760682] dlkm_loader: Loaded kernel module /vendor/lib/modules/pulse8-cec.ko
[    2.760873] dlkm_loader: Loading module /vendor/lib/modules/rtc-test.ko with args ''
[    2.761426] init: ... started service 'hwservicemanager' has pid 432
[    2.761525] init: Command 'start vndservicemanager' action=init (/system/etc/init/hw/init.rc:466) took 0ms and failed: service vndservicemanager not found
[    2.761565] rtc-test rtc-test.0: registered as rtc1
[    2.761724] rtc-test rtc-test.1: registered as rtc2
[    2.762027] rtc-test rtc-test.2: registered as rtc3
[    2.762127] dlkm_loader: Loaded kernel module /vendor/lib/modules/rtc-test.ko
[    2.762295] dlkm_loader: module snd_aloop is blocklisted
[    2.762327] dlkm_loader: LoadWithAliases was unable to load snd_aloop, tried: snd_aloop
[    2.762429] dlkm_loader: Loading module /vendor/lib/modules/system_heap.ko with args ''
[    2.762945] init: processing action (ro.debuggable=1 && init) from (/system/etc/init/hw/init.rc:1306)
[    2.763191] dlkm_loader: Loaded kernel module /vendor/lib/modules/system_heap.ko
[    2.763311] init: starting service 'console'...
[    2.763357] dlkm_loader: Loading module /vendor/lib/modules/test_meminit.ko with args ''
[    2.767200] libprocessgroup: Created cgroup /sys/fs/cgroup/system/uid_2000
[    2.767750] libprocessgroup: Created cgroup /sys/fs/cgroup/system/uid_2000/pid_433
[    2.768764] init: ... started service 'console' has pid 433
[    2.768874] init: processing action (ro.product.cpu.abilist64=* && init) from (/system/etc/init/hw/init.boringssl.zygote64.rc:1)
[    2.769824] init: starting service 'boringssl_self_test64'...
[    2.776574] libprocessgroup: Created cgroup /sys/fs/cgroup/system/uid_9999
[    2.777017] libprocessgroup: Created cgroup /sys/fs/cgroup/system/uid_9999/pid_434
[    2.777801] init: ... started service 'boringssl_self_test64' has pid 434
[    2.777861] init: SVC_EXEC service 'boringssl_self_test64' pid 434 (uid 9999 gid 0+0 context default) started; waiting...
[    2.781920] init: Service 'console' (pid 433) exited with status 0
[    2.781984] init: Sending SIGKILL to service 'console' (pid 433) process group...
[    2.782119] libprocessgroup: Removed cgroup /sys/fs/cgroup/system/uid_2000/pid_433
[    2.790111] test_meminit: all 11 tests in test_pages passed
[    2.791955] init: Service 'boringssl_self_test64' (pid 434) exited with status 0 waiting took 0.015000 seconds
[    2.792046] init: Sending SIGKILL to service 'boringssl_self_test64' (pid 434) process group...
[    2.792201] libprocessgroup: Removed cgroup /sys/fs/cgroup/system/uid_9999/pid_434
[    2.792440] init: processing action (ro.board.api_level=202604 && init) from (/system/etc/init/android.system.suspend-service.rc:7)
[    2.792524] test_meminit: all 40 tests in test_kvmalloc passed
[    2.792545] init: processing action (init) from (/system/etc/init/audioserver.rc:66)
[    2.792750] init: processing action (init) from (/system/etc/init/perfetto.rc:163)
[    2.795005] init: processing action (init) from (/vendor/etc/init/init.cutf_cvm.rc:23)
[    2.797431] init: processing action (init) from (/apex/com.google.cf.vulkan/etc/com.google.cf.vulkan.rc:4)
[    2.797612] init: processing action (CopyRollbackLogs) from (<Builtin Action>:0)
[    2.797693] init: processing action (late-init) from (/system/etc/init/hw/init.rc:518)
[    2.797836] init: processing action (late-init) from (/system/etc/init/atrace.rc:3)
[    2.801604] init: processing action (ro.boot.fastboot.boottrace= && late-init) from (/system/etc/init/atrace.rc:309)
[    2.801783] init: processing action (ro.boot.hypervisor.vm.supported=1 && late-init) from (/system/etc/init/atrace.rc:316)
[    2.801962] logd: libprocessgroup: A JoinCgroup action in the SystemMemoryProcess profile is used for controller memory in the cgroup v2 hierarchy and will be ignored
[    2.802605] init: processing action (queue_property_triggers) from (<Builtin Action>:0)
[    2.802688] init: processing action (early-fs) from (/system/etc/init/hw/init.rc:551)
[    2.802891] init: starting service 'vold'...
[    2.803628] libprocessgroup: Created cgroup /sys/fs/cgroup/system/uid_0/pid_441
[    2.804064] servicemanager: Starting sm instance on /dev/binder
[    2.804827] init: ... started service 'vold' has pid 441
[    2.804915] init: processing action (fs) from (/system/etc/init/logd.rc:29)
[    2.805437] init: processing action (fs) from (/system/etc/init/wifi.rc:25)
[    2.805575] init: processing action (fs) from (/vendor/etc/init/init.cutf_cvm.rc:48)
[    2.805879] logd.auditd: start
[    2.805930] logd.klogd: 2798288784
[    2.810924] init: [libfs_mgr] Invalid ext4 superblock on '/dev/block/by-name/metadata'
[    2.811034] init: [libfs_mgr] mount_with_alternatives(): skipping mount due to invalid magic, mountpoint=/metadata blk_dev=/dev/block/vda18 rec[7].fs_type=ext4
[    2.811155] init: [libfs_mgr] Invalid ext4 superblock on '/dev/block/by-name/metadata'
[    2.811223] init: [libfs_mgr] mount_with_alternatives(): skipping mount due to invalid magic, mountpoint=/metadata blk_dev=/dev/block/vda18 rec[8].fs_type=ext4
[    2.811336] SELinux: Multiple same specifications for android.hardware.secure_element.ISecureElement/eSE1.
[    2.811688] init: [libfs_mgr] fs_mgr_mount_all(): /dev/block/vda18 is wiped and /metadata ext4 is formattable. Format it.
[    2.811881] SELinux: SELinux: Loaded service context from:
[    2.811922] SELinux: 		/system/etc/selinux/plat_service_contexts
[    2.811955] SELinux: 		/system_ext/etc/selinux/system_ext_service_contexts
[    2.811981] SELinux: 		/product/etc/selinux/product_service_contexts
[    2.812012] SELinux: 		/vendor/etc/selinux/vendor_service_contexts
[    2.812042] SELinux: 		/odm/etc/selinux/odm_service_contexts
[    2.812322] init: [libfs_mgr] fs_mgr_do_format: Format /dev/block/by-name/metadata as 'ext4'
[    2.813597] logd: Loaded bug_map file: /system_ext/etc/selinux/bug_map
[    2.817091] logd: Loaded bug_map file: /vendor/etc/selinux/selinux_denial_metadata
[    2.817797] logd: Loaded bug_map file: /system/etc/selinux/bug_map
[    2.828927] type=1403 audit(1790635540.067:2): auid=4294967295 ses=4294967295 lsm=selinux res=1
[    2.829055] type=1300 audit(1790635540.067:2): arch=c000003e syscall=1 success=yes exit=911737 a0=4 a1=7f095c848680 a2=de979 a3=0 items=0 ppid=0 auid=4294967295 uid=0 gid=0 euid=0 suid=0 fsuid=0 egid=0 sgid=0 fsgid=0 tty=(none) ses=4294967295 comm="init" exe="/system/bin/init" subj=u:r:kernel:s0 key=(null)
[    2.829196] type=1327 audit(1790635540.067:2): proctitle=2F73797374656D2F62696E2F696E69740073656C696E75785F7365747570
[    2.829270] type=1320 audit(1790635540.067:2): 
[    2.829306] type=1404 audit(1790635540.087:3): enforcing=1 old_enforcing=0 auid=4294967295 ses=4294967295 enabled=1 old-enabled=1 lsm=selinux res=1
[    2.829365] type=1300 audit(1790635540.087:3): arch=c000003e syscall=1 success=yes exit=1 a0=4 a1=7ffd9d666e80 a2=1 a3=0 items=0 ppid=0 auid=4294967295 uid=0 gid=0 euid=0 suid=0 fsuid=0 egid=0 sgid=0 fsgid=0 tty=(none) ses=4294967295 comm="init" exe="/system/bin/init" subj=u:r:kernel:s0 key=(null)
[    2.829471] type=1327 audit(1790635540.087:3): proctitle=2F73797374656D2F62696E2F696E69740073656C696E75785F7365747570
[    2.829512] type=1320 audit(1790635540.087:3): 
[    2.829541] type=1305 audit(1790635541.671:4): op=set audit_pid=429 old=0 auid=4294967295 ses=4294967295 subj=u:r:logd:s0 res=1
[    2.829592] type=1300 audit(1790635541.671:4): arch=c000003e syscall=44 success=yes exit=60 a0=a a1=7fffb7ac9410 a2=3c a3=0 items=0 ppid=1 auid=4294967295 uid=1036 gid=1036 euid=1036 suid=1036 fsuid=1036 egid=1036 sgid=1036 fsgid=1036 tty=(none) ses=4294967295 comm="logd" exe="/system/bin/logd" subj=u:r:logd:s0 key=(null)
[    2.829704] type=1327 audit(1790635541.671:4): proctitle="/system/bin/logd"
[    2.829745] type=1320 audit(1790635541.671:4): 
[    2.839256] mke2fs: mke2fs 1.47.2 (1-Jan-2025)
[    3.418820] mke2fs: Discarding device blocks:     0/16384           done                            
[    3.443869] test_meminit: all 70 tests in test_kmemcache passed
[    3.604607] mke2fs: Creating filesystem with 16384 4k blocks and 16384 inodes
[    3.604668] mke2fs: 
[    3.604690] mke2fs: Allocating group tables: 0/1   done                            
[    3.606288] mke2fs: Writing inode tables: 0/1   done                            
[    3.607929] mke2fs: Creating journal (1024 blocks): done
[    3.673761] mke2fs: Writing superblocks and filesystem accounting information: 0/1   done
[    3.673831] mke2fs: 
[    3.690803] e2fsdroid: Created filesystem with 11/16384 inodes and 3081/16384 blocks
[    3.692029] init: [libfs_mgr] superblock s_max_mnt_count:65535,/dev/block/by-name/metadata
[    3.699082] init: [libfs_mgr] check_fs(): mount(/dev/block/by-name/metadata,/metadata,ext4)=0: Success
[    3.707997] init: [libfs_mgr] umount_retry(): unmount(/metadata) succeeded
[    3.708877] init: [libfs_mgr] Running /system/bin/e2fsck on /dev/block/vda18
[    3.712621] hw-ProcessState: HwBinder is not supported on this device but this process is calling setThreadPoolConfiguration
[    3.716308] libbinder.BackendUnifiedServiceManager: Thread Pool max thread count is 0. Cannot cache binder as linkToDeath cannot be implemented. serviceName: vold
[    3.719424] servicemanager: getDeviceHalManifest: Reading VINTF information.
[    3.721236] servicemanager: Loaded APEX Infos from /apex/apex-info-list.xml
[    3.724872] e2fsck: /dev/block/by-name/metadata: clean, 11/16384 files, 3081/16384 blocks
[    3.725391] init: [libfs_mgr] fsck on /metadata took 33ms
[    3.725437] servicemanager: Loaded APEX Infos from /apex/apex-info-list.xml
[    3.725501] init: [libfs_mgr] superblock s_max_mnt_count:65535,/dev/block/by-name/metadata
[    3.725504] servicemanager: getDeviceHalManifest: Successfully processed VINTF information
[    3.725590] servicemanager: getFrameworkHalManifest: Reading VINTF information.
[    3.725601] init: [libfs_mgr] Enabling ext4 verity on /dev/block/by-name/metadata
[    3.726996] servicemanager: Loaded APEX Infos from /apex/apex-info-list.xml
[    3.727303] servicemanager: getFrameworkHalManifest: Successfully processed VINTF information
[    3.727617] servicemanager: Caller(pid=441,uid=0,sid=u:r:vold:s0) Found android.system.vold.IVold/default in framework VINTF manifest.
[    3.728082] servicemanager: Caller(pid=441,uid=0,sid=u:r:vold:s0) Found android.system.vold.IVold/default in framework VINTF manifest.
[    3.731710] test_meminit: all 10 tests in test_rcu_persistent passed
[    3.731773] test_meminit: all 131 tests passed!
[    3.731947] dlkm_loader: Loaded kernel module /vendor/lib/modules/test_meminit.ko
[    3.732108] dlkm_loader: Loading module /vendor/lib/modules/usbip-core.ko with args ''
[    3.732855] dlkm_loader: Loaded kernel module /vendor/lib/modules/usbip-core.ko
[    3.733031] dlkm_loader: Loading module /vendor/lib/modules/v4l2-tpg.ko with args ''
[    3.733898] tune2fs: tune2fs 1.47.2 (1-Jan-2025)
[    3.734255] dlkm_loader: Loaded kernel module /vendor/lib/modules/v4l2-tpg.ko
[    3.734375] dlkm_loader: Loading module /vendor/lib/modules/v4l2loopback.ko with args ''
[    3.741464] v4l2loopback driver version 0.12.7 loaded
[    3.741549] dlkm_loader: Loaded kernel module /vendor/lib/modules/v4l2loopback.ko
[    3.741653] dlkm_loader: Loading module /vendor/lib/modules/vhci-hcd.ko with args ''
[    3.746452] vhci_hcd vhci_hcd.0: USB/IP Virtual Host Controller
[    3.746519] vhci_hcd vhci_hcd.0: new USB bus registered, assigned bus number 2
[    3.746571] vhci_hcd: created sysfs vhci_hcd.0
[    3.746620] usb usb2: New USB device found, idVendor=1d6b, idProduct=0002, bcdDevice= 6.12
[    3.746657] usb usb2: New USB device strings: Mfr=3, Product=2, SerialNumber=1
[    3.746689] usb usb2: Product: USB/IP Virtual Host Controller
[    3.746721] usb usb2: Manufacturer: Linux 6.12.74-android16-6-g3ec022196c4e-ab15076761 vhci_hcd
[    3.746772] usb usb2: SerialNumber: vhci_hcd.0
[    3.746876] hub 2-0:1.0: USB hub found
[    3.746921] hub 2-0:1.0: 8 ports detected
[    3.747110] vhci_hcd vhci_hcd.0: USB/IP Virtual Host Controller
[    3.747143] vhci_hcd vhci_hcd.0: new USB bus registered, assigned bus number 3
[    3.747213] usb usb3: We don't know the algorithms for LPM for this host, disabling LPM.
[    3.747269] usb usb3: New USB device found, idVendor=1d6b, idProduct=0003, bcdDevice= 6.12
[    3.747300] usb usb3: New USB device strings: Mfr=3, Product=2, SerialNumber=1
[    3.747337] usb usb3: Product: USB/IP Virtual Host Controller
[    3.747366] usb usb3: Manufacturer: Linux 6.12.74-android16-6-g3ec022196c4e-ab15076761 vhci_hcd
[    3.747405] usb usb3: SerialNumber: vhci_hcd.0
[    3.747499] hub 3-0:1.0: USB hub found
[    3.747520] hub 3-0:1.0: 8 ports detected
[    3.747796] dlkm_loader: Loaded kernel module /vendor/lib/modules/vhci-hcd.ko
[    3.747933] dlkm_loader: Loading module /vendor/lib/modules/virt_wifi.ko with args ''
[    3.752436] init: [libfs_mgr] __mount(source=/dev/block/by-name/metadata,target=/metadata,type=ext4)=0: Success
[    3.752613] init: [libfs_mgr] mount_with_alternatives(): skipping fstab dup mountpoint=/metadata rec[8].fs_type=ext4 already mounted as ext4
[    3.753034] dlkm_loader: Loaded kernel module /vendor/lib/modules/virt_wifi.ko
[    3.753137] dlkm_loader: Loading module /vendor/lib/modules/virtio-media.ko with args ''
[    3.753652] virtio-fs: tag <shared> not found
[    3.753705] init: [libfs_mgr] __mount(source=shared,target=/mnt/vendor/shared,type=virtiofs)=-1: Invalid argument
[    3.753859] init: [libfs_mgr] fsck on /mnt/vendor/shared took 0ms
[    3.753919] virtio-fs: tag <shared> not found
[    3.753967] init: [libfs_mgr] __mount(source=shared,target=/mnt/vendor/shared,type=virtiofs)=-1: Invalid argument
[    3.754042] init: [libfs_mgr] Ignoring failure to mount an un-encryptable, interrupted, or wiped partition on shared at /mnt/vendor/shared options: : No such file or directory
[    3.754140] dlkm_loader: Loaded kernel module /vendor/lib/modules/virtio-media.ko
[    3.754203] init: Command 'mount_all --early' action=fs (/vendor/etc/init/init.cutf_cvm.rc:52) took 948ms and succeeded
[    3.754226] dlkm_loader: Loading module /vendor/lib/modules/virtio_pmem.ko with args ''
[    3.755765] init: processing action (post-fs) from (/system/etc/init/hw/init.rc:555)
[    3.756176] nd_pmem namespace0.0: unable to guarantee persistence of writes
[    3.756510] init: starting service 'exec 4 (/system/bin/vdc checkpoint markBootAttempt)'...
[    3.757322] dlkm_loader: Loaded kernel module /vendor/lib/modules/virtio_pmem.ko
[    3.757350] libprocessgroup: Created cgroup /sys/fs/cgroup/system/uid_1000/pid_460
[    3.757432] dlkm_loader: Loading module /vendor/lib/modules/virtio_snd.ko with args ''
[    3.757644] nd_pmem namespace1.0: unable to guarantee persistence of writes
[    3.758050] init: ... started service 'exec 4 (/system/bin/vdc checkpoint markBootAttempt)' has pid 460
[    3.758142] init: SVC_EXEC service 'exec 4 (/system/bin/vdc checkpoint markBootAttempt)' pid 460 (uid 1000 gid 1000+0 context default) started; waiting...
[    3.761682] dlkm_loader: Loaded kernel module /vendor/lib/modules/virtio_snd.ko
[    3.761822] dlkm_loader: module vivid is blocklisted
[    3.761860] dlkm_loader: LoadWithAliases was unable to load vivid, tried: vivid
[    3.761965] dlkm_loader: module vkms is blocklisted
[    3.762004] dlkm_loader: LoadWithAliases was unable to load vkms, tried: vkms
[    3.762069] dlkm_loader: module load count is 34
[    3.762944] init: Service 'vendor.dlkm_loader' (pid 422) exited with status 0 oneshot service took 1.084000 seconds in background
[    3.763034] init: Sending SIGKILL to service 'vendor.dlkm_loader' (pid 422) process group...
[    3.763177] libprocessgroup: Removed cgroup /sys/fs/cgroup/system/uid_0/pid_422
[    3.767616] libbinder.BackendUnifiedServiceManager: Thread Pool max thread count is 0. Cannot cache binder as linkToDeath cannot be implemented. serviceName: vold
[    3.768251] init: Service 'exec 4 (/system/bin/vdc checkpoint markBootAttempt)' (pid 460) exited with status 0 waiting took 0.011000 seconds
[    3.768346] init: Sending SIGKILL to service 'exec 4 (/system/bin/vdc checkpoint markBootAttempt)' (pid 460) process group...
[    3.768493] libprocessgroup: Removed cgroup /sys/fs/cgroup/system/uid_1000/pid_460
[    3.771195] init: Command 'chown system cache /cache' action=post-fs (/system/etc/init/hw/init.rc:571) took 0ms and failed: lchown() failed: Read-only file system
[    3.771316] init: Command 'chmod 0770 /cache' action=post-fs (/system/etc/init/hw/init.rc:572) took 0ms and failed: fchmodat() failed: Read-only file system
[    3.773852] init: processing action (post-fs) from (/system/etc/init/aconfigd.rc:33)
[    3.774258] init: starting service 'system_aconfigd_platform_init'...
[    3.774970] libprocessgroup: Created cgroup /sys/fs/cgroup/system/uid_1000/pid_461
[    3.775676] init: ... started service 'system_aconfigd_platform_init' has pid 461
[    3.775805] init: SVC_EXEC service 'system_aconfigd_platform_init' pid 461 (uid 1000 gid 1000+0 context default) started; waiting...
[    4.094090] init: Service 'system_aconfigd_platform_init' (pid 461) exited with status 0 waiting took 0.319000 seconds
[    4.094178] init: Sending SIGKILL to service 'system_aconfigd_platform_init' (pid 461) process group...
[    4.094322] libprocessgroup: Removed cgroup /sys/fs/cgroup/system/uid_1000/pid_461
[    4.094529] init: processing action (post-fs) from (/system/etc/init/atrace_userdebug.rc:7)
[    4.094789] init: processing action (post-fs) from (/system/etc/init/gsid.rc:8)
[    4.095179] init: processing action (post-fs) from (/system/etc/init/recovery-refresh.rc:1)
[    4.095306] init: starting service 'exec 5 (/system/bin/recovery-refresh)'...
[    4.096010] libprocessgroup: Created cgroup /sys/fs/cgroup/system/uid_1000/pid_462
[    4.096619] init: ... started service 'exec 5 (/system/bin/recovery-refresh)' has pid 462
[    4.096752] init: processing action (late-fs) from (/system/etc/init/hw/init.rc:635)
[    4.097394] init: starting service 'system_suspend'...
[    4.098139] libprocessgroup: Created cgroup /sys/fs/cgroup/system/uid_1000/pid_463
[    4.098965] init: ... started service 'system_suspend' has pid 463
[    4.099110] init: starting service 'keystore2'...
[    4.099887] libprocessgroup: Created cgroup /sys/fs/cgroup/system/uid_1017
[    4.100356] libprocessgroup: Created cgroup /sys/fs/cgroup/system/uid_1017/pid_464
[    4.101192] init: ... started service 'keystore2' has pid 464
[    4.101327] init: starting service 'suspend_blocker'...
[    4.102071] libprocessgroup: Created cgroup /sys/fs/cgroup/system/uid_0/pid_465
[    4.102839] init: ... started service 'suspend_blocker' has pid 465
[    4.103186] init: starting service 'vendor.boot-default'...
[    4.104323] libprocessgroup: Created cgroup /sys/fs/cgroup/system/uid_0/pid_466
[    4.106825] init: ... started service 'vendor.boot-default' has pid 466
[    4.110970] init: starting service 'vendor.gatekeeper_nonsecure'...
[    4.111058] servicemanager: Caller(pid=463,uid=1000,sid=u:r:system_suspend:s0) Found android.system.suspend.ISystemSuspend/default in framework VINTF manifest.
[    4.111913] libprocessgroup: Created cgroup /sys/fs/cgroup/system/uid_1000/pid_469
[    4.112720] init: ... started service 'vendor.gatekeeper_nonsecure' has pid 469
[    4.113984] init: starting service 'vendor.keymint-default'...
[    4.114902] libprocessgroup: Created cgroup /sys/fs/cgroup/system/uid_9999/pid_471
[    4.115707] init: ... started service 'vendor.keymint-default' has pid 471
[    4.115836] init: Service 'exec 5 (/system/bin/recovery-refresh)' (pid 462) exited with status 254 oneshot service took 0.019000 seconds in background
[    4.115929] init: Sending SIGKILL to service 'exec 5 (/system/bin/recovery-refresh)' (pid 462) process group...
[    4.116072] libprocessgroup: Removed cgroup /sys/fs/cgroup/system/uid_1000/pid_462
[    4.116197] init: processing action (late-fs) from (/system/etc/init/hw/init.rc:649)
[    4.116341] init: processing action (late-fs) from (/vendor/etc/init/init.cutf_cvm.rc:71)
[    4.116629] android.hardware.boot-service.default: [libfstab] Using Android DT directory /proc/device-tree/firmware/android/
[    4.116958] init: Calling: /system/bin/vdc checkpoint needsCheckpoint
[    4.126789] libbinder.BackendUnifiedServiceManager: Thread Pool max thread count is 0. Cannot cache binder as linkToDeath cannot be implemented. serviceName: vold
[    4.127216] servicemanager: Caller(pid=441,uid=0,sid=u:r:vold:s0) Found android.hardware.boot.IBootControl/default in device VINTF manifest.
[    4.127397] servicemanager: Caller(pid=441,uid=0,sid=u:r:vold:s0) Since 'android.hardware.boot.IBootControl/default' could not be found trying to start it as a lazy AIDL service. (if it's not configured to be a lazy service, it may be stuck starting or still starting).
[    4.128291] servicemanager: Caller(pid=466,uid=0,sid=u:r:hal_bootctl_default:s0) Found android.hardware.boot.IBootControl/default in device VINTF manifest.
[    4.128423] libbinder.BackendUnifiedServiceManager: Thread Pool max thread count is 0. Cannot cache binder as linkToDeath cannot be implemented. serviceName: android.hardware.boot.IBootControl/default
[    4.128608] android.hardware.boot-service.default: IBootControl AIDL service running...
[    4.128857] libbinder.BpBinder: onLastStrongRef automatically unlinking death recipients for binder (0x7f3306807590) with descriptor: '(not cached)'
[    4.131493] vdc: vdc terminated by exit(1)
[    4.131529] vdc: 
[    4.134334] init: [libfs_mgr] Running /system/bin/fsck.f2fs -a -c 10000 --debug-cache /dev/block/by-name/userdata
[    4.138634] servicemanager: Caller(pid=465,uid=0,sid=u:r:suspend_blocker:s0) Found android.system.suspend.ISystemSuspend/default in framework VINTF manifest.
[    4.150065] fsck.f2fs: Info: Automatic fix mode enabled.
[    4.150716] fsck.f2fs: Info: not exist /proc/version!
[    4.150971] fsck.f2fs: Info: MKFS version
[    4.151009] fsck.f2fs:   "6.17.0-1008-gcp"
[    4.151040] fsck.f2fs: Info: FSCK version
[    4.151065] fsck.f2fs:   from "6.17.0-1008-gcp"
[    4.151102] fsck.f2fs:     to "6.12.74-android16-6-g3ec022196c4e-ab15076761"
[    4.151147] fsck.f2fs: Info: superblock features = 3499 :  encrypt extra_attr project_quota quota verity casefold compression
[    4.151204] fsck.f2fs: Info: superblock encrypt level = 0, salt = 00000000000000000000000000000000
[    4.151252] fsck.f2fs: Info: Segments per section = 1
[    4.151287] fsck.f2fs: Info: Sections per zone = 1
[    4.151311] fsck.f2fs: Info: total FS sectors = 16777216 (8192 MB)
[    4.156092] fsck.f2fs: Info: CKPT version = 58a5b2ab
[    4.156136] fsck.f2fs: Info: Casefold: linear_lookup [disable]
[    4.156171] fsck.f2fs: Info: version timestamp cur: 0, prev: 0
[    4.156207] fsck.f2fs: [update_superblock: 935] Info: Done to update superblock
[    4.159077] fsck.f2fs: Info: checkpoint state = 81 :  nat_bits unmount
[    4.159122] fsck.f2fs: Info: No error was reported
[    4.159150] fsck.f2fs: 
[    4.159167] fsck.f2fs: c, u, RA, CH, CM, Repl=
[    4.159206] fsck.f2fs: 10000 10 10 0 10 0
[    4.161067] init: [libfs_mgr] fsck on /data took 26ms
[    4.161112] init: Mount point /dev/block/by-name/userdata @ /data uses metadata encryption, which means we need to unmount it later and call encryptFstab/encrypt_inplace. To avoid file operations before encryption, we will mount it as read-only first
[    4.161504] F2FS-fs (vda17): Using encoding defined by superblock: utf8-12.1.0 with flags 0x2
[    4.167376] F2FS-fs (vda17): checkpoint=disable on readonly fs
[    4.203946] init: [libfs_mgr] Kernel does not support ,nodiscard,checkpoint=disable:0%, trying without.: Invalid argument
[    4.205062] F2FS-fs (vda17): Using encoding defined by superblock: utf8-12.1.0 with flags 0x2
[    4.206707] servicemanager: Caller(pid=469,uid=1000,sid=u:r:hal_gatekeeper_default:s0) Found android.hardware.security.sharedsecret.ISharedSecret/gatekeeper in device VINTF manifest.
[    4.206965] libbinder.BackendUnifiedServiceManager: Thread Pool max thread count is 0. Cannot cache binder as linkToDeath cannot be implemented. serviceName: android.hardware.security.sharedsecret.ISharedSecret/gatekeeper
[    4.207211] servicemanager: Caller(pid=469,uid=1000,sid=u:r:hal_gatekeeper_default:s0) Found android.hardware.gatekeeper.IGatekeeper/default in device VINTF manifest.
[    4.207358] libbinder.BackendUnifiedServiceManager: Thread Pool max thread count is 0. Cannot cache binder as linkToDeath cannot be implemented. serviceName: android.hardware.gatekeeper.IGatekeeper/default
[    4.207611] F2FS-fs (vda17): checkpoint=disable on readonly fs
[    4.210727] servicemanager: Caller(pid=471,uid=9999,sid=u:r:hal_keymint_default:s0) Found android.hardware.security.keymint.IKeyMintDevice/default in device VINTF manifest.
[    4.211148] servicemanager: Caller(pid=471,uid=9999,sid=u:r:hal_keymint_default:s0) Found android.hardware.security.keymint.IRemotelyProvisionedComponent/default in device VINTF manifest.
[    4.211526] servicemanager: Caller(pid=471,uid=9999,sid=u:r:hal_keymint_default:s0) Found android.hardware.security.secureclock.ISecureClock/default in device VINTF manifest.
[    4.211871] servicemanager: Caller(pid=471,uid=9999,sid=u:r:hal_keymint_default:s0) Found android.hardware.security.sharedsecret.ISharedSecret/default in device VINTF manifest.
[    4.231798] android.hardware.gatekeeper-service.nonsecure: Presented shared secret parameters with seed size 32 and nonce size 32
[    4.232117] android.hardware.gatekeeper-service.nonsecure: Computing shared secret
[    4.233539] servicemanager: Caller(pid=464,uid=1017,sid=u:r:keystore:s0) Found android.system.keystore2.IKeystoreService/default in framework VINTF manifest.
[    4.247921] init: [libfs_mgr] Kernel does not support ,nodiscard,checkpoint=disable, trying without.: Invalid argument
[    4.248330] F2FS-fs (vda17): Using encoding defined by superblock: utf8-12.1.0 with flags 0x2
[    4.250000] F2FS-fs (vda17): Mounted with checkpoint version = 58a5b2ab
[    4.250112] init: [libfs_mgr] __mount(source=/dev/block/by-name/userdata,target=/data,type=f2fs)=0: Success
[    4.250402] init: [libfs_mgr] mount_with_alternatives(): skipping fstab dup mountpoint=/data rec[6].fs_type=ext4 already mounted as f2fs
[    4.295850] init: [libfs_mgr] umount_retry(): unmount(/data) succeeded
[    4.295974] init: Calling: /system/bin/vdc cryptfs encryptFstab /dev/block/by-name/userdata /data false f2fs false 0  
[    4.305807] libbinder.BackendUnifiedServiceManager: Thread Pool max thread count is 0. Cannot cache binder as linkToDeath cannot be implemented. serviceName: vold
[    4.356785] vold: keystore2 Keystore generateKey returned service specific error: -67
[    4.356852] vold: Failed to generate rollback-resistant key.  This is expected if keystore doesn't support rollback resistance.  Falling back to non-rollback-resistant key.
[    5.092512] fsck.f2fs: Info: Automatic fix mode enabled.
[    5.093562] fsck.f2fs: Info: not exist /proc/version!
[    5.093965] fsck.f2fs: Info: MKFS version
[    5.094019] fsck.f2fs:   "6.17.0-1008-gcp"
[    5.094052] fsck.f2fs: Info: FSCK version
[    5.094079] fsck.f2fs:   from "6.12.74-android16-6-g3ec022196c4e-ab15076761"
[    5.094130] fsck.f2fs:     to "6.12.74-android16-6-g3ec022196c4e-ab15076761"
[    5.094165] fsck.f2fs: Info: superblock features = 3499 :  encrypt extra_attr project_quota quota verity casefold compression
[    5.094225] fsck.f2fs: Info: superblock encrypt level = 0, salt = 00000000000000000000000000000000
[    5.094293] fsck.f2fs: [update_superblock: 935] Info: Done to update superblock
[    5.094374] fsck.f2fs: Info: Segments per section = 1
[    5.094430] fsck.f2fs: Info: Sections per zone = 1
[    5.094486] fsck.f2fs: Info: total FS sectors = 2097152 (8192 MB)
[    5.094843] fsck.f2fs: Info: CKPT version = 58a5b2ab
[    5.094930] fsck.f2fs: Info: Casefold: linear_lookup [disable]
[    5.094979] fsck.f2fs: Info: version timestamp cur: 0, prev: 0
[    5.095023] fsck.f2fs: [update_superblock: 935] Info: Done to update superblock
[    5.095876] fsck.f2fs: Info: checkpoint state = 81 :  nat_bits unmount
[    5.095968] fsck.f2fs: Info: No error was reported
[    5.096013] fsck.f2fs: 
[    5.096035] fsck.f2fs: c, u, RA, CH, CM, Repl=
[    5.096070] fsck.f2fs: 10000 10 10 0 10 0
[    5.097001] init: Unable to set property 'ro.boottime.init.fsck.data' from uid:0 gid:0 pid:441: Read-only property was already set
[    5.097670] F2FS-fs (dm-17): Using encoding defined by superblock: utf8-12.1.0 with flags 0x2
[    5.102826] F2FS-fs (dm-17): Start checkpoint disabled!
[    5.119576] F2FS-fs (dm-17): f2fs_disable_checkpoint() finish, err:0
[    5.119795] F2FS-fs (dm-17): Mounted with checkpoint version = 58a5b2ac
[    5.120143] init: Unable to set property 'ro.boottime.init.mount.data' from uid:0 gid:0 pid:441: Read-only property was already set
[    5.124740] init: Command 'mount_all --late' action=late-fs (/vendor/etc/init/init.cutf_cvm.rc:73) took 1008ms and succeeded
[    5.126603] init: Control message: Could not find 'aidl/android.hardware.boot.IBootControl/default' for ctl.interface_start from pid: 431 (/system/bin/servicemanager)
[    5.126917] servicemanager: Caller(pid=441,uid=0,sid=u:r:vold:s0) Tried to start aidl service android.hardware.boot.IBootControl/default as a lazy service, but was unable to. Usually this happens when a service is not installed, but if the service is intended to be used as a lazy service, then it may be configured incorrectly.
[    5.127162] GUEST_BUILD_FINGERPRINT: generic/aosp_cf_x86_64_only_phone/vsoc_x86_64_only:17/CP2A.260605.016/16373615:userdebug/test-keys
[    5.127250] init: processing action (post-fs-data) from (/system/etc/init/hw/init.rc:663)
[    5.127566] init: starting service 'exec 6 (/system/bin/vdc checkpoint prepareCheckpoint)'...
[    5.128629] libprocessgroup: Created cgroup /sys/fs/cgroup/system/uid_1000/pid_497
[    5.129313] init: ... started service 'exec 6 (/system/bin/vdc checkpoint prepareCheckpoint)' has pid 497
[    5.129393] init: SVC_EXEC service 'exec 6 (/system/bin/vdc checkpoint prepareCheckpoint)' pid 497 (uid 1000 gid 1000+0 context default) started; waiting...
[    5.137869] libbinder.BackendUnifiedServiceManager: Thread Pool max thread count is 0. Cannot cache binder as linkToDeath cannot be implemented. serviceName: vold
[    5.140038] init: Service 'exec 6 (/system/bin/vdc checkpoint prepareCheckpoint)' (pid 497) exited with status 0 waiting took 0.011000 seconds
[    5.140173] init: Sending SIGKILL to service 'exec 6 (/system/bin/vdc checkpoint prepareCheckpoint)' (pid 497) process group...
[    5.140441] libprocessgroup: Removed cgroup /sys/fs/cgroup/system/uid_1000/pid_497
[    5.141729] init: starting service 'exec 7 (/system/bin/vdc --wait cryptfs enablefilecrypto)'...
[    5.143177] libprocessgroup: Created cgroup /sys/fs/cgroup/system/uid_0/pid_499
[    5.144154] init: ... started service 'exec 7 (/system/bin/vdc --wait cryptfs enablefilecrypto)' has pid 499
[    5.144441] init: SVC_EXEC service 'exec 7 (/system/bin/vdc --wait cryptfs enablefilecrypto)' pid 499 (uid 0 gid 0+0 context default) started; waiting...
[    5.155015] libbinder.BackendUnifiedServiceManager: Thread Pool max thread count is 0. Cannot cache binder as linkToDeath cannot be implemented. serviceName: vold
[    5.156756] vold: keystore2 Keystore generateKey returned service specific error: -67
[    5.156852] vold: Failed to generate rollback-resistant key.  This is expected if keystore doesn't support rollback resistance.  Falling back to non-rollback-resistant key.
[    5.159233] init: Service 'exec 7 (/system/bin/vdc --wait cryptfs enablefilecrypto)' (pid 499) exited with status 0 waiting took 0.016000 seconds
[    5.159384] init: Sending SIGKILL to service 'exec 7 (/system/bin/vdc --wait cryptfs enablefilecrypto)' (pid 499) process group...
[    5.159634] libprocessgroup: Removed cgroup /sys/fs/cgroup/system/uid_0/pid_499
[    5.160521] init: Encryption policy of /data/bootchart set to 58542ff2457c5bee92fca731e1284d60 v2 modes 1/10 flags 0xa
[    5.161059] fscrypt: AES-256-HCTR2 using implementation "hctr2_base(xctr-aes-aesni,polyval-clmulni)"
[    5.161226] init: Command 'copy /data/system/entropy.dat /dev/urandom' action=post-fs-data (/system/etc/init/hw/init.rc:683) took 0ms and failed: Could not read input file '/data/system/entropy.dat': open() failed: No such file or directory
[    5.162033] init: Encryption policy of /data/vendor set to 58542ff2457c5bee92fca731e1284d60 v2 modes 1/10 flags 0xa
[    5.162387] init: Encryption policy of /data/anr set to 58542ff2457c5bee92fca731e1284d60 v2 modes 1/10 flags 0xa
[    5.162588] init: Encryption policy of /data/tombstones set to 58542ff2457c5bee92fca731e1284d60 v2 modes 1/10 flags 0xa
[    5.162924] init: starting service 'tombstoned'...
[    5.163065] init: Created socket '/dev/socket/tombstoned_crash', mode 666, user 1000, group 1000
[    5.163282] init: Created socket '/dev/socket/tombstoned_intercept', mode 666, user 1000, group 1000
[    5.163479] init: Created socket '/dev/socket/tombstoned_java_trace', mode 666, user 1000, group 1000
[    5.164958] libprocessgroup: Created cgroup /sys/fs/cgroup/system/uid_1058
[    5.165547] libprocessgroup: Created cgroup /sys/fs/cgroup/system/uid_1058/pid_503
[    5.166366] init: ... started service 'tombstoned' has pid 503
[    5.166552] init: Command 'enter_default_mount_ns' action=post-fs-data (/system/etc/init/hw/init.rc:696) took 0ms and failed: Failed to switch to default mount namespace.: Invalid argument
[    5.167075] init: Encryption policy of /data/misc set to 58542ff2457c5bee92fca731e1284d60 v2 modes 1/10 flags 0xa
[    5.167866] init: starting service 'exec 8 (/system/bin/vdc keymaster earlyBootEnded)'...
[    5.169302] libprocessgroup: Created cgroup /sys/fs/cgroup/system/uid_1000/pid_504
[    5.169999] init: ... started service 'exec 8 (/system/bin/vdc keymaster earlyBootEnded)' has pid 504
[    5.170134] init: SVC_EXEC service 'exec 8 (/system/bin/vdc keymaster earlyBootEnded)' pid 504 (uid 1000 gid 1000+0 context default) started; waiting...
[    5.180061] libbinder.BackendUnifiedServiceManager: Thread Pool max thread count is 0. Cannot cache binder as linkToDeath cannot be implemented. serviceName: vold
[    5.193777] fscrypt: AES-256-XTS using blk-crypto-fallback
[    5.203778] init: Service 'exec 8 (/system/bin/vdc keymaster earlyBootEnded)' (pid 504) exited with status 0 waiting took 0.034000 seconds
[    5.204000] init: Sending SIGKILL to service 'exec 8 (/system/bin/vdc keymaster earlyBootEnded)' (pid 504) process group...
[    5.204272] libprocessgroup: Removed cgroup /sys/fs/cgroup/system/uid_1000/pid_504
[    5.204889] init: Encryption policy of /data/property set to 58542ff2457c5bee92fca731e1284d60 v2 modes 1/10 flags 0xa
[    5.205195] init: Could not load single persistent property file, trying legacy directory: Unable to read persistent property file: open() failed: No such file or directory
[    5.206091] init: Wait for property 'ro.persistent_properties.ready=true' took 1ms
[    5.206381] init: starting service 'logd-reinit'...
[    5.207460] libprocessgroup: Created cgroup /sys/fs/cgroup/system/uid_1036/pid_508
[    5.208568] init: ... started service 'logd-reinit' has pid 508
[    5.208778] init: Not setting encryption policy on: /data/apex
[    5.209607] init: Encryption policy of /data/apex/decompressed set to 58542ff2457c5bee92fca731e1284d60 v2 modes 1/10 flags 0xa
[    5.209874] init: Encryption policy of /data/app-staging set to 58542ff2457c5bee92fca731e1284d60 v2 modes 1/10 flags 0xa
[    5.210138] init: Encryption policy of /data/apex/ota_reserved set to 58542ff2457c5bee92fca731e1284d60 v2 modes 1/10 flags 0xa
[    5.210489] init: starting service 'apexd'...
[    5.211628] libprocessgroup: Created cgroup /sys/fs/cgroup/system/uid_0/pid_509
[    5.212717] init: ... started service 'apexd' has pid 509
[    5.213266] init: Command 'copy /data/misc/recovery/ro.build.fingerprint /data/misc/recovery/ro.build.fingerprint.1' action=post-fs-data (/system/etc/init/hw/init.rc:755) took 0ms and failed: Could not read input file '/data/misc/recovery/ro.build.fingerprint': open() failed: No such file or directory
[    5.213998] init: Command 'copy /data/misc/recovery/proc/version /data/misc/recovery/proc/version.1' action=post-fs-data (/system/etc/init/hw/init.rc:762) took 0ms and failed: Could not read input file '/data/misc/recovery/proc/version': open() failed: No such file or directory
[    5.219110] logd: logd reinit
[    5.219981] logd: Cannot read /data/misc/logd/event-log-tags
[    5.220349] init: Encryption policy of /data/local set to 58542ff2457c5bee92fca731e1284d60 v2 modes 1/10 flags 0xa
[    5.220591] logd: FrameworkListener: read() failed (Connection reset by peer)
[    5.220667] init: Service 'logd-reinit' (pid 508) exited with status 0 oneshot service took 0.013000 seconds in background
[    5.227814] init: Sending SIGKILL to service 'logd-reinit' (pid 508) process group...
[    5.228328] libprocessgroup: Removed cgroup /sys/fs/cgroup/system/uid_1036/pid_508
[    5.232284] apexd: Started. subcommand = (null)
[    5.233153] libbinder.BackendUnifiedServiceManager: Thread Pool max thread count is 0. Cannot cache binder as linkToDeath cannot be implemented. serviceName: vold
[    5.233888] apexd: Scanning /system/apex for pre-installed ApexFiles
[    5.234223] apexd: Found pre-installed APEX /system/apex/com.android.adbd.apex
[    5.234318] apexd: Found pre-installed APEX /system/apex/com.android.adservices.apex
[    5.234390] apexd: Found pre-installed APEX /system/apex/com.android.apex.cts.shim.apex
[    5.234468] apexd: Found pre-installed APEX /system/apex/com.android.appsearch.apex
[    5.234543] apexd: Found pre-installed APEX /system/apex/com.android.art.apex
[    5.234611] apexd: Found pre-installed APEX /system/apex/com.android.bt.apex
[    5.234667] init: starting service 'exec 9 (/bin/rm -rf /data/misc/virtualizationservice)'...
[    5.234681] apexd: Found pre-installed APEX /system/apex/com.android.cellbroadcast.apex
[    5.234683] apexd: Found pre-installed APEX /system/apex/com.android.configinfrastructure.apex
[    5.234686] apexd: Found pre-installed APEX /system/apex/com.android.conscrypt.apex
[    5.234707] apexd: Found pre-installed APEX /system/apex/com.android.crashrecovery.apex
[    5.234710] apexd: Found pre-installed APEX /system/apex/com.android.devicelock.apex
[    5.234713] apexd: Found pre-installed APEX /system/apex/com.android.extservices.apex
[    5.234715] apexd: Found pre-installed APEX /system/apex/com.android.healthfitness.apex
[    5.234718] apexd: Found pre-installed APEX /system/apex/com.android.i18n.apex
[    5.234720] apexd: Found pre-installed APEX /system/apex/com.android.ipsec.apex
[    5.234722] apexd: Found pre-installed APEX /system/apex/com.android.media.apex
[    5.234725] apexd: Found pre-installed APEX /system/apex/com.android.media.swcodec.apex
[    5.234727] apexd: Found pre-installed APEX /system/apex/com.android.mediaprovider.apex
[    5.234730] apexd: Found pre-installed APEX /system/apex/com.android.neuralnetworks.apex
[    5.234732] apexd: Found pre-installed APEX /system/apex/com.android.nfcservices.apex
[    5.234734] apexd: Found pre-installed APEX /system/apex/com.android.npumanager.apex
[    5.234737] apexd: Found pre-installed APEX /system/apex/com.android.ondevicepersonalization.apex
[    5.234739] apexd: Found pre-installed APEX /system/apex/com.android.os.statsd.apex
[    5.234741] apexd: Found pre-installed APEX /system/apex/com.android.permission.apex
[    5.234744] apexd: Found pre-installed APEX /system/apex/com.android.profiling.apex
[    5.234746] apexd: Found pre-installed APEX /system/apex/com.android.resolv.apex
[    5.234748] apexd: Found pre-installed APEX /system/apex/com.android.rkpd.apex
[    5.234750] apexd: Found pre-installed APEX /system/apex/com.android.runtime.apex
[    5.234752] apexd: Found pre-installed APEX /system/apex/com.android.scheduling.apex
[    5.234755] apexd: Found pre-installed APEX /system/apex/com.android.sdkext.apex
[    5.234757] apexd: Found pre-installed APEX /system/apex/com.android.telephonycore.apex
[    5.234760] apexd: Found pre-installed APEX /system/apex/com.android.tethering.apex
[    5.234762] apexd: Found pre-installed APEX /system/apex/com.android.tzdata.apex
[    5.234804] apexd: Found pre-installed APEX /system/apex/com.android.uprobestats.apex
[    5.236733] libprocessgroup: Created cgroup /sys/fs/cgroup/system/uid_1081
[    5.236892] apexd: Found pre-installed APEX /system/apex/com.android.uwb.apex
[    5.236896] apexd: Found pre-installed APEX /system/apex/com.android.virt.apex
[    5.236899] apexd: Found pre-installed APEX /system/apex/com.android.webapp.apex
[    5.236908] apexd: Found pre-installed APEX /system/apex/com.android.wifi.apex
[    5.236913] apexd: Scanning /system_ext/apex for pre-installed ApexFiles
[    5.236965] apexd: Found pre-installed APEX /system_ext/apex/com.android.compos.apex
[    5.236969] apexd: Found pre-installed APEX /system_ext/apex/com.android.hardware.biometrics.face.virtual.apex
[    5.237012] apexd: Found pre-installed APEX /system_ext/apex/com.android.hardware.biometrics.fingerprint.virtual.apex
[    5.237016] apexd: Found pre-installed APEX /system_ext/apex/com.android.vndk.v31.apex
[    5.237018] apexd: Found pre-installed APEX /system_ext/apex/com.android.vndk.v32.apex
[    5.237021] apexd: Found pre-installed APEX /system_ext/apex/com.android.vndk.v33.apex
[    5.237023] apexd: Found pre-installed APEX /system_ext/apex/com.android.vndk.v34.apex
[    5.237027] apexd: Scanning /product/apex for pre-installed ApexFiles
[    5.237036] apexd: /product/apex does not exist. Skipping
[    5.237039] apexd: Scanning /vendor/apex for pre-installed ApexFiles
[    5.237129] apexd: Found pre-installed APEX /vendor/apex/com.android.hardware.audio.apex
[    5.237132] apexd: Found pre-installed APEX /vendor/apex/com.android.hardware.authsecret.apex
[    5.237135] apexd: Found pre-installed APEX /vendor/apex/com.android.hardware.boot.apex
[    5.237137] apexd: Found pre-installed APEX /vendor/apex/com.android.hardware.cas.apex
[    5.237139] apexd: Found pre-installed APEX /vendor/apex/com.android.hardware.contexthub.apex
[    5.237141] apexd: Found pre-installed APEX /vendor/apex/com.android.hardware.drm.clearkey.apex
[    5.237144] apexd: Found pre-installed APEX /vendor/apex/com.android.hardware.dumpstate.apex
[    5.237146] apexd: Found pre-installed APEX /vendor/apex/com.android.hardware.gatekeeper.cf_remote.apex
[    5.237149] apexd: Found pre-installed APEX /vendor/apex/com.android.hardware.gatekeeper.nonsecure.apex
[    5.237151] apexd: Found pre-installed APEX /vendor/apex/com.android.hardware.gnss.apex
[    5.237155] apexd: Found pre-installed APEX /vendor/apex/com.android.hardware.graphics.composer.drm_hwcomposer.apex
[    5.237157] apexd: Found pre-installed APEX /vendor/apex/com.android.hardware.graphics.composer.ranchu.apex
[    5.237160] apexd: Found pre-installed APEX /vendor/apex/com.android.hardware.input.processor.apex
[    5.237164] apexd: Found pre-installed APEX /vendor/apex/com.android.hardware.keymint.rust_cf_guest_trusty_nonsecure.apex
[    5.237166] apexd: Found pre-installed APEX /vendor/apex/com.android.hardware.keymint.rust_cf_remote.apex
[    5.237169] apexd: Found pre-installed APEX /vendor/apex/com.android.hardware.keymint.rust_nonsecure.apex
[    5.237171] apexd: Found pre-installed APEX /vendor/apex/com.android.hardware.memtrack.apex
[    5.237173] apexd: Found pre-installed APEX /vendor/apex/com.android.hardware.net.nlinterceptor.apex
[    5.237176] apexd: Found pre-installed APEX /vendor/apex/com.android.hardware.neuralnetworks.apex
[    5.237178] apexd: Found pre-installed APEX /vendor/apex/com.android.hardware.power.apex
[    5.237183] apexd: Found pre-installed APEX /vendor/apex/com.android.hardware.rebootescrow.apex
[    5.237185] apexd: Found pre-installed APEX /vendor/apex/com.android.hardware.secure_element.apex
[    5.237188] apexd: Found pre-installed APEX /vendor/apex/com.android.hardware.security.authgraph.apex
[    5.237190] apexd: Found pre-installed APEX /vendor/apex/com.android.hardware.security.secretkeeper.apex
[    5.237193] apexd: Found pre-installed APEX /vendor/apex/com.android.hardware.tetheroffload.apex
[    5.237195] apexd: Found pre-installed APEX /vendor/apex/com.android.hardware.thermal.apex
[    5.237198] apexd: Found pre-installed APEX /vendor/apex/com.android.hardware.threadnetwork.apex
[    5.237200] apexd: Found pre-installed APEX /vendor/apex/com.android.hardware.usb.apex
[    5.237203] apexd: Found pre-installed APEX /vendor/apex/com.android.hardware.uwb.apex
[    5.237205] apexd: Found pre-installed APEX /vendor/apex/com.android.hardware.vibrator.apex
[    5.237208] apexd: Found pre-installed APEX /vendor/apex/com.android.hardware.wifi.apex
[    5.237210] apexd: Found pre-installed APEX /vendor/apex/com.google.cf.bt.apex
[    5.237213] apexd: Found pre-installed APEX /vendor/apex/com.google.cf.confirmationui.apex
[    5.237215] apexd: Found pre-installed APEX /vendor/apex/com.google.cf.disabled.apex
[    5.237218] apexd: Found pre-installed APEX /vendor/apex/com.google.cf.gralloc.apex
[    5.237221] apexd: Found pre-installed APEX /vendor/apex/com.google.cf.health.apex
[    5.237223] apexd: Found pre-installed APEX /vendor/apex/com.google.cf.identity.apex
[    5.237226] apexd: Found pre-installed APEX /vendor/apex/com.google.cf.input.config.apex
[    5.237228] apexd: Found pre-installed APEX /vendor/apex/com.google.cf.ir.apex
[    5.237230] apexd: Found pre-installed APEX /vendor/apex/com.google.cf.light.apex
[    5.237232] apexd: Found pre-installed APEX /vendor/apex/com.google.cf.nfc.apex
[    5.237235] apexd: Found pre-installed APEX /vendor/apex/com.google.cf.oemlock.apex
[    5.237237] apexd: Found pre-installed APEX /vendor/apex/com.google.cf.rild.apex
[    5.237239] apexd: Found pre-installed APEX /vendor/apex/com.google.cf.vulkan.apex
[    5.237241] apexd: Found pre-installed APEX /vendor/apex/com.google.cf.wifi.apex
[    5.237243] apexd: Found pre-installed APEX /vendor/apex/com.google.cf.wpa_supplicant.apex
[    5.237246] apexd: Found pre-installed APEX /vendor/apex/com.google.emulated.camera.provider.hal.apex
[    5.237251] apexd: Found pre-installed APEX /vendor/apex/com.google.emulated.camera.provider.hal.v4l2.apex
[    5.237254] apexd: Scanning /odm/apex for pre-installed ApexFiles
[    5.237263] apexd: /odm/apex does not exist. Skipping
[    5.270041] libprocessgroup: Created cgroup /sys/fs/cgroup/system/uid_1081/pid_510
[    5.270911] init: ... started service 'exec 9 (/bin/rm -rf /data/misc/virtualizationservice)' has pid 510
[    5.271094] init: SVC_EXEC service 'exec 9 (/bin/rm -rf /data/misc/virtualizationservice)' pid 510 (uid 1081 gid 1000+0 context default) started; waiting...
[    5.274518] apexd: Skipping APEX at path /vendor/apex/com.android.hardware.gatekeeper.cf_remote.apex because it does not match expected multi-install APEX property for com.android.hardware.gatekeeper
[    5.275081] apexd: Skipping APEX at path /vendor/apex/com.android.hardware.graphics.composer.drm_hwcomposer.apex because it does not match expected multi-install APEX property for com.android.hardware.graphics.composer
[    5.275712] apexd: Skipping APEX at path /vendor/apex/com.android.hardware.keymint.rust_cf_guest_trusty_nonsecure.apex because it does not match expected multi-install APEX property for com.android.hardware.keymint
[    5.276364] apexd: Skipping APEX at path /vendor/apex/com.android.hardware.keymint.rust_cf_remote.apex because it does not match expected multi-install APEX property for com.android.hardware.keymint
[    5.276859] apexd: Skipping APEX at path /vendor/apex/com.google.cf.disabled.apex because it's disabled via sysprop.
[    5.277153] apexd: Skipping APEX at path /vendor/apex/com.google.emulated.camera.provider.hal.v4l2.apex because it does not match expected multi-install APEX property for com.google.emulated.camera.provider.hal
[    5.277526] apexd: Successfully scanned 87 preinstalled APEXes duration=43ms
[    5.277683] apexd: Populating APEX database from mounts...
[    5.277998] apexd: Found "/apex/com.android.virt@370399999" backed by file /system/apex/com.android.virt.apex
[    5.278488] apexd: Found "/apex/com.android.uprobestats@370399999" backed by file /system/apex/com.android.uprobestats.apex
[    5.279573] apexd: Found "/apex/com.android.hardware.graphics.composer@1" backed by file /vendor/apex/com.android.hardware.graphics.composer.ranchu.apex
[    5.280142] apexd: Found "/apex/com.google.cf.health@1" backed by file /vendor/apex/com.google.cf.health.apex
[    5.280844] apexd: Found "/apex/com.android.vndk.v33@1" backed by file /system_ext/apex/com.android.vndk.v33.apex
[    5.281695] apexd: Found "/apex/com.android.hardware.authsecret@1" backed by file /vendor/apex/com.android.hardware.authsecret.apex
[    5.281908] apexd: Found "/apex/com.android.i18n@1" backed by file /system/apex/com.android.i18n.apex
[    5.282072] apexd: Found "/apex/com.google.cf.identity@1" backed by file /vendor/apex/com.google.cf.identity.apex
[    5.282240] apexd: Found "/apex/com.android.hardware.neuralnetworks@1" backed by file /vendor/apex/com.android.hardware.neuralnetworks.apex
[    5.282500] apexd: Found "/apex/com.android.adbd@370399999" backed by file /system/apex/com.android.adbd.apex
[    5.282633] apexd: Found "/apex/com.android.os.statsd@370399999" backed by file /system/apex/com.android.os.statsd.apex
[    5.282789] apexd: Found "/apex/com.android.nfcservices@370399999" backed by file /system/apex/com.android.nfcservices.apex
[    5.283026] apexd: Found "/apex/com.android.configinfrastructure@370399999" backed by file /system/apex/com.android.configinfrastructure.apex
[    5.283201] apexd: Found "/apex/com.android.permission@370399999" backed by file /system/apex/com.android.permission.apex
[    5.283478] apexd: Found "/apex/com.android.hardware.contexthub@1" backed by file /vendor/apex/com.android.hardware.contexthub.apex
[    5.284166] apexd: Found "/apex/com.android.appsearch@370399999" backed by file /system/apex/com.android.appsearch.apex
[    5.285356] apexd: Found "/apex/com.android.cellbroadcast@370399999" backed by file /system/apex/com.android.cellbroadcast.apex
[    5.285590] apexd: Found "/apex/com.android.hardware.wifi@1" backed by file /vendor/apex/com.android.hardware.wifi.apex
[    5.285770] apexd: Found "/apex/com.android.resolv@370399999" backed by file /system/apex/com.android.resolv.apex
[    5.285961] apexd: Found "/apex/com.android.hardware.keymint@1" backed by file /vendor/apex/com.android.hardware.keymint.rust_nonsecure.apex
[    5.286278] apexd: Found "/apex/com.google.cf.wifi@1" backed by file /vendor/apex/com.google.cf.wifi.apex
[    5.286524] apexd: Found "/apex/com.android.runtime@1" backed by file /system/apex/com.android.runtime.apex
[    5.286753] apexd: Found "/apex/com.android.vndk.v32@1" backed by file /system_ext/apex/com.android.vndk.v32.apex
[    5.286980] apexd: Found "/apex/com.android.hardware.tetheroffload@1" backed by file /vendor/apex/com.android.hardware.tetheroffload.apex
[    5.287301] apexd: Found "/apex/com.android.wifi@370399999" backed by file /system/apex/com.android.wifi.apex
[    5.287505] apexd: Found "/apex/com.android.hardware.biometrics.fingerprint.virtual@1" backed by file /system_ext/apex/com.android.hardware.biometrics.fingerprint.virtual.apex
[    5.288008] apexd: Found "/apex/com.android.ondevicepersonalization@370399999" backed by file /system/apex/com.android.ondevicepersonalization.apex
[    5.288650] apexd: Found "/apex/com.android.hardware.thermal@1" backed by file /vendor/apex/com.android.hardware.thermal.apex
[    5.288750] apexd: Found "/apex/com.android.vndk.v34@1" backed by file /system_ext/apex/com.android.vndk.v34.apex
[    5.288840] apexd: Found "/apex/com.android.hardware.boot@1" backed by file /vendor/apex/com.android.hardware.boot.apex
[    5.288956] apexd: Found "/apex/com.android.hardware.secure_element@1" backed by file /vendor/apex/com.android.hardware.secure_element.apex
[    5.289055] apexd: Found "/apex/com.android.telephonycore@370399999" backed by file /system/apex/com.android.telephonycore.apex
[    5.289152] apexd: Found "/apex/com.android.hardware.gnss@1" backed by file /vendor/apex/com.android.hardware.gnss.apex
[    5.289346] apexd: Found "/apex/com.android.hardware.audio@1" backed by file /vendor/apex/com.android.hardware.audio.apex
[    5.289440] apexd: Found "/apex/com.android.hardware.vibrator@1" backed by file /vendor/apex/com.android.hardware.vibrator.apex
[    5.289533] apexd: Found "/apex/com.google.cf.light@1" backed by file /vendor/apex/com.google.cf.light.apex
[    5.289633] apexd: Found "/apex/com.android.vndk.v31@1" backed by file /system_ext/apex/com.android.vndk.v31.apex
[    5.289744] apexd: Found "/apex/com.google.emulated.camera.provider.hal@1" backed by file /vendor/apex/com.google.emulated.camera.provider.hal.apex
[    5.289865] apexd: Found "/apex/com.android.hardware.security.secretkeeper@1" backed by file /vendor/apex/com.android.hardware.security.secretkeeper.apex
[    5.290001] apexd: Found "/apex/com.android.apex.cts.shim@1" backed by file /system/apex/com.android.apex.cts.shim.apex
[    5.290127] apexd: Found "/apex/com.android.hardware.drm.clearkey@1" backed by file /vendor/apex/com.android.hardware.drm.clearkey.apex
[    5.290278] apexd: Found "/apex/com.google.cf.nfc@1" backed by file /vendor/apex/com.google.cf.nfc.apex
[    5.290580] apexd: Found "/apex/com.android.conscrypt@370399999" backed by file /system/apex/com.android.conscrypt.apex
[    5.290697] apexd: Found "/apex/com.android.media.swcodec@370399999" backed by file /system/apex/com.android.media.swcodec.apex
[    5.290808] apexd: Found "/apex/com.google.cf.vulkan@1" backed by file /vendor/apex/com.google.cf.vulkan.apex
[    5.290933] apexd: Found "/apex/com.android.adservices@370399999" backed by file /system/apex/com.android.adservices.apex
[    5.291046] apexd: Found "/apex/com.android.hardware.dumpstate@1" backed by file /vendor/apex/com.android.hardware.dumpstate.apex
[    5.291167] apexd: Found "/apex/com.android.hardware.biometrics.face.virtual@2" backed by file /system_ext/apex/com.android.hardware.biometrics.face.virtual.apex
[    5.291288] apexd: Found "/apex/com.android.mediaprovider@370399999" backed by file /system/apex/com.android.mediaprovider.apex
[    5.291386] apexd: Found "/apex/com.android.extservices@370399999" backed by file /system/apex/com.android.extservices.apex
[    5.291475] apexd: Found "/apex/com.android.hardware.usb@1" backed by file /vendor/apex/com.android.hardware.usb.apex
[    5.291564] apexd: Found "/apex/com.android.hardware.net.nlinterceptor@1" backed by file /vendor/apex/com.android.hardware.net.nlinterceptor.apex
[    5.291743] init: Service 'exec 9 (/bin/rm -rf /data/misc/virtualizationservice)' (pid 510) exited with status 0 waiting took 0.055000 seconds
[    5.291913] init: Sending SIGKILL to service 'exec 9 (/bin/rm -rf /data/misc/virtualizationservice)' (pid 510) process group...
[    5.292104] libprocessgroup: Removed cgroup /sys/fs/cgroup/system/uid_1081/pid_510
[    5.292513] init: Not setting encryption policy on: /data/preloads
[    5.293275] init: Encryption policy of /data/app-private set to 58542ff2457c5bee92fca731e1284d60 v2 modes 1/10 flags 0xa
[    5.293538] init: Encryption policy of /data/app-ephemeral set to 58542ff2457c5bee92fca731e1284d60 v2 modes 1/10 flags 0xa
[    5.293754] init: Encryption policy of /data/app-asec set to 58542ff2457c5bee92fca731e1284d60 v2 modes 1/10 flags 0xa
[    5.294001] init: Encryption policy of /data/app-lib set to 58542ff2457c5bee92fca731e1284d60 v2 modes 1/10 flags 0xa
[    5.294280] init: Encryption policy of /data/app set to 58542ff2457c5bee92fca731e1284d60 v2 modes 1/10 flags 0xa
[    5.294529] init: Encryption policy of /data/app-metadata set to 58542ff2457c5bee92fca731e1284d60 v2 modes 1/10 flags 0xa
[    5.294791] init: Encryption policy of /data/fonts set to 58542ff2457c5bee92fca731e1284d60 v2 modes 1/10 flags 0xa
[    5.295782] apexd: Found "/apex/com.android.hardware.input.processor@1" backed by file /vendor/apex/com.android.hardware.input.processor.apex
[    5.295924] apexd: Found "/apex/com.android.devicelock@1" backed by file /system/apex/com.android.devicelock.apex
[    5.296113] apexd: Found "/apex/com.android.hardware.uwb@1" backed by file /vendor/apex/com.android.hardware.uwb.apex
[    5.296209] apexd: Found "/apex/com.android.hardware.gatekeeper@1" backed by file /vendor/apex/com.android.hardware.gatekeeper.nonsecure.apex
[    5.296314] apexd: Found "/apex/com.android.tzdata@370399999" backed by file /system/apex/com.android.tzdata.apex
[    5.296417] apexd: Found "/apex/com.android.media@370399999" backed by file /system/apex/com.android.media.apex
[    5.296506] apexd: Found "/apex/com.google.cf.bt@1" backed by file /vendor/apex/com.google.cf.bt.apex
[    5.296588] apexd: Found "/apex/com.android.webapp@370399999" backed by file /system/apex/com.android.webapp.apex
[    5.296699] apexd: Found "/apex/com.google.cf.gralloc@1" backed by file /vendor/apex/com.google.cf.gralloc.apex
[    5.296813] apexd: Found "/apex/com.android.scheduling@370399999" backed by file /system/apex/com.android.scheduling.apex
[    5.296940] apexd: Found "/apex/com.android.hardware.security.authgraph@1" backed by file /vendor/apex/com.android.hardware.security.authgraph.apex
[    5.297073] apexd: Found "/apex/com.google.cf.confirmationui@1" backed by file /vendor/apex/com.google.cf.confirmationui.apex
[    5.297190] apexd: Found "/apex/com.android.ipsec@370399999" backed by file /system/apex/com.android.ipsec.apex
[    5.297308] apexd: Found "/apex/com.google.cf.rild@1" backed by file /vendor/apex/com.google.cf.rild.apex
[    5.297414] apexd: Found "/apex/com.android.hardware.cas@1" backed by file /vendor/apex/com.android.hardware.cas.apex
[    5.297517] apexd: Found "/apex/com.android.profiling@370399999" backed by file /system/apex/com.android.profiling.apex
[    5.297625] apexd: Found "/apex/com.android.bt@370399999" backed by file /system/apex/com.android.bt.apex
[    5.297717] apexd: Found "/apex/com.android.hardware.memtrack@1" backed by file /vendor/apex/com.android.hardware.memtrack.apex
[    5.297838] apexd: Found "/apex/com.android.tethering@370399999" backed by file /system/apex/com.android.tethering.apex
[    5.297957] apexd: Found "/apex/com.android.hardware.power@1" backed by file /vendor/apex/com.android.hardware.power.apex
[    5.298070] apexd: Found "/apex/com.google.cf.input.config@1" backed by file /vendor/apex/com.google.cf.input.config.apex
[    5.298179] apexd: Found "/apex/com.android.art@370399999" backed by file /system/apex/com.android.art.apex
[    5.298270] apexd: Found "/apex/com.google.cf.oemlock@1" backed by file /vendor/apex/com.google.cf.oemlock.apex
[    5.298360] apexd: Found "/apex/com.android.hardware.rebootescrow@1" backed by file /vendor/apex/com.android.hardware.rebootescrow.apex
[    5.298456] apexd: Found "/apex/com.android.compos@370399999" backed by file /system_ext/apex/com.android.compos.apex
[    5.298550] apexd: Found "/apex/com.android.npumanager@370399999" backed by file /system/apex/com.android.npumanager.apex
[    5.298712] apexd: Found "/apex/com.android.sdkext@370399999" backed by file /system/apex/com.android.sdkext.apex
[    5.298806] apexd: Found "/apex/com.android.healthfitness@370399999" backed by file /system/apex/com.android.healthfitness.apex
[    5.298899] apexd: Found "/apex/com.android.rkpd@370399999" backed by file /system/apex/com.android.rkpd.apex
[    5.298999] apexd: Found "/apex/com.android.neuralnetworks@370399999" backed by file /system/apex/com.android.neuralnetworks.apex
[    5.299090] apexd: Found "/apex/com.google.cf.wpa_supplicant@1" backed by file /vendor/apex/com.google.cf.wpa_supplicant.apex
[    5.299183] apexd: Found "/apex/com.android.hardware.ir@1" backed by file /vendor/apex/com.google.cf.ir.apex
[    5.299290] apexd: Found "/apex/com.android.uwb@370399999" backed by file /system/apex/com.android.uwb.apex
[    5.299416] apexd: Found "/apex/com.android.crashrecovery@370399999" backed by file /system/apex/com.android.crashrecovery.apex
[    5.299511] apexd: Found "/apex/com.android.hardware.threadnetwork@1" backed by file /vendor/apex/com.android.hardware.threadnetwork.apex
[    5.299629] apexd: 87 packages restored.
[    5.299739] apexd: Marking APEXd as starting
[    5.300400] apexd: OnStart done, duration=0
[    5.300480] libbinder.AidlLazyServiceRegistrar: Registering service apexservice
[    5.300563] init: Encryption policy of /data/dalvik-cache set to 58542ff2457c5bee92fca731e1284d60 v2 modes 1/10 flags 0xa
[    5.300848] init: Encryption policy of /data/ota set to 58542ff2457c5bee92fca731e1284d60 v2 modes 1/10 flags 0xa
[    5.300852] apexd: Marking APEXd as activated
[    5.301255] servicemanager: Notifying apexservice they do (previously: don't) have clients when service is guaranteed to be in use
[    5.301427] init: Encryption policy of /data/ota_package set to 58542ff2457c5bee92fca731e1284d60 v2 modes 1/10 flags 0xa
[    5.301458] libbinder.AidlLazyServiceRegistrar: Process has 1 (of 1 available) client(s) in use after notification apexservice has clients: 1
[    5.301616] libbinder.AidlLazyServiceRegistrar: Shutdown prevented by forcePersist override flag.
[    5.301730] init: Encryption policy of /data/resource-cache set to 58542ff2457c5bee92fca731e1284d60 v2 modes 1/10 flags 0xa
[    5.301825] init: Not setting encryption policy on: /data/lost+found
[    5.302200] apexd: getActivePackages received by ApexService
[    5.302222] init: Encryption policy of /data/drm set to 58542ff2457c5bee92fca731e1284d60 v2 modes 1/10 flags 0xa
[    5.302511] init: Encryption policy of /data/mediadrm set to 58542ff2457c5bee92fca731e1284d60 v2 modes 1/10 flags 0xa
[    5.302746] init: Encryption policy of /data/nfc set to 58542ff2457c5bee92fca731e1284d60 v2 modes 1/10 flags 0xa
[    5.303136] init: Encryption policy of /data/backup set to 58542ff2457c5bee92fca731e1284d60 v2 modes 1/10 flags 0xa
[    5.303555] init: Encryption policy of /data/ss set to 58542ff2457c5bee92fca731e1284d60 v2 modes 1/10 flags 0xa
[    5.303893] init: Encryption policy of /data/system set to 58542ff2457c5bee92fca731e1284d60 v2 modes 1/10 flags 0xa
[    5.305609] init: Not setting encryption policy on: /data/media
[    5.305794] init: Not setting encryption policy on: /data/misc_ce
[    5.305939] init: Not setting encryption policy on: /data/misc_de
[    5.306086] init: Not setting encryption policy on: /data/system_ce
[    5.306802] init: Not setting encryption policy on: /data/system_de
[    5.306951] init: Not setting encryption policy on: /data/user
[    5.307071] init: Not setting encryption policy on: /data/user_de
[    5.307196] init: Not setting encryption policy on: /data/vendor_ce
[    5.307343] init: Not setting encryption policy on: /data/vendor_de
[    5.307459] init: Not setting encryption policy on: /data/storage_area
[    5.307739] init: starting service 'casefolding_remover'...
[    5.310113] libprocessgroup: Created cgroup /sys/fs/cgroup/system/uid_1023
[    5.310897] libprocessgroup: Created cgroup /sys/fs/cgroup/system/uid_1023/pid_607
[    5.312254] init: ... started service 'casefolding_remover' has pid 607
[    5.346555] init: Wait for property 'ro.casefolding.adjusted=1' took 33ms
[    5.348281] init: Service 'casefolding_remover' (pid 607) exited with status 0 oneshot service took 0.038000 seconds in background
[    5.348569] init: Sending SIGKILL to service 'casefolding_remover' (pid 607) process group...
[    5.348836] libprocessgroup: Removed cgroup /sys/fs/cgroup/system/uid_1023/pid_607
[    5.365899] init: Encryption policy of /data/cache set to 58542ff2457c5bee92fca731e1284d60 v2 modes 1/10 flags 0xa
[    5.366782] init: Encryption policy of /data/rollback set to 58542ff2457c5bee92fca731e1284d60 v2 modes 1/10 flags 0xa
[    5.367326] init: Encryption policy of /data/rollback-observer set to 58542ff2457c5bee92fca731e1284d60 v2 modes 1/10 flags 0xa
[    5.367701] init: Encryption policy of /data/rollback-history set to 58542ff2457c5bee92fca731e1284d60 v2 modes 1/10 flags 0xa
[    5.368170] init: Encryption policy of /data/incremental set to 58542ff2457c5bee92fca731e1284d60 v2 modes 1/10 flags 0xa
[    5.370533] init: start_waiting_for_property("apexd.status", "activated"): already set
[    5.370669] init: start_waiting_for_property("keystore.module_hash.sent", "true"): already set
[    5.379809] init: starting service 'system_aconfigd_socket_service'...
[    5.380015] init: Created socket '/dev/socket/aconfigd_system', mode 666, user 1000, group 1000
[    5.380972] libprocessgroup: Created cgroup /sys/fs/cgroup/system/uid_1000/pid_608
[    5.381861] init: ... started service 'system_aconfigd_socket_service' has pid 608
[    5.382531] init: starting service 'mainline_aconfigd_init'...
[    5.383620] libprocessgroup: Created cgroup /sys/fs/cgroup/system/uid_1000/pid_609
[    5.384718] init: ... started service 'mainline_aconfigd_init' has pid 609
[    5.384832] init: SVC_EXEC service 'mainline_aconfigd_init' pid 609 (uid 1000 gid 1000+0 context default) started; waiting...
[    5.403317] init: Service 'system_aconfigd_socket_service' (pid 608) exited with status 0 oneshot service took 0.022000 seconds in background
[    5.403464] init: Sending SIGKILL to service 'system_aconfigd_socket_service' (pid 608) process group...
[    5.403752] libprocessgroup: Removed cgroup /sys/fs/cgroup/system/uid_1000/pid_608
[    7.812433] servicemanager: Notifying apexservice they don't (previously: do) have clients when we now have no record of a client
[    7.812635] libbinder.AidlLazyServiceRegistrar: Process has 0 (of 1 available) client(s) in use after notification apexservice has clients: 0
[    7.812721] libbinder.AidlLazyServiceRegistrar: Shutdown prevented by forcePersist override flag.
[    8.357713] init: Service 'mainline_aconfigd_init' (pid 609) exited with status 0 waiting took 2.974000 seconds
[    8.357797] init: Sending SIGKILL to service 'mainline_aconfigd_init' (pid 609) process group...
[    8.357969] libprocessgroup: Removed cgroup /sys/fs/cgroup/system/uid_1000/pid_609
[    8.358298] init: starting service 'mainline_aconfigd_socket_service'...
[    8.358476] init: Created socket '/dev/socket/aconfigd_mainline', mode 666, user 1000, group 1000
[    8.359494] libprocessgroup: Created cgroup /sys/fs/cgroup/system/uid_1000/pid_610
[    8.360397] init: ... started service 'mainline_aconfigd_socket_service' has pid 610
[    8.361072] init: starting service 'derive_sdk'...
[    8.362013] libprocessgroup: Created cgroup /sys/fs/cgroup/system/uid_9999/pid_611
[    8.362793] init: ... started service 'derive_sdk' has pid 611
[    8.362863] init: SVC_EXEC service 'derive_sdk' pid 611 (uid 9999 gid 9999+0 context default) started; waiting...
[    8.367403] init: Service 'mainline_aconfigd_socket_service' (pid 610) exited with status 0 oneshot service took 0.008000 seconds in background
[    8.367533] init: Sending SIGKILL to service 'mainline_aconfigd_socket_service' (pid 610) process group...
[    8.367699] libprocessgroup: Removed cgroup /sys/fs/cgroup/system/uid_1000/pid_610
[    8.375569] init: Service 'derive_sdk' (pid 611) exited with status 0 waiting took 0.013000 seconds
[    8.375680] init: Sending SIGKILL to service 'derive_sdk' (pid 611) process group...
[    8.375821] libprocessgroup: Removed cgroup /sys/fs/cgroup/system/uid_9999/pid_611
[    8.376117] init: starting service 'exec 10 (/system/bin/vdc --wait cryptfs init_user0)'...
[    8.377041] libprocessgroup: Created cgroup /sys/fs/cgroup/system/uid_0/pid_612
[    8.377575] init: ... started service 'exec 10 (/system/bin/vdc --wait cryptfs init_user0)' has pid 612
[    8.377702] init: SVC_EXEC service 'exec 10 (/system/bin/vdc --wait cryptfs init_user0)' pid 612 (uid 0 gid 0+0 context default) started; waiting...
[    8.386079] libbinder.BackendUnifiedServiceManager: Thread Pool max thread count is 0. Cannot cache binder as linkToDeath cannot be implemented. serviceName: vold
[    8.388091] vold: keystore2 Keystore generateKey returned service specific error: -67
[    8.388166] vold: Failed to generate rollback-resistant key.  This is expected if keystore doesn't support rollback resistance.  Falling back to non-rollback-resistant key.
[    8.413766] init: Service 'exec 10 (/system/bin/vdc --wait cryptfs init_user0)' (pid 612) exited with status 0 waiting took 0.036000 seconds
[    8.413865] init: Sending SIGKILL to service 'exec 10 (/system/bin/vdc --wait cryptfs init_user0)' (pid 612) process group...
[    8.414027] libprocessgroup: Removed cgroup /sys/fs/cgroup/system/uid_0/pid_612
[    8.449638] selinux: SELinux: Skipping restorecon on directory(/data/system/shutdown-checkpoints)
[    8.469486] init: Command 'restorecon --recursive --skip-ce /data' action=post-fs-data (/system/etc/init/hw/init.rc:1045) took 55ms and succeeded
[    8.469765] init: starting service 'derive_classpath'...
[    8.470679] libprocessgroup: Created cgroup /sys/fs/cgroup/system/uid_1000/pid_615
[    8.471625] init: ... started service 'derive_classpath' has pid 615
[    8.471726] init: SVC_EXEC service 'derive_classpath' pid 615 (uid 1000 gid 1000+1 context default) started; waiting...
[    8.501184] init: Service 'derive_classpath' (pid 615) exited with status 0 waiting took 0.030000 seconds
[    8.501284] init: Sending SIGKILL to service 'derive_classpath' (pid 615) process group...
[    8.501459] libprocessgroup: Removed cgroup /sys/fs/cgroup/system/uid_1000/pid_615
[    8.502161] init: starting service 'art_boot'...
[    8.503059] libprocessgroup: Created cgroup /sys/fs/cgroup/system/uid_0/pid_616
[    8.503959] init: ... started service 'art_boot' has pid 616
[    8.504033] init: SVC_EXEC service 'art_boot' pid 616 (uid 0 gid 0+0 context default) started; waiting...
[    8.521763] init: Service 'art_boot' (pid 616) exited with status 0 waiting took 0.018000 seconds
[    8.521859] init: Sending SIGKILL to service 'art_boot' (pid 616) process group...
[    8.522015] libprocessgroup: Removed cgroup /sys/fs/cgroup/system/uid_0/pid_616
[    8.522553] init: starting service 'odsign'...
[    8.523299] libprocessgroup: Created cgroup /sys/fs/cgroup/system/uid_0/pid_617
[    8.524064] init: ... started service 'odsign' has pid 617
[    8.906802] fs-verity: sha256 using implementation "sha256-avx2"
[    8.910418] init: Wait for property 'odsign.key.done=1' took 386ms
[    8.910892] init: Sending SIGKILL to service 'odsign' (pid 617) process group...
[    8.911430] libprocessgroup: Removed cgroup /sys/fs/cgroup/system/uid_0/pid_617
[    8.911583] init: Control message: Processed ctl.stop for 'odsign' from pid: 617 (/system/bin/odsign)
[    8.911759] init: starting service 'apexd-snapshotde'...
[    8.912452] libprocessgroup: Created cgroup /sys/fs/cgroup/system/uid_0/pid_620
[    8.913120] init: ... started service 'apexd-snapshotde' has pid 620
[    8.913188] init: SVC_EXEC service 'apexd-snapshotde' pid 620 (uid 0 gid 1000+0 context default) started; waiting...
[    8.913255] init: Service 'odsign' (pid 617) received SIGKILL
[    8.913289] init: Sending SIGKILL to service 'odsign' (pid 617) process group...
[    8.913345] libprocessgroup: Failed to write 1 to /sys/fs/cgroup/system/uid_0/pid_617/cgroup.kill: No such file or directory
[    8.929193] apexd: Started. subcommand = --snapshotde
[    8.930197] libbinder.BackendUnifiedServiceManager: Thread Pool max thread count is 0. Cannot cache binder as linkToDeath cannot be implemented. serviceName: vold
[    8.930957] apexd-snapshotde: Marking APEXd as ready
[    8.932864] init: Service 'apexd-snapshotde' (pid 620) exited with status 0 waiting took 0.020000 seconds
[    8.932965] init: Sending SIGKILL to service 'apexd-snapshotde' (pid 620) process group...
[    8.933123] libprocessgroup: Removed cgroup /sys/fs/cgroup/system/uid_0/pid_620
[    8.937619] init: processing action (post-fs-data) from (/system/etc/init/hw/init.usb.rc:6)
[    8.938135] init: Encryption policy of /data/adb set to 58542ff2457c5bee92fca731e1284d60 v2 modes 1/10 flags 0xa
[    8.938221] init: processing action (post-fs-data) from (/system/etc/init/bootstat.rc:9)
[    8.938570] init: processing action (ro.boot.dynamic_partitions=true && ro.debuggable=1 && post-fs-data) from (/system/etc/init/clean_scratch_files.rc:1)
[    8.938730] init: starting service 'exec 11 (/system/bin/clean_scratch_files)'...
[    8.939601] libprocessgroup: Created cgroup /sys/fs/cgroup/system/uid_0/pid_621
[    8.940173] init: ... started service 'exec 11 (/system/bin/clean_scratch_files)' has pid 621
[    8.940296] init: processing action (post-fs-data) from (/system/etc/init/gsid.rc:17)
[    8.940513] init: Not setting encryption policy on: /data/gsi
[    8.940946] init: processing action (post-fs-data) from (/system/etc/init/incidentd.rc:21)
[    8.941148] init: processing action (post-fs-data) from (/system/etc/init/logtagd.rc:4)
[    8.941781] init: processing action (post-fs-data) from (/system/etc/init/perfetto.rc:104)
[    8.942119] init: Command 'rm /data/misc/perfetto-traces/.guardraildata' action=post-fs-data (/system/etc/init/perfetto.rc:105) took 0ms and failed: unlink() failed: No such file or directory
[    8.942219] init: processing action (post-fs-data) from (/system/etc/init/pmgd.rc:28)
[    8.942487] init: processing action (post-fs-data) from (/system/etc/init/profcollectd.rc:23)
[    8.942953] init: processing action (post-fs-data) from (/system/etc/init/recovery-persist.rc:1)
[    8.943126] init: starting service 'exec 12 (/system/bin/recovery-persist)'...
[    8.944017] libprocessgroup: Created cgroup /sys/fs/cgroup/system/uid_1000/pid_622
[    8.944564] init: ... started service 'exec 12 (/system/bin/recovery-persist)' has pid 622
[    8.944662] init: processing action (post-fs-data) from (/system/etc/init/wifi.rc:18)
[    8.945120] selinux: SELinux: Skipping restorecon on directory(/data/misc/apexdata/com.android.wifi)
[    8.945364] init: processing action (post-fs-data) from (/system_ext/etc/init/rpmb_dev.test.system.rc:37)
[    8.946024] init: Top-level directory needs encryption action, eg mkdir /data/secure_storage_test_system <mode> <uid> <gid> encryption=Require
[    8.946231] init: Encryption policy of /data/secure_storage_test_system set to 58542ff2457c5bee92fca731e1284d60 v2 modes 1/10 flags 0xa
[    8.946491] init: starting service 'rpmb_mock_init_test_system'...
[    8.947402] libprocessgroup: Created cgroup /sys/fs/cgroup/system/uid_1000/pid_623
[    8.948366] init: ... started service 'rpmb_mock_init_test_system' has pid 623
[    8.948463] init: SVC_EXEC service 'rpmb_mock_init_test_system' pid 623 (uid 1000 gid 1000+0 context default) started; waiting...
[    8.955204] init: Service 'exec 12 (/system/bin/recovery-persist)' (pid 622) exited with status 0 oneshot service took 0.011000 seconds in background
[    8.955364] init: Sending SIGKILL to service 'exec 12 (/system/bin/recovery-persist)' (pid 622) process group...
[    8.955542] libprocessgroup: Removed cgroup /sys/fs/cgroup/system/uid_1000/pid_622
[    8.976383] init: Service 'rpmb_mock_init_test_system' (pid 623) exited with status 0 waiting took 0.029000 seconds
[    8.976484] init: Sending SIGKILL to service 'rpmb_mock_init_test_system' (pid 623) process group...
[    8.976636] libprocessgroup: Removed cgroup /sys/fs/cgroup/system/uid_1000/pid_623
[    8.976895] init: Service 'exec 11 (/system/bin/clean_scratch_files)' (pid 621) exited with status 0 oneshot service took 0.037000 seconds in background
[    8.976972] init: Sending SIGKILL to service 'exec 11 (/system/bin/clean_scratch_files)' (pid 621) process group...
[    8.977100] libprocessgroup: Removed cgroup /sys/fs/cgroup/system/uid_0/pid_621
[    8.977294] init: starting service 'rpmb_mock_test_system'...
[    8.977415] init: Created socket '/dev/socket/rpmb_mock_test_system', mode 660, user 1000, group 1000
[    8.978091] libprocessgroup: Created cgroup /sys/fs/cgroup/system/uid_1000/pid_624
[    8.978722] init: ... started service 'rpmb_mock_test_system' has pid 624
[    8.978779] init: processing action (ro.vendor.disable_rename_eth0= && post-fs-data) from (/vendor/etc/init/init.cutf_cvm.rc:57)
[    8.978971] init: wait for '/sys/class/net/eth0' took 0ms
[    8.979363] init: starting service 'rename_eth0'...
[    8.979880] libprocessgroup: Created cgroup /sys/fs/cgroup/system/uid_0/pid_625
[    8.980552] init: ... started service 'rename_eth0' has pid 625
[    8.980609] init: processing action (post-fs-data) from (/vendor/etc/init/init.cutf_cvm.rc:67)
[    8.981491] init: processing action (ro.boot.wifi_impl=mac80211_hwsim_virtio && post-fs-data) from (/vendor/etc/init/init.cutf_cvm.rc:77)
[    8.982101] init: starting service 'init_wifi_sh'...
[    8.982622] libprocessgroup: Created cgroup /sys/fs/cgroup/system/uid_0/pid_626
[    8.983340] init: ... started service 'init_wifi_sh' has pid 626
[    8.983419] init: processing action (load-bpf-programs) from (/system/etc/init/init-perfetto.rc:6)
[    8.983769] init: processing action (load-bpf-programs) from (/system/etc/init/init-perfetto.rc:6)
[    8.983947] init: processing action (load-bpf-programs) from (/system/etc/init/netbpfload.rc:38)
[    8.984442] init: starting service 'bpfloader'...
[    8.985109] libprocessgroup: Created cgroup /sys/fs/cgroup/system/uid_0/pid_627
[    8.985736] init: ... started service 'bpfloader' has pid 627
[    8.985793] init: SVC_EXEC service 'bpfloader' pid 627 (uid 0 gid 0+7 context default) started; waiting...
[    9.012643] virtio_net virtio1 buried_eth0: renamed from eth0
[    9.013680] init: Service 'rename_eth0' (pid 625) exited with status 0 oneshot service took 0.033000 seconds in background
[    9.013755] init: Sending SIGKILL to service 'rename_eth0' (pid 625) process group...
[    9.013882] libprocessgroup: Removed cgroup /sys/fs/cgroup/system/uid_0/pid_625
[    9.017288] NetBpfLoad: /apex/com.android.tethering/bin/netbpfload api:37/3700 kver:60c004a (64-on-x86-64:4k) libbpf: v1.4 uid:0 rc:01 user:010
[    9.017768] NetBpfLoad: Tethering APEX version 370399999 (system: 370399999)
[    9.017883] NetBpfLoad: detected 5 of 5: 2026Q2 api:37.0.0=3700
[    9.017927] Spectre V2 : WARNING: Unprivileged eBPF is enabled with eIBRS on, data leaks possible via Spectre v2 BHB attacks!
[    9.019556] init: Service 'init_wifi_sh' (pid 626) exited with status 0 oneshot service took 0.036000 seconds in background
[    9.019631] init: Sending SIGKILL to service 'init_wifi_sh' (pid 626) process group...
[    9.019806] libprocessgroup: Removed cgroup /sys/fs/cgroup/system/uid_0/pid_626
[    9.023410] type=1334 audit(1790635547.887:5): prog-id=1 op=LOAD
[    9.023510] type=1300 audit(1790635547.887:5): arch=c000003e syscall=321 success=yes exit=3 a0=5 a1=7ffdc93dc5f8 a2=74 a3=0 items=0 ppid=1 auid=4294967295 uid=0 gid=0 euid=0 suid=0 fsuid=0 egid=0 sgid=0 fsgid=0 tty=(none) ses=4294967295 comm="netbpfload" exe="/apex/com.android.tethering/bin/netbpfload" subj=u:r:bpfloader:s0 key=(null)
[    9.023655] type=1327 audit(1790635547.887:5): proctitle="/apex/com.android.tethering/bin/netbpfload"
[    9.023806] type=1320 audit(1790635547.887:5): 
[    9.023834] type=1334 audit(1790635547.887:6): prog-id=1 op=UNLOAD
[    9.023869] type=1300 audit(1790635547.887:6): arch=c000003e syscall=3 success=yes exit=0 a0=3 a1=0 a2=0 a3=0 items=0 ppid=1 auid=4294967295 uid=0 gid=0 euid=0 suid=0 fsuid=0 egid=0 sgid=0 fsgid=0 tty=(none) ses=4294967295 comm="netbpfload" exe="/apex/com.android.tethering/bin/netbpfload" subj=u:r:bpfloader:s0 key=(null)
[    9.023987] type=1327 audit(1790635547.887:6): proctitle="/apex/com.android.tethering/bin/netbpfload"
[    9.024035] type=1320 audit(1790635547.887:6): 
[    9.024212] type=1334 audit(1790635547.891:7): prog-id=2 op=LOAD
[    9.024256] type=1300 audit(1790635547.891:7): arch=c000003e syscall=321 success=yes exit=3 a0=5 a1=7ffdc93dca60 a2=98 a3=0 items=0 ppid=1 auid=4294967295 uid=0 gid=0 euid=0 suid=0 fsuid=0 egid=0 sgid=0 fsgid=0 tty=(none) ses=4294967295 comm="netbpfload" exe="/apex/com.android.tethering/bin/netbpfload" subj=u:r:bpfloader:s0 key=(null)
[    9.024406] type=1327 audit(1790635547.891:7): proctitle="/apex/com.android.tethering/bin/netbpfload"
[    9.024444] type=1320 audit(1790635547.891:7): 
[    9.024652] type=1334 audit(1790635547.891:8): prog-id=3 op=LOAD
[    9.024693] type=1300 audit(1790635547.891:8): arch=c000003e syscall=321 success=yes exit=13 a0=5 a1=7ffdc93dca60 a2=98 a3=0 items=0 ppid=1 auid=4294967295 uid=0 gid=0 euid=0 suid=0 fsuid=0 egid=0 sgid=0 fsgid=0 tty=(none) ses=4294967295 comm="netbpfload" exe="/apex/com.android.tethering/bin/netbpfload" subj=u:r:bpfloader:s0 key=(null)
[    9.024784] type=1327 audit(1790635547.891:8): proctitle="/apex/com.android.tethering/bin/netbpfload"
[    9.024829] type=1320 audit(1790635547.891:8): 
[    9.025117] type=1334 audit(1790635547.891:9): prog-id=4 op=LOAD
[    9.025169] type=1300 audit(1790635547.891:9): arch=c000003e syscall=321 success=yes exit=14 a0=5 a1=7ffdc93dca60 a2=98 a3=0 items=0 ppid=1 auid=4294967295 uid=0 gid=0 euid=0 suid=0 fsuid=0 egid=0 sgid=0 fsgid=0 tty=(none) ses=4294967295 comm="netbpfload" exe="/apex/com.android.tethering/bin/netbpfload" subj=u:r:bpfloader:s0 key=(null)
[    9.025320] type=1327 audit(1790635547.891:9): proctitle="/apex/com.android.tethering/bin/netbpfload"
[    9.025385] type=1320 audit(1790635547.891:9): 
[    9.025528] type=1334 audit(1790635547.891:10): prog-id=5 op=LOAD
[    9.025576] type=1300 audit(1790635547.891:10): arch=c000003e syscall=321 success=yes exit=15 a0=5 a1=7ffdc93dca60 a2=98 a3=0 items=0 ppid=1 auid=4294967295 uid=0 gid=0 euid=0 suid=0 fsuid=0 egid=0 sgid=0 fsgid=0 tty=(none) ses=4294967295 comm="netbpfload" exe="/apex/com.android.tethering/bin/netbpfload" subj=u:r:bpfloader:s0 key=(null)
[    9.025677] type=1327 audit(1790635547.891:10): proctitle="/apex/com.android.tethering/bin/netbpfload"
[    9.025715] type=1320 audit(1790635547.891:10): 
[    9.026377] type=1334 audit(1790635547.891:11): prog-id=6 op=LOAD
[    9.026424] type=1300 audit(1790635547.891:11): arch=c000003e syscall=321 success=yes exit=16 a0=5 a1=7ffdc93dca60 a2=98 a3=0 items=0 ppid=1 auid=4294967295 uid=0 gid=0 euid=0 suid=0 fsuid=0 egid=0 sgid=0 fsgid=0 tty=(none) ses=4294967295 comm="netbpfload" exe="/apex/com.android.tethering/bin/netbpfload" subj=u:r:bpfloader:s0 key=(null)
[    9.026550] type=1327 audit(1790635547.891:11): proctitle="/apex/com.android.tethering/bin/netbpfload"
[    9.026600] type=1320 audit(1790635547.891:11): 
[    9.027219] type=1334 audit(1790635547.891:12): prog-id=7 op=LOAD
[    9.027266] type=1300 audit(1790635547.891:12): arch=c000003e syscall=321 success=yes exit=17 a0=5 a1=7ffdc93dca60 a2=98 a3=0 items=0 ppid=1 auid=4294967295 uid=0 gid=0 euid=0 suid=0 fsuid=0 egid=0 sgid=0 fsgid=0 tty=(none) ses=4294967295 comm="netbpfload" exe="/apex/com.android.tethering/bin/netbpfload" subj=u:r:bpfloader:s0 key=(null)
[    9.027392] type=1327 audit(1790635547.891:12): proctitle="/apex/com.android.tethering/bin/netbpfload"
[    9.027444] type=1320 audit(1790635547.891:12): 
[    9.027885] type=1334 audit(1790635547.891:13): prog-id=8 op=LOAD
[    9.027927] type=1300 audit(1790635547.891:13): arch=c000003e syscall=321 success=yes exit=18 a0=5 a1=7ffdc93dca60 a2=98 a3=0 items=0 ppid=1 auid=4294967295 uid=0 gid=0 euid=0 suid=0 fsuid=0 egid=0 sgid=0 fsgid=0 tty=(none) ses=4294967295 comm="netbpfload" exe="/apex/com.android.tethering/bin/netbpfload" subj=u:r:bpfloader:s0 key=(null)
[    9.028074] type=1327 audit(1790635547.891:13): proctitle="/apex/com.android.tethering/bin/netbpfload"
[    9.028156] type=1320 audit(1790635547.891:13): 
[    9.028667] type=1334 audit(1790635547.895:14): prog-id=9 op=LOAD
[    9.028706] type=1300 audit(1790635547.895:14): arch=c000003e syscall=321 success=yes exit=19 a0=5 a1=7ffdc93dca60 a2=98 a3=0 items=0 ppid=1 auid=4294967295 uid=0 gid=0 euid=0 suid=0 fsuid=0 egid=0 sgid=0 fsgid=0 tty=(none) ses=4294967295 comm="netbpfload" exe="/apex/com.android.tethering/bin/netbpfload" subj=u:r:bpfloader:s0 key=(null)
[    9.028829] type=1327 audit(1790635547.895:14): proctitle="/apex/com.android.tethering/bin/netbpfload"
[    9.028880] type=1320 audit(1790635547.895:14): 
[    9.030340] type=1334 audit(1790635547.895:15): prog-id=10 op=LOAD
[    9.030392] type=1300 audit(1790635547.895:15): arch=c000003e syscall=321 success=yes exit=3 a0=5 a1=7ffdc93db160 a2=94 a3=2 items=0 ppid=1 auid=4294967295 uid=0 gid=0 euid=0 suid=0 fsuid=0 egid=0 sgid=0 fsgid=0 tty=(none) ses=4294967295 comm="netbpfload" exe="/apex/com.android.tethering/bin/netbpfload" subj=u:r:bpfloader:s0 key=(null)
[    9.030520] type=1327 audit(1790635547.895:15): proctitle="/apex/com.android.tethering/bin/netbpfload"
[    9.030570] type=1320 audit(1790635547.895:15): 
[    9.030602] type=1334 audit(1790635547.895:16): prog-id=10 op=UNLOAD
[    9.030644] type=1300 audit(1790635547.895:16): arch=c000003e syscall=3 success=yes exit=0 a0=3 a1=0 a2=0 a3=2 items=0 ppid=1 auid=4294967295 uid=0 gid=0 euid=0 suid=0 fsuid=0 egid=0 sgid=0 fsgid=0 tty=(none) ses=4294967295 comm="netbpfload" exe="/apex/com.android.tethering/bin/netbpfload" subj=u:r:bpfloader:s0 key=(null)
[    9.030770] type=1327 audit(1790635547.895:16): proctitle="/apex/com.android.tethering/bin/netbpfload"
[    9.030838] type=1320 audit(1790635547.895:16): 
[    9.030876] type=1334 audit(1790635547.895:17): prog-id=11 op=LOAD
[    9.030919] type=1300 audit(1790635547.895:17): arch=c000003e syscall=321 success=yes exit=9 a0=5 a1=7ffdc93db048 a2=40 a3=0 items=0 ppid=1 auid=4294967295 uid=0 gid=0 euid=0 suid=0 fsuid=0 egid=0 sgid=0 fsgid=0 tty=(none) ses=4294967295 comm="netbpfload" exe="/apex/com.android.tethering/bin/netbpfload" subj=u:r:bpfloader:s0 key=(null)
[    9.031061] type=1327 audit(1790635547.895:17): proctitle="/apex/com.android.tethering/bin/netbpfload"
[    9.031129] type=1320 audit(1790635547.895:17): 
[    9.031171] type=1334 audit(1790635547.895:18): prog-id=11 op=UNLOAD
[    9.031221] type=1300 audit(1790635547.895:18): arch=c000003e syscall=3 success=yes exit=0 a0=9 a1=0 a2=0 a3=0 items=0 ppid=1 auid=4294967295 uid=0 gid=0 euid=0 suid=0 fsuid=0 egid=0 sgid=0 fsgid=0 tty=(none) ses=4294967295 comm="netbpfload" exe="/apex/com.android.tethering/bin/netbpfload" subj=u:r:bpfloader:s0 key=(null)
[    9.031350] type=1327 audit(1790635547.895:18): proctitle="/apex/com.android.tethering/bin/netbpfload"
[    9.031399] type=1320 audit(1790635547.895:18): 
[    9.031430] type=1334 audit(1790635547.895:19): prog-id=12 op=LOAD
[    9.031474] type=1300 audit(1790635547.895:19): arch=c000003e syscall=321 success=yes exit=3 a0=5 a1=7ffdc93db160 a2=94 a3=2 items=0 ppid=1 auid=4294967295 uid=0 gid=0 euid=0 suid=0 fsuid=0 egid=0 sgid=0 fsgid=0 tty=(none) ses=4294967295 comm="netbpfload" exe="/apex/com.android.tethering/bin/netbpfload" subj=u:r:bpfloader:s0 key=(null)
[    9.031604] type=1327 audit(1790635547.895:19): proctitle="/apex/com.android.tethering/bin/netbpfload"
[    9.031685] type=1320 audit(1790635547.895:19): 
[    9.031720] type=1334 audit(1790635547.895:20): prog-id=12 op=UNLOAD
[    9.031783] type=1300 audit(1790635547.895:20): arch=c000003e syscall=3 success=yes exit=0 a0=3 a1=0 a2=0 a3=2 items=0 ppid=1 auid=4294967295 uid=0 gid=0 euid=0 suid=0 fsuid=0 egid=0 sgid=0 fsgid=0 tty=(none) ses=4294967295 comm="netbpfload" exe="/apex/com.android.tethering/bin/netbpfload" subj=u:r:bpfloader:s0 key=(null)
[    9.031938] type=1327 audit(1790635547.895:20): proctitle="/apex/com.android.tethering/bin/netbpfload"
[    9.031990] type=1320 audit(1790635547.895:20): 
[    9.032022] type=1334 audit(1790635547.895:21): prog-id=13 op=LOAD
[    9.032083] type=1300 audit(1790635547.895:21): arch=c000003e syscall=321 success=yes exit=6 a0=5 a1=7ffdc93daff0 a2=94 a3=4 items=0 ppid=1 auid=4294967295 uid=0 gid=0 euid=0 suid=0 fsuid=0 egid=0 sgid=0 fsgid=0 tty=(none) ses=4294967295 comm="netbpfload" exe="/apex/com.android.tethering/bin/netbpfload" subj=u:r:bpfloader:s0 key=(null)
[    9.032222] type=1327 audit(1790635547.895:21): proctitle="/apex/com.android.tethering/bin/netbpfload"
[    9.032271] type=1320 audit(1790635547.895:21): 
[    9.032302] type=1334 audit(1790635547.895:22): prog-id=13 op=UNLOAD
[    9.032343] type=1300 audit(1790635547.895:22): arch=c000003e syscall=3 success=yes exit=0 a0=6 a1=0 a2=0 a3=4 items=0 ppid=1 auid=4294967295 uid=0 gid=0 euid=0 suid=0 fsuid=0 egid=0 sgid=0 fsgid=0 tty=(none) ses=4294967295 comm="netbpfload" exe="/apex/com.android.tethering/bin/netbpfload" subj=u:r:bpfloader:s0 key=(null)
[    9.032464] type=1327 audit(1790635547.895:22): proctitle="/apex/com.android.tethering/bin/netbpfload"
[    9.032512] type=1320 audit(1790635547.895:22): 
[    9.032544] type=1334 audit(1790635547.895:23): prog-id=14 op=LOAD
[    9.032585] type=1300 audit(1790635547.895:23): arch=c000003e syscall=321 success=yes exit=6 a0=5 a1=7ffdc93db160 a2=94 a3=17f items=0 ppid=1 auid=4294967295 uid=0 gid=0 euid=0 suid=0 fsuid=0 egid=0 sgid=0 fsgid=0 tty=(none) ses=4294967295 comm="netbpfload" exe="/apex/com.android.tethering/bin/netbpfload" subj=u:r:bpfloader:s0 key=(null)
[    9.032715] type=1327 audit(1790635547.895:23): proctitle="/apex/com.android.tethering/bin/netbpfload"
[    9.032772] type=1320 audit(1790635547.895:23): 
[    9.032809] type=1334 audit(1790635547.899:24): prog-id=15 op=LOAD
[    9.032856] type=1300 audit(1790635547.899:24): arch=c000003e syscall=321 success=yes exit=7 a0=5 a1=7ffdc93db160 a2=94 a3=12e items=0 ppid=1 auid=4294967295 uid=0 gid=0 euid=0 suid=0 fsuid=0 egid=0 sgid=0 fsgid=0 tty=(none) ses=4294967295 comm="netbpfload" exe="/apex/com.android.tethering/bin/netbpfload" subj=u:r:bpfloader:s0 key=(null)
[    9.033044] type=1327 audit(1790635547.899:24): proctitle="/apex/com.android.tethering/bin/netbpfload"
[    9.033114] type=1320 audit(1790635547.899:24): 
[    9.033160] type=1334 audit(1790635547.899:25): prog-id=16 op=LOAD
[    9.033217] type=1300 audit(1790635547.899:25): arch=c000003e syscall=321 success=yes exit=8 a0=5 a1=7ffdc93db160 a2=94 a3=f7 items=0 ppid=1 auid=4294967295 uid=0 gid=0 euid=0 suid=0 fsuid=0 egid=0 sgid=0 fsgid=0 tty=(none) ses=4294967295 comm="netbpfload" exe="/apex/com.android.tethering/bin/netbpfload" subj=u:r:bpfloader:s0 key=(null)
[    9.033312] type=1327 audit(1790635547.899:25): proctitle="/apex/com.android.tethering/bin/netbpfload"
[    9.033361] type=1320 audit(1790635547.899:25): 
[    9.033486] type=1334 audit(1790635547.899:26): prog-id=17 op=LOAD
[    9.033546] type=1300 audit(1790635547.899:26): arch=c000003e syscall=321 success=yes exit=3 a0=5 a1=7ffdc93db160 a2=94 a3=2 items=0 ppid=1 auid=4294967295 uid=0 gid=0 euid=0 suid=0 fsuid=0 egid=0 sgid=0 fsgid=0 tty=(none) ses=4294967295 comm="netbpfload" exe="/apex/com.android.tethering/bin/netbpfload" subj=u:r:bpfloader:s0 key=(null)
[    9.033674] type=1327 audit(1790635547.899:26): proctitle="/apex/com.android.tethering/bin/netbpfload"
[    9.033724] type=1320 audit(1790635547.899:26): 
[    9.033759] type=1334 audit(1790635547.899:27): prog-id=17 op=UNLOAD
[    9.033804] type=1300 audit(1790635547.899:27): arch=c000003e syscall=3 success=yes exit=0 a0=3 a1=0 a2=0 a3=2 items=0 ppid=1 auid=4294967295 uid=0 gid=0 euid=0 suid=0 fsuid=0 egid=0 sgid=0 fsgid=0 tty=(none) ses=4294967295 comm="netbpfload" exe="/apex/com.android.tethering/bin/netbpfload" subj=u:r:bpfloader:s0 key=(null)
[    9.033956] type=1327 audit(1790635547.899:27): proctitle="/apex/com.android.tethering/bin/netbpfload"
[    9.034004] type=1320 audit(1790635547.899:27): 
[    9.034109] type=1334 audit(1790635547.899:28): prog-id=18 op=LOAD
[    9.034153] type=1300 audit(1790635547.899:28): arch=c000003e syscall=321 success=yes exit=7 a0=5 a1=7ffdc93db160 a2=94 a3=1eb items=0 ppid=1 auid=4294967295 uid=0 gid=0 euid=0 suid=0 fsuid=0 egid=0 sgid=0 fsgid=0 tty=(none) ses=4294967295 comm="netbpfload" exe="/apex/com.android.tethering/bin/netbpfload" subj=u:r:bpfloader:s0 key=(null)
[    9.034282] type=1327 audit(1790635547.899:28): proctitle="/apex/com.android.tethering/bin/netbpfload"
[    9.034334] type=1320 audit(1790635547.899:28): 
[    9.039032] type=1334 audit(1790635547.903:29): prog-id=19 op=LOAD
[    9.039095] type=1300 audit(1790635547.903:29): arch=c000003e syscall=321 success=yes exit=3 a0=5 a1=7ffdc93db160 a2=94 a3=2 items=0 ppid=1 auid=4294967295 uid=0 gid=0 euid=0 suid=0 fsuid=0 egid=0 sgid=0 fsgid=0 tty=(none) ses=4294967295 comm="netbpfload" exe="/apex/com.android.tethering/bin/netbpfload" subj=u:r:bpfloader:s0 key=(null)
[    9.039232] type=1327 audit(1790635547.903:29): proctitle="/apex/com.android.tethering/bin/netbpfload"
[    9.039281] type=1320 audit(1790635547.903:29): 
[    9.039314] type=1334 audit(1790635547.903:30): prog-id=19 op=UNLOAD
[    9.039357] type=1300 audit(1790635547.903:30): arch=c000003e syscall=3 success=yes exit=0 a0=3 a1=0 a2=0 a3=2 items=0 ppid=1 auid=4294967295 uid=0 gid=0 euid=0 suid=0 fsuid=0 egid=0 sgid=0 fsgid=0 tty=(none) ses=4294967295 comm="netbpfload" exe="/apex/com.android.tethering/bin/netbpfload" subj=u:r:bpfloader:s0 key=(null)
[    9.039485] type=1327 audit(1790635547.903:30): proctitle="/apex/com.android.tethering/bin/netbpfload"
[    9.039537] type=1320 audit(1790635547.903:30): 
[    9.040731] type=1334 audit(1790635547.907:31): prog-id=20 op=LOAD
[    9.040815] type=1300 audit(1790635547.907:31): arch=c000003e syscall=321 success=yes exit=41 a0=5 a1=7ffdc93db160 a2=94 a3=50 items=0 ppid=1 auid=4294967295 uid=0 gid=0 euid=0 suid=0 fsuid=0 egid=0 sgid=0 fsgid=0 tty=(none) ses=4294967295 comm="netbpfload" exe="/apex/com.android.tethering/bin/netbpfload" subj=u:r:bpfloader:s0 key=(null)
[    9.040909] type=1327 audit(1790635547.907:31): proctitle="/apex/com.android.tethering/bin/netbpfload"
[    9.040961] type=1320 audit(1790635547.907:31): 
[    9.040987] type=1334 audit(1790635547.907:32): prog-id=21 op=LOAD
[    9.041023] type=1300 audit(1790635547.907:32): arch=c000003e syscall=321 success=yes exit=42 a0=5 a1=7ffdc93db160 a2=94 a3=7c items=0 ppid=1 auid=4294967295 uid=0 gid=0 euid=0 suid=0 fsuid=0 egid=0 sgid=0 fsgid=0 tty=(none) ses=4294967295 comm="netbpfload" exe="/apex/com.android.tethering/bin/netbpfload" subj=u:r:bpfloader:s0 key=(null)
[    9.041132] type=1327 audit(1790635547.907:32): proctitle="/apex/com.android.tethering/bin/netbpfload"
[    9.041171] type=1320 audit(1790635547.907:32): 
[    9.041201] type=1334 audit(1790635547.907:33): prog-id=22 op=LOAD
[    9.041236] type=1300 audit(1790635547.907:33): arch=c000003e syscall=321 success=yes exit=43 a0=5 a1=7ffdc93db160 a2=94 a3=7c items=0 ppid=1 auid=4294967295 uid=0 gid=0 euid=0 suid=0 fsuid=0 egid=0 sgid=0 fsgid=0 tty=(none) ses=4294967295 comm="netbpfload" exe="/apex/com.android.tethering/bin/netbpfload" subj=u:r:bpfloader:s0 key=(null)
[    9.041368] type=1327 audit(1790635547.907:33): proctitle="/apex/com.android.tethering/bin/netbpfload"
[    9.041422] type=1320 audit(1790635547.907:33): 
[    9.049580] type=1334 audit(1790635547.907:34): prog-id=23 op=LOAD
[    9.049696] type=1300 audit(1790635547.907:34): arch=c000003e syscall=321 success=yes exit=44 a0=5 a1=7ffdc93db160 a2=94 a3=587 items=0 ppid=1 auid=4294967295 uid=0 gid=0 euid=0 suid=0 fsuid=0 egid=0 sgid=0 fsgid=0 tty=(none) ses=4294967295 comm="netbpfload" exe="/apex/com.android.tethering/bin/netbpfload" subj=u:r:bpfloader:s0 key=(null)
[    9.049821] type=1327 audit(1790635547.907:34): proctitle="/apex/com.android.tethering/bin/netbpfload"
[    9.049865] type=1320 audit(1790635547.907:34): 
[    9.054378] type=1334 audit(1790635547.915:35): prog-id=24 op=LOAD
[    9.054493] type=1300 audit(1790635547.915:35): arch=c000003e syscall=321 success=yes exit=45 a0=5 a1=7ffdc93db160 a2=94 a3=6c2 items=0 ppid=1 auid=4294967295 uid=0 gid=0 euid=0 suid=0 fsuid=0 egid=0 sgid=0 fsgid=0 tty=(none) ses=4294967295 comm="netbpfload" exe="/apex/com.android.tethering/bin/netbpfload" subj=u:r:bpfloader:s0 key=(null)
[    9.054609] type=1327 audit(1790635547.915:35): proctitle="/apex/com.android.tethering/bin/netbpfload"
[    9.054658] type=1320 audit(1790635547.915:35): 
[    9.054683] type=1334 audit(1790635547.919:36): prog-id=25 op=LOAD
[    9.054720] type=1300 audit(1790635547.919:36): arch=c000003e syscall=321 success=yes exit=46 a0=5 a1=7ffdc93db160 a2=94 a3=46 items=0 ppid=1 auid=4294967295 uid=0 gid=0 euid=0 suid=0 fsuid=0 egid=0 sgid=0 fsgid=0 tty=(none) ses=4294967295 comm="netbpfload" exe="/apex/com.android.tethering/bin/netbpfload" subj=u:r:bpfloader:s0 key=(null)
[    9.054830] type=1327 audit(1790635547.919:36): proctitle="/apex/com.android.tethering/bin/netbpfload"
[    9.054863] type=1320 audit(1790635547.919:36): 
[    9.054894] type=1334 audit(1790635547.919:37): prog-id=26 op=LOAD
[    9.054923] type=1300 audit(1790635547.919:37): arch=c000003e syscall=321 success=yes exit=47 a0=5 a1=7ffdc93db160 a2=94 a3=35 items=0 ppid=1 auid=4294967295 uid=0 gid=0 euid=0 suid=0 fsuid=0 egid=0 sgid=0 fsgid=0 tty=(none) ses=4294967295 comm="netbpfload" exe="/apex/com.android.tethering/bin/netbpfload" subj=u:r:bpfloader:s0 key=(null)
[    9.055031] type=1327 audit(1790635547.919:37): proctitle="/apex/com.android.tethering/bin/netbpfload"
[    9.055080] type=1320 audit(1790635547.919:37): 
[    9.055111] type=1334 audit(1790635547.919:38): prog-id=27 op=LOAD
[    9.055170] type=1300 audit(1790635547.919:38): arch=c000003e syscall=321 success=yes exit=48 a0=5 a1=7ffdc93db160 a2=94 a3=37 items=0 ppid=1 auid=4294967295 uid=0 gid=0 euid=0 suid=0 fsuid=0 egid=0 sgid=0 fsgid=0 tty=(none) ses=4294967295 comm="netbpfload" exe="/apex/com.android.tethering/bin/netbpfload" subj=u:r:bpfloader:s0 key=(null)
[    9.055274] type=1327 audit(1790635547.919:38): proctitle="/apex/com.android.tethering/bin/netbpfload"
[    9.055318] type=1320 audit(1790635547.919:38): 
[    9.055348] type=1334 audit(1790635547.919:39): prog-id=28 op=LOAD
[    9.055389] type=1300 audit(1790635547.919:39): arch=c000003e syscall=321 success=yes exit=49 a0=5 a1=7ffdc93db160 a2=94 a3=1c items=0 ppid=1 auid=4294967295 uid=0 gid=0 euid=0 suid=0 fsuid=0 egid=0 sgid=0 fsgid=0 tty=(none) ses=4294967295 comm="netbpfload" exe="/apex/com.android.tethering/bin/netbpfload" subj=u:r:bpfloader:s0 key=(null)
[    9.055477] type=1327 audit(1790635547.919:39): proctitle="/apex/com.android.tethering/bin/netbpfload"
[    9.055524] type=1320 audit(1790635547.919:39): 
[    9.055549] type=1334 audit(1790635547.919:40): prog-id=29 op=LOAD
[    9.055586] type=1300 audit(1790635547.919:40): arch=c000003e syscall=321 success=yes exit=50 a0=5 a1=7ffdc93db160 a2=94 a3=10 items=0 ppid=1 auid=4294967295 uid=0 gid=0 euid=0 suid=0 fsuid=0 egid=0 sgid=0 fsgid=0 tty=(none) ses=4294967295 comm="netbpfload" exe="/apex/com.android.tethering/bin/netbpfload" subj=u:r:bpfloader:s0 key=(null)
[    9.055704] type=1327 audit(1790635547.919:40): proctitle="/apex/com.android.tethering/bin/netbpfload"
[    9.055741] type=1320 audit(1790635547.919:40): 
[    9.055766] type=1334 audit(1790635547.919:41): prog-id=30 op=LOAD
[    9.055807] type=1300 audit(1790635547.919:41): arch=c000003e syscall=321 success=yes exit=51 a0=5 a1=7ffdc93db160 a2=94 a3=5b items=0 ppid=1 auid=4294967295 uid=0 gid=0 euid=0 suid=0 fsuid=0 egid=0 sgid=0 fsgid=0 tty=(none) ses=4294967295 comm="netbpfload" exe="/apex/com.android.tethering/bin/netbpfload" subj=u:r:bpfloader:s0 key=(null)
[    9.055904] type=1327 audit(1790635547.919:41): proctitle="/apex/com.android.tethering/bin/netbpfload"
[    9.055956] type=1320 audit(1790635547.919:41): 
[    9.055981] type=1334 audit(1790635547.919:42): prog-id=31 op=LOAD
[    9.056016] type=1300 audit(1790635547.919:42): arch=c000003e syscall=321 success=yes exit=52 a0=5 a1=7ffdc93db160 a2=94 a3=a items=0 ppid=1 auid=4294967295 uid=0 gid=0 euid=0 suid=0 fsuid=0 egid=0 sgid=0 fsgid=0 tty=(none) ses=4294967295 comm="netbpfload" exe="/apex/com.android.tethering/bin/netbpfload" subj=u:r:bpfloader:s0 key=(null)
[    9.056149] type=1327 audit(1790635547.919:42): proctitle="/apex/com.android.tethering/bin/netbpfload"
[    9.056191] type=1320 audit(1790635547.919:42): 
[    9.056221] type=1334 audit(1790635547.919:43): prog-id=32 op=LOAD
[    9.056253] type=1300 audit(1790635547.919:43): arch=c000003e syscall=321 success=yes exit=53 a0=5 a1=7ffdc93db160 a2=94 a3=63 items=0 ppid=1 auid=4294967295 uid=0 gid=0 euid=0 suid=0 fsuid=0 egid=0 sgid=0 fsgid=0 tty=(none) ses=4294967295 comm="netbpfload" exe="/apex/com.android.tethering/bin/netbpfload" subj=u:r:bpfloader:s0 key=(null)
[    9.056349] type=1327 audit(1790635547.919:43): proctitle="/apex/com.android.tethering/bin/netbpfload"
[    9.056384] type=1320 audit(1790635547.919:43): 
[    9.056418] type=1334 audit(1790635547.919:44): prog-id=33 op=LOAD
[    9.056447] type=1300 audit(1790635547.919:44): arch=c000003e syscall=321 success=yes exit=54 a0=5 a1=7ffdc93db160 a2=94 a3=63 items=0 ppid=1 auid=4294967295 uid=0 gid=0 euid=0 suid=0 fsuid=0 egid=0 sgid=0 fsgid=0 tty=(none) ses=4294967295 comm="netbpfload" exe="/apex/com.android.tethering/bin/netbpfload" subj=u:r:bpfloader:s0 key=(null)
[    9.056550] type=1327 audit(1790635547.919:44): proctitle="/apex/com.android.tethering/bin/netbpfload"
[    9.056590] type=1320 audit(1790635547.919:44): 
[    9.056614] type=1334 audit(1790635547.919:45): prog-id=34 op=LOAD
[    9.056649] type=1300 audit(1790635547.919:45): arch=c000003e syscall=321 success=yes exit=55 a0=5 a1=7ffdc93db160 a2=94 a3=2 items=0 ppid=1 auid=4294967295 uid=0 gid=0 euid=0 suid=0 fsuid=0 egid=0 sgid=0 fsgid=0 tty=(none) ses=4294967295 comm="netbpfload" exe="/apex/com.android.tethering/bin/netbpfload" subj=u:r:bpfloader:s0 key=(null)
[    9.056751] type=1327 audit(1790635547.919:45): proctitle="/apex/com.android.tethering/bin/netbpfload"
[    9.056785] type=1320 audit(1790635547.919:45): 
[    9.056810] type=1334 audit(1790635547.919:46): prog-id=35 op=LOAD
[    9.056844] type=1300 audit(1790635547.919:46): arch=c000003e syscall=321 success=yes exit=56 a0=5 a1=7ffdc93db160 a2=94 a3=2 items=0 ppid=1 auid=4294967295 uid=0 gid=0 euid=0 suid=0 fsuid=0 egid=0 sgid=0 fsgid=0 tty=(none) ses=4294967295 comm="netbpfload" exe="/apex/com.android.tethering/bin/netbpfload" subj=u:r:bpfloader:s0 key=(null)
[    9.056958] type=1327 audit(1790635547.919:46): proctitle="/apex/com.android.tethering/bin/netbpfload"
[    9.056993] type=1320 audit(1790635547.919:46): 
[    9.057030] type=1334 audit(1790635547.919:47): prog-id=36 op=LOAD
[    9.057059] type=1300 audit(1790635547.919:47): arch=c000003e syscall=321 success=yes exit=57 a0=5 a1=7ffdc93db160 a2=94 a3=2 items=0 ppid=1 auid=4294967295 uid=0 gid=0 euid=0 suid=0 fsuid=0 egid=0 sgid=0 fsgid=0 tty=(none) ses=4294967295 comm="netbpfload" exe="/apex/com.android.tethering/bin/netbpfload" subj=u:r:bpfloader:s0 key=(null)
[    9.057163] type=1327 audit(1790635547.919:47): proctitle="/apex/com.android.tethering/bin/netbpfload"
[    9.057204] type=1320 audit(1790635547.919:47): 
[    9.057228] type=1334 audit(1790635547.919:48): prog-id=37 op=LOAD
[    9.057257] type=1300 audit(1790635547.919:48): arch=c000003e syscall=321 success=yes exit=58 a0=5 a1=7ffdc93db160 a2=94 a3=2 items=0 ppid=1 auid=4294967295 uid=0 gid=0 euid=0 suid=0 fsuid=0 egid=0 sgid=0 fsgid=0 tty=(none) ses=4294967295 comm="netbpfload" exe="/apex/com.android.tethering/bin/netbpfload" subj=u:r:bpfloader:s0 key=(null)
[    9.057365] type=1327 audit(1790635547.919:48): proctitle="/apex/com.android.tethering/bin/netbpfload"
[    9.057399] type=1320 audit(1790635547.919:48): 
[    9.057428] type=1334 audit(1790635547.919:49): prog-id=38 op=LOAD
[    9.057465] type=1300 audit(1790635547.919:49): arch=c000003e syscall=321 success=yes exit=59 a0=5 a1=7ffdc93db160 a2=94 a3=2 items=0 ppid=1 auid=4294967295 uid=0 gid=0 euid=0 suid=0 fsuid=0 egid=0 sgid=0 fsgid=0 tty=(none) ses=4294967295 comm="netbpfload" exe="/apex/com.android.tethering/bin/netbpfload" subj=u:r:bpfloader:s0 key=(null)
[    9.057569] type=1327 audit(1790635547.919:49): proctitle="/apex/com.android.tethering/bin/netbpfload"
[    9.057609] type=1320 audit(1790635547.919:49): 
[    9.057639] type=1334 audit(1790635547.919:50): prog-id=39 op=LOAD
[    9.057669] type=1300 audit(1790635547.919:50): arch=c000003e syscall=321 success=yes exit=60 a0=5 a1=7ffdc93db160 a2=94 a3=2 items=0 ppid=1 auid=4294967295 uid=0 gid=0 euid=0 suid=0 fsuid=0 egid=0 sgid=0 fsgid=0 tty=(none) ses=4294967295 comm="netbpfload" exe="/apex/com.android.tethering/bin/netbpfload" subj=u:r:bpfloader:s0 key=(null)
[    9.057772] type=1327 audit(1790635547.919:50): proctitle="/apex/com.android.tethering/bin/netbpfload"
[    9.057810] type=1320 audit(1790635547.919:50): 
[    9.057838] type=1334 audit(1790635547.923:51): prog-id=40 op=LOAD
[    9.057875] type=1300 audit(1790635547.923:51): arch=c000003e syscall=321 success=yes exit=61 a0=5 a1=7ffdc93db160 a2=94 a3=50 items=0 ppid=1 auid=4294967295 uid=0 gid=0 euid=0 suid=0 fsuid=0 egid=0 sgid=0 fsgid=0 tty=(none) ses=4294967295 comm="netbpfload" exe="/apex/com.android.tethering/bin/netbpfload" subj=u:r:bpfloader:s0 key=(null)
[    9.057994] type=1327 audit(1790635547.923:51): proctitle="/apex/com.android.tethering/bin/netbpfload"
[    9.058043] type=1320 audit(1790635547.923:51): 
[    9.058077] type=1334 audit(1790635547.923:52): prog-id=41 op=LOAD
[    9.058107] type=1300 audit(1790635547.923:52): arch=c000003e syscall=321 success=yes exit=62 a0=5 a1=7ffdc93db160 a2=94 a3=43 items=0 ppid=1 auid=4294967295 uid=0 gid=0 euid=0 suid=0 fsuid=0 egid=0 sgid=0 fsgid=0 tty=(none) ses=4294967295 comm="netbpfload" exe="/apex/com.android.tethering/bin/netbpfload" subj=u:r:bpfloader:s0 key=(null)
[    9.058117] type=1327 audit(1790635547.923:52): proctitle="/apex/com.android.tethering/bin/netbpfload"
[    9.058231] type=1320 audit(1790635547.923:52): 
[    9.058896] NetBpfLoad: done, transferring control to uprobestatsbpfload.
[    9.076088] UprobeStatsBpfLoad: UprobeStatsBpfLoad loading optional ELF object /apex/com.android.uprobestats/etc/bpf/uprobestats/BitmapAllocation.o with license GPL
[    9.077525] type=1334 audit(1790635547.943:53): prog-id=42 op=LOAD
[    9.077603] type=1300 audit(1790635547.943:53): arch=c000003e syscall=321 success=yes exit=8 a0=5 a1=7ffdefcec7b0 a2=a8 a3=1 items=0 ppid=1 auid=4294967295 uid=0 gid=0 euid=0 suid=0 fsuid=0 egid=0 sgid=0 fsgid=0 tty=(none) ses=4294967295 comm="uprobestatsbpfl" exe="/apex/com.android.uprobestats/bin/uprobestatsbpfload" subj=u:r:bpfloader:s0 key=(null)
[    9.077737] type=1327 audit(1790635547.943:53): proctitle="/apex/com.android.tethering/bin/netbpfload"
[    9.077788] type=1320 audit(1790635547.943:53): 
[    9.077820] type=1334 audit(1790635547.943:54): prog-id=43 op=LOAD
[    9.077862] type=1300 audit(1790635547.943:54): arch=c000003e syscall=321 success=yes exit=9 a0=5 a1=7ffdefcec7b0 a2=a8 a3=1 items=0 ppid=1 auid=4294967295 uid=0 gid=0 euid=0 suid=0 fsuid=0 egid=0 sgid=0 fsgid=0 tty=(none) ses=4294967295 comm="uprobestatsbpfl" exe="/apex/com.android.uprobestats/bin/uprobestatsbpfload" subj=u:r:bpfloader:s0 key=(null)
[    9.078014] type=1327 audit(1790635547.943:54): proctitle="/apex/com.android.tethering/bin/netbpfload"
[    9.078077] type=1320 audit(1790635547.943:54): 
[    9.078124] type=1334 audit(1790635547.943:55): prog-id=44 op=LOAD
[    9.078169] type=1300 audit(1790635547.943:55): arch=c000003e syscall=321 success=yes exit=10 a0=5 a1=7ffdefcec7b0 a2=a8 a3=1 items=0 ppid=1 auid=4294967295 uid=0 gid=0 euid=0 suid=0 fsuid=0 egid=0 sgid=0 fsgid=0 tty=(none) ses=4294967295 comm="uprobestatsbpfl" exe="/apex/com.android.uprobestats/bin/uprobestatsbpfload" subj=u:r:bpfloader:s0 key=(null)
[    9.078307] type=1327 audit(1790635547.943:55): proctitle="/apex/com.android.tethering/bin/netbpfload"
[    9.078320] UprobeStatsBpfLoad: UprobeStatsBpfLoad loading optional ELF object /apex/com.android.uprobestats/etc/bpf/uprobestats/Binder.o with license GPL
[    9.078354] type=1320 audit(1790635547.943:55): 
[    9.078435] type=1334 audit(1790635547.943:56): prog-id=45 op=LOAD
[    9.078476] type=1300 audit(1790635547.943:56): arch=c000003e syscall=321 success=yes exit=11 a0=5 a1=7ffdefcec7b0 a2=a8 a3=1 items=0 ppid=1 auid=4294967295 uid=0 gid=0 euid=0 suid=0 fsuid=0 egid=0 sgid=0 fsgid=0 tty=(none) ses=4294967295 comm="uprobestatsbpfl" exe="/apex/com.android.uprobestats/bin/uprobestatsbpfload" subj=u:r:bpfloader:s0 key=(null)
[    9.078611] type=1327 audit(1790635547.943:56): proctitle="/apex/com.android.tethering/bin/netbpfload"
[    9.078660] type=1320 audit(1790635547.943:56): 
[    9.078691] type=1334 audit(1790635547.943:57): prog-id=46 op=LOAD
[    9.078731] type=1300 audit(1790635547.943:57): arch=c000003e syscall=321 success=yes exit=12 a0=5 a1=7ffdefcec7b0 a2=a8 a3=1 items=0 ppid=1 auid=4294967295 uid=0 gid=0 euid=0 suid=0 fsuid=0 egid=0 sgid=0 fsgid=0 tty=(none) ses=4294967295 comm="uprobestatsbpfl" exe="/apex/com.android.uprobestats/bin/uprobestatsbpfload" subj=u:r:bpfloader:s0 key=(null)
[    9.078861] type=1327 audit(1790635547.943:57): proctitle="/apex/com.android.tethering/bin/netbpfload"
[    9.078909] type=1320 audit(1790635547.943:57): 
[    9.078946] type=1334 audit(1790635547.943:58): prog-id=47 op=LOAD
[    9.078988] type=1300 audit(1790635547.943:58): arch=c000003e syscall=321 success=yes exit=13 a0=5 a1=7ffdefcec7b0 a2=a8 a3=1 items=0 ppid=1 auid=4294967295 uid=0 gid=0 euid=0 suid=0 fsuid=0 egid=0 sgid=0 fsgid=0 tty=(none) ses=4294967295 comm="uprobestatsbpfl" exe="/apex/com.android.uprobestats/bin/uprobestatsbpfload" subj=u:r:bpfloader:s0 key=(null)
[    9.079167] type=1327 audit(1790635547.943:58): proctitle="/apex/com.android.tethering/bin/netbpfload"
[    9.079223] type=1320 audit(1790635547.943:58): 
[    9.079346] type=1334 audit(1790635547.943:59): prog-id=48 op=LOAD
[    9.079389] type=1300 audit(1790635547.943:59): arch=c000003e syscall=321 success=yes exit=7 a0=5 a1=7ffdefcec7b0 a2=a8 a3=1 items=0 ppid=1 auid=4294967295 uid=0 gid=0 euid=0 suid=0 fsuid=0 egid=0 sgid=0 fsgid=0 tty=(none) ses=4294967295 comm="uprobestatsbpfl" exe="/apex/com.android.uprobestats/bin/uprobestatsbpfload" subj=u:r:bpfloader:s0 key=(null)
[    9.079519] type=1327 audit(1790635547.943:59): proctitle="/apex/com.android.tethering/bin/netbpfload"
[    9.079522] UprobeStatsBpfLoad: UprobeStatsBpfLoad loading optional ELF object /apex/com.android.uprobestats/etc/bpf/uprobestats/Accessibility.o with license GPL
[    9.079567] type=1320 audit(1790635547.943:59): 
[    9.080206] type=1334 audit(1790635547.947:60): prog-id=49 op=LOAD
[    9.080255] type=1300 audit(1790635547.947:60): arch=c000003e syscall=321 success=yes exit=6 a0=5 a1=7ffdefcec7b0 a2=a8 a3=1 items=0 ppid=1 auid=4294967295 uid=0 gid=0 euid=0 suid=0 fsuid=0 egid=0 sgid=0 fsgid=0 tty=(none) ses=4294967295 comm="uprobestatsbpfl" exe="/apex/com.android.uprobestats/bin/uprobestatsbpfload" subj=u:r:bpfloader:s0 key=(null)
[    9.080379] type=1327 audit(1790635547.947:60): proctitle="/apex/com.android.tethering/bin/netbpfload"
[    9.080428] type=1320 audit(1790635547.947:60): 
[    9.080460] type=1334 audit(1790635547.947:61): prog-id=50 op=LOAD
[    9.080499] type=1300 audit(1790635547.947:61): arch=c000003e syscall=321 success=yes exit=7 a0=5 a1=7ffdefcec7b0 a2=a8 a3=1 items=0 ppid=1 auid=4294967295 uid=0 gid=0 euid=0 suid=0 fsuid=0 egid=0 sgid=0 fsgid=0 tty=(none) ses=4294967295 comm="uprobestatsbpfl" exe="/apex/com.android.uprobestats/bin/uprobestatsbpfload" subj=u:r:bpfloader:s0 key=(null)
[    9.080527] UprobeStatsBpfLoad: UprobeStatsBpfLoad loading optional ELF object /apex/com.android.uprobestats/etc/bpf/uprobestats/ArtTest.o with license GPL
[    9.080634] type=1327 audit(1790635547.947:61): proctitle="/apex/com.android.tethering/bin/netbpfload"
[    9.080726] type=1320 audit(1790635547.947:61): 
[    9.081218] UprobeStatsBpfLoad: BPF_PROG_LOAD call for /apex/com.android.uprobestats/etc/bpf/uprobestats/ArtTest.o (uprobe_update_device_idle_temp_allowlist) returned fd: -1 (Permission denied)
[    9.081300] UprobeStatsBpfLoad: non-optional program failed to load.
[    9.081335] UprobeStatsBpfLoad: Failed to load programs, loadCodeSections ret=-1
[    9.081374] UprobeStatsBpfLoad: Failed to load object: /apex/com.android.uprobestats/etc/bpf/uprobestats/ArtTest.o, ret: Operation not permitted
[    9.081563] UprobeStatsBpfLoad: UprobeStatsBpfLoad loading optional ELF object /apex/com.android.uprobestats/etc/bpf/uprobestats/GenericInstrumentation.o with license GPL
[    9.082801] type=1334 audit(1790635547.947:62): prog-id=51 op=LOAD
[    9.082851] type=1300 audit(1790635547.947:62): arch=c000003e syscall=321 success=yes exit=7 a0=5 a1=7ffdefcec7b0 a2=a8 a3=1 items=0 ppid=1 auid=4294967295 uid=0 gid=0 euid=0 suid=0 fsuid=0 egid=0 sgid=0 fsgid=0 tty=(none) ses=4294967295 comm="uprobestatsbpfl" exe="/apex/com.android.uprobestats/bin/uprobestatsbpfload" subj=u:r:bpfloader:s0 key=(null)
[    9.082988] type=1327 audit(1790635547.947:62): proctitle="/apex/com.android.tethering/bin/netbpfload"
[    9.083038] type=1320 audit(1790635547.947:62): 
[    9.083067] type=1334 audit(1790635547.947:63): prog-id=52 op=LOAD
[    9.083112] type=1300 audit(1790635547.947:63): arch=c000003e syscall=321 success=yes exit=8 a0=5 a1=7ffdefcec7b0 a2=a8 a3=1 items=0 ppid=1 auid=4294967295 uid=0 gid=0 euid=0 suid=0 fsuid=0 egid=0 sgid=0 fsgid=0 tty=(none) ses=4294967295 comm="uprobestatsbpfl" exe="/apex/com.android.uprobestats/bin/uprobestatsbpfload" subj=u:r:bpfloader:s0 key=(null)
[    9.083272] type=1327 audit(1790635547.947:63): proctitle="/apex/com.android.tethering/bin/netbpfload"
[    9.083321] type=1320 audit(1790635547.947:63): 
[    9.083354] type=1334 audit(1790635547.947:64): prog-id=53 op=LOAD
[    9.083392] type=1300 audit(1790635547.947:64): arch=c000003e syscall=321 success=yes exit=9 a0=5 a1=7ffdefcec7b0 a2=a8 a3=1 items=0 ppid=1 auid=4294967295 uid=0 gid=0 euid=0 suid=0 fsuid=0 egid=0 sgid=0 fsgid=0 tty=(none) ses=4294967295 comm="uprobestatsbpfl" exe="/apex/com.android.uprobestats/bin/uprobestatsbpfload" subj=u:r:bpfloader:s0 key=(null)
[    9.083516] type=1327 audit(1790635547.947:64): proctitle="/apex/com.android.tethering/bin/netbpfload"
[    9.083556] type=1320 audit(1790635547.947:64): 
[    9.083586] type=1334 audit(1790635547.947:65): prog-id=54 op=LOAD
[    9.083617] type=1300 audit(1790635547.947:65): arch=c000003e syscall=321 success=yes exit=10 a0=5 a1=7ffdefcec7b0 a2=a8 a3=1 items=0 ppid=1 auid=4294967295 uid=0 gid=0 euid=0 suid=0 fsuid=0 egid=0 sgid=0 fsgid=0 tty=(none) ses=4294967295 comm="uprobestatsbpfl" exe="/apex/com.android.uprobestats/bin/uprobestatsbpfload" subj=u:r:bpfloader:s0 key=(null)
[    9.083628] UprobeStatsBpfLoad: UprobeStatsBpfLoad loading optional ELF object /apex/com.android.uprobestats/etc/bpf/uprobestats/ProcessManagement.o with license GPL
[    9.083719] type=1327 audit(1790635547.947:65): proctitle="/apex/com.android.tethering/bin/netbpfload"
[    9.083819] type=1320 audit(1790635547.947:65): 
[    9.083846] type=1334 audit(1790635547.947:66): prog-id=55 op=LOAD
[    9.083882] type=1300 audit(1790635547.947:66): arch=c000003e syscall=321 success=yes exit=11 a0=5 a1=7ffdefcec7b0 a2=a8 a3=1 items=0 ppid=1 auid=4294967295 uid=0 gid=0 euid=0 suid=0 fsuid=0 egid=0 sgid=0 fsgid=0 tty=(none) ses=4294967295 comm="uprobestatsbpfl" exe="/apex/com.android.uprobestats/bin/uprobestatsbpfload" subj=u:r:bpfloader:s0 key=(null)
[    9.083982] type=1327 audit(1790635547.947:66): proctitle="/apex/com.android.tethering/bin/netbpfload"
[    9.084018] type=1320 audit(1790635547.947:66): 
[    9.084042] type=1334 audit(1790635547.947:67): prog-id=56 op=LOAD
[    9.084072] type=1300 audit(1790635547.947:67): arch=c000003e syscall=321 success=yes exit=12 a0=5 a1=7ffdefcec7b0 a2=a8 a3=1 items=0 ppid=1 auid=4294967295 uid=0 gid=0 euid=0 suid=0 fsuid=0 egid=0 sgid=0 fsgid=0 tty=(none) ses=4294967295 comm="uprobestatsbpfl" exe="/apex/com.android.uprobestats/bin/uprobestatsbpfload" subj=u:r:bpfloader:s0 key=(null)
[    9.084201] type=1327 audit(1790635547.947:67): proctitle="/apex/com.android.tethering/bin/netbpfload"
[    9.084257] type=1320 audit(1790635547.947:67): 
[    9.084282] type=1334 audit(1790635547.947:68): prog-id=57 op=LOAD
[    9.084312] type=1300 audit(1790635547.947:68): arch=c000003e syscall=321 success=yes exit=13 a0=5 a1=7ffdefcec7b0 a2=a8 a3=1 items=0 ppid=1 auid=4294967295 uid=0 gid=0 euid=0 suid=0 fsuid=0 egid=0 sgid=0 fsgid=0 tty=(none) ses=4294967295 comm="uprobestatsbpfl" exe="/apex/com.android.uprobestats/bin/uprobestatsbpfload" subj=u:r:bpfloader:s0 key=(null)
[    9.084398] type=1327 audit(1790635547.947:68): proctitle="/apex/com.android.tethering/bin/netbpfload"
[    9.084438] type=1320 audit(1790635547.947:68): 
[    9.084846] type=1334 audit(1790635547.951:69): prog-id=58 op=LOAD
[    9.084878] type=1300 audit(1790635547.951:69): arch=c000003e syscall=321 success=yes exit=8 a0=5 a1=7ffdefcec7b0 a2=a8 a3=1 items=0 ppid=1 auid=4294967295 uid=0 gid=0 euid=0 suid=0 fsuid=0 egid=0 sgid=0 fsgid=0 tty=(none) ses=4294967295 comm="uprobestatsbpfl" exe="/apex/com.android.uprobestats/bin/uprobestatsbpfload" subj=u:r:bpfloader:s0 key=(null)
[    9.084881] UprobeStatsBpfLoad: BPF_PROG_LOAD call for /apex/com.android.uprobestats/etc/bpf/uprobestats/ProcessManagement.o (uprobe_update_device_idle_temp_allowlist) returned fd: -1 (Permission denied)
[    9.084977] type=1327 audit(1790635547.951:69): proctitle="/apex/com.android.tethering/bin/netbpfload"
[    9.085047] UprobeStatsBpfLoad: non-optional program failed to load.
[    9.085049] UprobeStatsBpfLoad: Failed to load programs, loadCodeSections ret=-1
[    9.085106] type=1320 audit(1790635547.951:69): 
[    9.085131] UprobeStatsBpfLoad: Failed to load object: /apex/com.android.uprobestats/etc/bpf/uprobestats/ProcessManagement.o, ret: Operation not permitted
[    9.085563] UprobeStatsBpfLoad: UprobeStatsBpfLoad loading optional ELF object /apex/com.android.uprobestats/etc/bpf/uprobestats/DisruptiveApp.o with license GPL
[    9.086166] UprobeStatsBpfLoad: BPF_PROG_LOAD call for /apex/com.android.uprobestats/etc/bpf/uprobestats/DisruptiveApp.o (uprobe_bind_service_locked) returned fd: -1 (Permission denied)
[    9.086245] UprobeStatsBpfLoad: non-optional program failed to load.
[    9.086275] UprobeStatsBpfLoad: Failed to load programs, loadCodeSections ret=-1
[    9.086316] UprobeStatsBpfLoad: Failed to load object: /apex/com.android.uprobestats/etc/bpf/uprobestats/DisruptiveApp.o, ret: Operation not permitted
[    9.100681] type=1334 audit(1790635547.967:70): prog-id=59 op=LOAD
[    9.100757] type=1300 audit(1790635547.967:70): arch=c000003e syscall=321 success=yes exit=4 a0=5 a1=7fffd1f58c28 a2=74 a3=2a items=0 ppid=1 auid=4294967295 uid=0 gid=0 euid=0 suid=0 fsuid=0 egid=0 sgid=0 fsgid=0 tty=(none) ses=4294967295 comm="bpfloader" exe="/system/bin/bpfloader" subj=u:r:bpfloader:s0 key=(null)
[    9.100848] type=1327 audit(1790635547.967:70): proctitle="/apex/com.android.tethering/bin/netbpfload"
[    9.100883] type=1320 audit(1790635547.967:70): 
[    9.100914] type=1334 audit(1790635547.967:71): prog-id=59 op=UNLOAD
[    9.100955] type=1300 audit(1790635547.967:71): arch=c000003e syscall=3 success=yes exit=0 a0=4 a1=0 a2=0 a3=2a items=0 ppid=1 auid=4294967295 uid=0 gid=0 euid=0 suid=0 fsuid=0 egid=0 sgid=0 fsgid=0 tty=(none) ses=4294967295 comm="bpfloader" exe="/system/bin/bpfloader" subj=u:r:bpfloader:s0 key=(null)
[    9.101052] type=1327 audit(1790635547.967:71): proctitle="/apex/com.android.tethering/bin/netbpfload"
[    9.101103] type=1320 audit(1790635547.967:71): 
[    9.101137] type=1334 audit(1790635547.967:72): prog-id=60 op=LOAD
[    9.101173] type=1300 audit(1790635547.967:72): arch=c000003e syscall=321 success=yes exit=4 a0=5 a1=7fffd1f58c90 a2=94 a3=2 items=0 ppid=1 auid=4294967295 uid=0 gid=0 euid=0 suid=0 fsuid=0 egid=0 sgid=0 fsgid=0 tty=(none) ses=4294967295 comm="bpfloader" exe="/system/bin/bpfloader" subj=u:r:bpfloader:s0 key=(null)
[    9.101256] type=1327 audit(1790635547.967:72): proctitle="/apex/com.android.tethering/bin/netbpfload"
[    9.101290] type=1320 audit(1790635547.967:72): 
[    9.101314] type=1334 audit(1790635547.967:73): prog-id=60 op=UNLOAD
[    9.101349] type=1300 audit(1790635547.967:73): arch=c000003e syscall=3 success=yes exit=0 a0=4 a1=0 a2=0 a3=2 items=0 ppid=1 auid=4294967295 uid=0 gid=0 euid=0 suid=0 fsuid=0 egid=0 sgid=0 fsgid=0 tty=(none) ses=4294967295 comm="bpfloader" exe="/system/bin/bpfloader" subj=u:r:bpfloader:s0 key=(null)
[    9.101430] type=1327 audit(1790635547.967:73): proctitle="/apex/com.android.tethering/bin/netbpfload"
[    9.101472] type=1320 audit(1790635547.967:73): 
[    9.116569] type=1334 audit(1790635547.983:74): prog-id=61 op=LOAD
[    9.116659] type=1300 audit(1790635547.983:74): arch=c000003e syscall=321 success=yes exit=20 a0=5 a1=7fffd1f58988 a2=40 a3=4 items=0 ppid=1 auid=4294967295 uid=0 gid=0 euid=0 suid=0 fsuid=0 egid=0 sgid=0 fsgid=0 tty=(none) ses=4294967295 comm="bpfloader" exe="/system/bin/bpfloader" subj=u:r:bpfloader:s0 key=(null)
[    9.116764] type=1327 audit(1790635547.983:74): proctitle="/apex/com.android.tethering/bin/netbpfload"
[    9.116814] type=1320 audit(1790635547.983:74): 
[    9.116841] type=1334 audit(1790635547.983:75): prog-id=61 op=UNLOAD
[    9.116872] type=1300 audit(1790635547.983:75): arch=c000003e syscall=3 success=yes exit=0 a0=14 a1=0 a2=0 a3=4 items=0 ppid=1 auid=4294967295 uid=0 gid=0 euid=0 suid=0 fsuid=0 egid=0 sgid=0 fsgid=0 tty=(none) ses=4294967295 comm="bpfloader" exe="/system/bin/bpfloader" subj=u:r:bpfloader:s0 key=(null)
[    9.116955] type=1327 audit(1790635547.983:75): proctitle="/apex/com.android.tethering/bin/netbpfload"
[    9.116992] type=1320 audit(1790635547.983:75): 
[    9.117016] type=1334 audit(1790635547.983:76): prog-id=62 op=LOAD
[    9.117047] type=1300 audit(1790635547.983:76): arch=c000003e syscall=321 success=yes exit=20 a0=5 a1=7fffd1f58b20 a2=94 a3=7fffd1f58c00 items=0 ppid=1 auid=4294967295 uid=0 gid=0 euid=0 suid=0 fsuid=0 egid=0 sgid=0 fsgid=0 tty=(none) ses=4294967295 comm="bpfloader" exe="/system/bin/bpfloader" subj=u:r:bpfloader:s0 key=(null)
[    9.117156] type=1327 audit(1790635547.983:76): proctitle="/apex/com.android.tethering/bin/netbpfload"
[    9.117197] type=1320 audit(1790635547.983:76): 
[    9.117222] type=1334 audit(1790635547.983:77): prog-id=62 op=UNLOAD
[    9.117254] type=1300 audit(1790635547.983:77): arch=c000003e syscall=3 success=yes exit=0 a0=14 a1=0 a2=0 a3=7fffd1f58c00 items=0 ppid=1 auid=4294967295 uid=0 gid=0 euid=0 suid=0 fsuid=0 egid=0 sgid=0 fsgid=0 tty=(none) ses=4294967295 comm="bpfloader" exe="/system/bin/bpfloader" subj=u:r:bpfloader:s0 key=(null)
[    9.117337] type=1327 audit(1790635547.983:77): proctitle="/apex/com.android.tethering/bin/netbpfload"
[    9.117370] type=1320 audit(1790635547.983:77): 
[    9.118302] type=1334 audit(1790635547.983:78): prog-id=63 op=LOAD
[    9.118362] type=1300 audit(1790635547.983:78): arch=c000003e syscall=321 success=yes exit=20 a0=5 a1=7fffd1f58ba0 a2=94 a3=6 items=0 ppid=1 auid=4294967295 uid=0 gid=0 euid=0 suid=0 fsuid=0 egid=0 sgid=0 fsgid=0 tty=(none) ses=4294967295 comm="bpfloader" exe="/system/bin/bpfloader" subj=u:r:bpfloader:s0 key=(null)
[    9.118447] type=1327 audit(1790635547.983:78): proctitle="/apex/com.android.tethering/bin/netbpfload"
[    9.118492] type=1320 audit(1790635547.983:78): 
[    9.118516] type=1334 audit(1790635547.983:79): prog-id=63 op=UNLOAD
[    9.118547] type=1300 audit(1790635547.983:79): arch=c000003e syscall=3 success=yes exit=0 a0=14 a1=0 a2=0 a3=6 items=0 ppid=1 auid=4294967295 uid=0 gid=0 euid=0 suid=0 fsuid=0 egid=0 sgid=0 fsgid=0 tty=(none) ses=4294967295 comm="bpfloader" exe="/system/bin/bpfloader" subj=u:r:bpfloader:s0 key=(null)
[    9.118637] type=1327 audit(1790635547.983:79): proctitle="/apex/com.android.tethering/bin/netbpfload"
[    9.118672] type=1320 audit(1790635547.983:79): 
[    9.119545] type=1334 audit(1790635547.983:80): prog-id=64 op=LOAD
[    9.119597] type=1300 audit(1790635547.983:80): arch=c000003e syscall=321 success=yes exit=20 a0=5 a1=7fffd1f58c90 a2=94 a3=375 items=0 ppid=1 auid=4294967295 uid=0 gid=0 euid=0 suid=0 fsuid=0 egid=0 sgid=0 fsgid=0 tty=(none) ses=4294967295 comm="bpfloader" exe="/system/bin/bpfloader" subj=u:r:bpfloader:s0 key=(null)
[    9.119697] type=1327 audit(1790635547.983:80): proctitle="/apex/com.android.tethering/bin/netbpfload"
[    9.119738] type=1320 audit(1790635547.983:80): 
[    9.119764] type=1334 audit(1790635547.983:81): prog-id=65 op=LOAD
[    9.119795] type=1300 audit(1790635547.983:81): arch=c000003e syscall=321 success=yes exit=21 a0=5 a1=7fffd1f58c90 a2=94 a3=1f items=0 ppid=1 auid=4294967295 uid=0 gid=0 euid=0 suid=0 fsuid=0 egid=0 sgid=0 fsgid=0 tty=(none) ses=4294967295 comm="bpfloader" exe="/system/bin/bpfloader" subj=u:r:bpfloader:s0 key=(null)
[    9.119891] type=1327 audit(1790635547.983:81): proctitle="/apex/com.android.tethering/bin/netbpfload"
[    9.119926] type=1320 audit(1790635547.983:81): 
[    9.119957] type=1334 audit(1790635547.983:82): prog-id=66 op=LOAD
[    9.119992] type=1300 audit(1790635547.983:82): arch=c000003e syscall=321 success=yes exit=22 a0=5 a1=7fffd1f58c90 a2=94 a3=98 items=0 ppid=1 auid=4294967295 uid=0 gid=0 euid=0 suid=0 fsuid=0 egid=0 sgid=0 fsgid=0 tty=(none) ses=4294967295 comm="bpfloader" exe="/system/bin/bpfloader" subj=u:r:bpfloader:s0 key=(null)
[    9.120077] type=1327 audit(1790635547.983:82): proctitle="/apex/com.android.tethering/bin/netbpfload"
[    9.120126] type=1320 audit(1790635547.983:82): 
[    9.120539] type=1334 audit(1790635547.987:83): prog-id=67 op=LOAD
[    9.120581] type=1300 audit(1790635547.987:83): arch=c000003e syscall=321 success=yes exit=4 a0=5 a1=7fffd1f58c90 a2=94 a3=2 items=0 ppid=1 auid=4294967295 uid=0 gid=0 euid=0 suid=0 fsuid=0 egid=0 sgid=0 fsgid=0 tty=(none) ses=4294967295 comm="bpfloader" exe="/system/bin/bpfloader" subj=u:r:bpfloader:s0 key=(null)
[    9.120662] type=1327 audit(1790635547.987:83): proctitle="/apex/com.android.tethering/bin/netbpfload"
[    9.120708] type=1320 audit(1790635547.987:83): 
[    9.120738] type=1334 audit(1790635547.987:84): prog-id=67 op=UNLOAD
[    9.120780] type=1300 audit(1790635547.987:84): arch=c000003e syscall=3 success=yes exit=0 a0=4 a1=0 a2=0 a3=2 items=0 ppid=1 auid=4294967295 uid=0 gid=0 euid=0 suid=0 fsuid=0 egid=0 sgid=0 fsgid=0 tty=(none) ses=4294967295 comm="bpfloader" exe="/system/bin/bpfloader" subj=u:r:bpfloader:s0 key=(null)
[    9.120870] type=1327 audit(1790635547.987:84): proctitle="/apex/com.android.tethering/bin/netbpfload"
[    9.120914] type=1320 audit(1790635547.987:84): 
[    9.120964] type=1334 audit(1790635547.987:85): prog-id=68 op=LOAD
[    9.121001] type=1300 audit(1790635547.987:85): arch=c000003e syscall=321 success=yes exit=7 a0=5 a1=7fffd1f58ad0 a2=94 a3=5 items=0 ppid=1 auid=4294967295 uid=0 gid=0 euid=0 suid=0 fsuid=0 egid=0 sgid=0 fsgid=0 tty=(none) ses=4294967295 comm="bpfloader" exe="/system/bin/bpfloader" subj=u:r:bpfloader:s0 key=(null)
[    9.121115] type=1327 audit(1790635547.987:85): proctitle="/apex/com.android.tethering/bin/netbpfload"
[    9.121184] type=1320 audit(1790635547.987:85): 
[    9.121212] type=1334 audit(1790635547.987:86): prog-id=68 op=UNLOAD
[    9.121253] type=1300 audit(1790635547.987:86): arch=c000003e syscall=3 success=yes exit=0 a0=7 a1=0 a2=0 a3=5 items=0 ppid=1 auid=4294967295 uid=0 gid=0 euid=0 suid=0 fsuid=0 egid=0 sgid=0 fsgid=0 tty=(none) ses=4294967295 comm="bpfloader" exe="/system/bin/bpfloader" subj=u:r:bpfloader:s0 key=(null)
[    9.121347] type=1327 audit(1790635547.987:86): proctitle="/apex/com.android.tethering/bin/netbpfload"
[    9.121392] type=1320 audit(1790635547.987:86): 
[    9.121422] type=1334 audit(1790635547.987:87): prog-id=69 op=LOAD
[    9.121457] type=1300 audit(1790635547.987:87): arch=c000003e syscall=321 success=yes exit=6 a0=5 a1=7fffd1f58c90 a2=94 a3=2f items=0 ppid=1 auid=4294967295 uid=0 gid=0 euid=0 suid=0 fsuid=0 egid=0 sgid=0 fsgid=0 tty=(none) ses=4294967295 comm="bpfloader" exe="/system/bin/bpfloader" subj=u:r:bpfloader:s0 key=(null)
[    9.121593] type=1327 audit(1790635547.987:87): proctitle="/apex/com.android.tethering/bin/netbpfload"
[    9.121642] type=1320 audit(1790635547.987:87): 
[    9.121678] type=1334 audit(1790635547.987:88): prog-id=70 op=LOAD
[    9.121728] type=1300 audit(1790635547.987:88): arch=c000003e syscall=321 success=yes exit=8 a0=5 a1=7fffd1f58af0 a2=94 a3=2 items=0 ppid=1 auid=4294967295 uid=0 gid=0 euid=0 suid=0 fsuid=0 egid=0 sgid=0 fsgid=0 tty=(none) ses=4294967295 comm="bpfloader" exe="/system/bin/bpfloader" subj=u:r:bpfloader:s0 key=(null)
[    9.121868] type=1327 audit(1790635547.987:88): proctitle="/apex/com.android.tethering/bin/netbpfload"
[    9.121904] type=1320 audit(1790635547.987:88): 
[    9.121928] type=1334 audit(1790635547.987:89): prog-id=70 op=UNLOAD
[    9.121981] type=1300 audit(1790635547.987:89): arch=c000003e syscall=3 success=yes exit=0 a0=8 a1=0 a2=0 a3=7fffd1f58bd8 items=0 ppid=1 auid=4294967295 uid=0 gid=0 euid=0 suid=0 fsuid=0 egid=0 sgid=0 fsgid=0 tty=(none) ses=4294967295 comm="bpfloader" exe="/system/bin/bpfloader" subj=u:r:bpfloader:s0 key=(null)
[    9.122130] type=1327 audit(1790635547.987:89): proctitle="/apex/com.android.tethering/bin/netbpfload"
[    9.122204] type=1320 audit(1790635547.987:89): 
[    9.122234] type=1334 audit(1790635547.987:90): prog-id=71 op=LOAD
[    9.122281] type=1300 audit(1790635547.987:90): arch=c000003e syscall=321 success=yes exit=4 a0=5 a1=7fffd1f58c90 a2=94 a3=2 items=0 ppid=1 auid=4294967295 uid=0 gid=0 euid=0 suid=0 fsuid=0 egid=0 sgid=0 fsgid=0 tty=(none) ses=4294967295 comm="bpfloader" exe="/system/bin/bpfloader" subj=u:r:bpfloader:s0 key=(null)
[    9.122403] type=1327 audit(1790635547.987:90): proctitle="/apex/com.android.tethering/bin/netbpfload"
[    9.122453] type=1320 audit(1790635547.987:90): 
[    9.122487] type=1334 audit(1790635547.987:91): prog-id=71 op=UNLOAD
[    9.122531] type=1300 audit(1790635547.987:91): arch=c000003e syscall=3 success=yes exit=0 a0=4 a1=0 a2=0 a3=2 items=0 ppid=1 auid=4294967295 uid=0 gid=0 euid=0 suid=0 fsuid=0 egid=0 sgid=0 fsgid=0 tty=(none) ses=4294967295 comm="bpfloader" exe="/system/bin/bpfloader" subj=u:r:bpfloader:s0 key=(null)
[    9.122629] type=1327 audit(1790635547.987:91): proctitle="/apex/com.android.tethering/bin/netbpfload"
[    9.122664] type=1320 audit(1790635547.987:91): 
[    9.122687] type=1334 audit(1790635547.987:92): prog-id=72 op=LOAD
[    9.122723] type=1300 audit(1790635547.987:92): arch=c000003e syscall=321 success=yes exit=6 a0=5 a1=7fffd1f58c90 a2=94 a3=20 items=0 ppid=1 auid=4294967295 uid=0 gid=0 euid=0 suid=0 fsuid=0 egid=0 sgid=0 fsgid=0 tty=(none) ses=4294967295 comm="bpfloader" exe="/system/bin/bpfloader" subj=u:r:bpfloader:s0 key=(null)
[    9.122831] type=1327 audit(1790635547.987:92): proctitle="/apex/com.android.tethering/bin/netbpfload"
[    9.122869] type=1320 audit(1790635547.987:92): 
[    9.122899] type=1334 audit(1790635547.987:93): prog-id=73 op=LOAD
[    9.122931] type=1300 audit(1790635547.987:93): arch=c000003e syscall=321 success=yes exit=4 a0=5 a1=7fffd1f58c90 a2=94 a3=2 items=0 ppid=1 auid=4294967295 uid=0 gid=0 euid=0 suid=0 fsuid=0 egid=0 sgid=0 fsgid=0 tty=(none) ses=4294967295 comm="bpfloader" exe="/system/bin/bpfloader" subj=u:r:bpfloader:s0 key=(null)
[    9.123053] type=1327 audit(1790635547.987:93): proctitle="/apex/com.android.tethering/bin/netbpfload"
[    9.123265] type=1320 audit(1790635547.987:93): 
[    9.123302] type=1334 audit(1790635547.987:94): prog-id=73 op=UNLOAD
[    9.123342] type=1300 audit(1790635547.987:94): arch=c000003e syscall=3 success=yes exit=0 a0=4 a1=0 a2=0 a3=2 items=0 ppid=1 auid=4294967295 uid=0 gid=0 euid=0 suid=0 fsuid=0 egid=0 sgid=0 fsgid=0 tty=(none) ses=4294967295 comm="bpfloader" exe="/system/bin/bpfloader" subj=u:r:bpfloader:s0 key=(null)
[    9.123463] type=1327 audit(1790635547.987:94): proctitle="/apex/com.android.tethering/bin/netbpfload"
[    9.123512] type=1320 audit(1790635547.987:94): 
[    9.123546] type=1334 audit(1790635547.987:95): prog-id=74 op=LOAD
[    9.123589] type=1300 audit(1790635547.987:95): arch=c000003e syscall=321 success=yes exit=7 a0=5 a1=7fffd1f58c90 a2=94 a3=55 items=0 ppid=1 auid=4294967295 uid=0 gid=0 euid=0 suid=0 fsuid=0 egid=0 sgid=0 fsgid=0 tty=(none) ses=4294967295 comm="bpfloader" exe="/system/bin/bpfloader" subj=u:r:bpfloader:s0 key=(null)
[    9.123722] type=1327 audit(1790635547.987:95): proctitle="/apex/com.android.tethering/bin/netbpfload"
[    9.123761] type=1320 audit(1790635547.987:95): 
[    9.123793] type=1334 audit(1790635547.987:96): prog-id=75 op=LOAD
[    9.123829] type=1300 audit(1790635547.987:96): arch=c000003e syscall=321 success=yes exit=4 a0=5 a1=7fffd1f58c90 a2=94 a3=2 items=0 ppid=1 auid=4294967295 uid=0 gid=0 euid=0 suid=0 fsuid=0 egid=0 sgid=0 fsgid=0 tty=(none) ses=4294967295 comm="bpfloader" exe="/system/bin/bpfloader" subj=u:r:bpfloader:s0 key=(null)
[    9.123910] type=1327 audit(1790635547.987:96): proctitle="/apex/com.android.tethering/bin/netbpfload"
[    9.123957] type=1320 audit(1790635547.987:96): 
[    9.123989] type=1334 audit(1790635547.987:97): prog-id=75 op=UNLOAD
[    9.124031] type=1300 audit(1790635547.987:97): arch=c000003e syscall=3 success=yes exit=0 a0=4 a1=0 a2=0 a3=2 items=0 ppid=1 auid=4294967295 uid=0 gid=0 euid=0 suid=0 fsuid=0 egid=0 sgid=0 fsgid=0 tty=(none) ses=4294967295 comm="bpfloader" exe="/system/bin/bpfloader" subj=u:r:bpfloader:s0 key=(null)
[    9.124184] type=1327 audit(1790635547.987:97): proctitle="/apex/com.android.tethering/bin/netbpfload"
[    9.124250] type=1320 audit(1790635547.987:97): 
[    9.124285] type=1334 audit(1790635547.987:98): prog-id=76 op=LOAD
[    9.124331] type=1300 audit(1790635547.987:98): arch=c000003e syscall=321 success=yes exit=7 a0=5 a1=7fffd1f58c90 a2=94 a3=2e items=0 ppid=1 auid=4294967295 uid=0 gid=0 euid=0 suid=0 fsuid=0 egid=0 sgid=0 fsgid=0 tty=(none) ses=4294967295 comm="bpfloader" exe="/system/bin/bpfloader" subj=u:r:bpfloader:s0 key=(null)
[    9.124462] type=1327 audit(1790635547.987:98): proctitle="/apex/com.android.tethering/bin/netbpfload"
[    9.124499] type=1320 audit(1790635547.987:98): 
[    9.124529] type=1334 audit(1790635547.987:99): prog-id=77 op=LOAD
[    9.124566] type=1300 audit(1790635547.987:99): arch=c000003e syscall=321 success=yes exit=8 a0=5 a1=7fffd1f58c90 a2=94 a3=e items=0 ppid=1 auid=4294967295 uid=0 gid=0 euid=0 suid=0 fsuid=0 egid=0 sgid=0 fsgid=0 tty=(none) ses=4294967295 comm="bpfloader" exe="/system/bin/bpfloader" subj=u:r:bpfloader:s0 key=(null)
[    9.124668] type=1327 audit(1790635547.987:99): proctitle="/apex/com.android.tethering/bin/netbpfload"
[    9.124720] type=1320 audit(1790635547.987:99): 
[    9.124753] type=1334 audit(1790635547.987:100): prog-id=78 op=LOAD
[    9.124797] type=1300 audit(1790635547.987:100): arch=c000003e syscall=321 success=yes exit=9 a0=5 a1=7fffd1f58c90 a2=94 a3=f items=0 ppid=1 auid=4294967295 uid=0 gid=0 euid=0 suid=0 fsuid=0 egid=0 sgid=0 fsgid=0 tty=(none) ses=4294967295 comm="bpfloader" exe="/system/bin/bpfloader" subj=u:r:bpfloader:s0 key=(null)
[    9.124947] type=1327 audit(1790635547.987:100): proctitle="/apex/com.android.tethering/bin/netbpfload"
[    9.124998] type=1320 audit(1790635547.987:100): 
[    9.125036] type=1334 audit(1790635547.987:101): prog-id=79 op=LOAD
[    9.125120] type=1300 audit(1790635547.987:101): arch=c000003e syscall=321 success=yes exit=10 a0=5 a1=7fffd1f58c90 a2=94 a3=16 items=0 ppid=1 auid=4294967295 uid=0 gid=0 euid=0 suid=0 fsuid=0 egid=0 sgid=0 fsgid=0 tty=(none) ses=4294967295 comm="bpfloader" exe="/system/bin/bpfloader" subj=u:r:bpfloader:s0 key=(null)
[    9.125234] type=1327 audit(1790635547.987:101): proctitle="/apex/com.android.tethering/bin/netbpfload"
[    9.125273] type=1320 audit(1790635547.987:101): 
[    9.125305] type=1334 audit(1790635547.987:102): prog-id=80 op=LOAD
[    9.125344] type=1300 audit(1790635547.987:102): arch=c000003e syscall=321 success=yes exit=11 a0=5 a1=7fffd1f58c90 a2=94 a3=12 items=0 ppid=1 auid=4294967295 uid=0 gid=0 euid=0 suid=0 fsuid=0 egid=0 sgid=0 fsgid=0 tty=(none) ses=4294967295 comm="bpfloader" exe="/system/bin/bpfloader" subj=u:r:bpfloader:s0 key=(null)
[    9.125476] type=1327 audit(1790635547.987:102): proctitle="/apex/com.android.tethering/bin/netbpfload"
[    9.125537] type=1320 audit(1790635547.987:102): 
[    9.125570] type=1334 audit(1790635547.987:103): prog-id=81 op=LOAD
[    9.125612] type=1300 audit(1790635547.987:103): arch=c000003e syscall=321 success=yes exit=12 a0=5 a1=7fffd1f58c90 a2=94 a3=19 items=0 ppid=1 auid=4294967295 uid=0 gid=0 euid=0 suid=0 fsuid=0 egid=0 sgid=0 fsgid=0 tty=(none) ses=4294967295 comm="bpfloader" exe="/system/bin/bpfloader" subj=u:r:bpfloader:s0 key=(null)
[    9.125740] type=1327 audit(1790635547.987:103): proctitle="/apex/com.android.tethering/bin/netbpfload"
[    9.125791] type=1320 audit(1790635547.987:103): 
[    9.125824] type=1334 audit(1790635547.987:104): prog-id=82 op=LOAD
[    9.125864] type=1300 audit(1790635547.987:104): arch=c000003e syscall=321 success=yes exit=13 a0=5 a1=7fffd1f58c90 a2=94 a3=f items=0 ppid=1 auid=4294967295 uid=0 gid=0 euid=0 suid=0 fsuid=0 egid=0 sgid=0 fsgid=0 tty=(none) ses=4294967295 comm="bpfloader" exe="/system/bin/bpfloader" subj=u:r:bpfloader:s0 key=(null)
[    9.126002] type=1327 audit(1790635547.987:104): proctitle="/apex/com.android.tethering/bin/netbpfload"
[    9.126088] type=1320 audit(1790635547.987:104): 
[    9.126134] type=1334 audit(1790635547.991:105): prog-id=83 op=LOAD
[    9.126175] type=1300 audit(1790635547.991:105): arch=c000003e syscall=321 success=yes exit=4 a0=5 a1=7fffd1f58c90 a2=94 a3=2 items=0 ppid=1 auid=4294967295 uid=0 gid=0 euid=0 suid=0 fsuid=0 egid=0 sgid=0 fsgid=0 tty=(none) ses=4294967295 comm="bpfloader" exe="/system/bin/bpfloader" subj=u:r:bpfloader:s0 key=(null)
[    9.126431] type=1327 audit(1790635547.991:105): proctitle="/apex/com.android.tethering/bin/netbpfload"
[    9.126480] type=1320 audit(1790635547.991:105): 
[    9.126509] type=1334 audit(1790635547.991:106): prog-id=83 op=UNLOAD
[    9.126553] type=1300 audit(1790635547.991:106): arch=c000003e syscall=3 success=yes exit=0 a0=4 a1=0 a2=0 a3=2 items=0 ppid=1 auid=4294967295 uid=0 gid=0 euid=0 suid=0 fsuid=0 egid=0 sgid=0 fsgid=0 tty=(none) ses=4294967295 comm="bpfloader" exe="/system/bin/bpfloader" subj=u:r:bpfloader:s0 key=(null)
[    9.126671] type=1327 audit(1790635547.991:106): proctitle="/apex/com.android.tethering/bin/netbpfload"
[    9.126721] type=1320 audit(1790635547.991:106): 
[    9.126751] type=1334 audit(1790635547.991:107): prog-id=84 op=LOAD
[    9.126794] type=1300 audit(1790635547.991:107): arch=c000003e syscall=321 success=yes exit=7 a0=5 a1=7fffd1f58c90 a2=94 a3=2e items=0 ppid=1 auid=4294967295 uid=0 gid=0 euid=0 suid=0 fsuid=0 egid=0 sgid=0 fsgid=0 tty=(none) ses=4294967295 comm="bpfloader" exe="/system/bin/bpfloader" subj=u:r:bpfloader:s0 key=(null)
[    9.126921] type=1327 audit(1790635547.991:107): proctitle="/apex/com.android.tethering/bin/netbpfload"
[    9.126986] type=1320 audit(1790635547.991:107): 
[    9.127021] type=1334 audit(1790635547.991:108): prog-id=85 op=LOAD
[    9.127080] type=1300 audit(1790635547.991:108): arch=c000003e syscall=321 success=yes exit=8 a0=5 a1=7fffd1f58c90 a2=94 a3=38 items=0 ppid=1 auid=4294967295 uid=0 gid=0 euid=0 suid=0 fsuid=0 egid=0 sgid=0 fsgid=0 tty=(none) ses=4294967295 comm="bpfloader" exe="/system/bin/bpfloader" subj=u:r:bpfloader:s0 key=(null)
[    9.127233] type=1327 audit(1790635547.991:108): proctitle="/apex/com.android.tethering/bin/netbpfload"
[    9.127287] type=1320 audit(1790635547.991:108): 
[    9.127319] type=1334 audit(1790635547.991:109): prog-id=86 op=LOAD
[    9.127361] type=1300 audit(1790635547.991:109): arch=c000003e syscall=321 success=yes exit=9 a0=5 a1=7fffd1f58c90 a2=94 a3=e items=0 ppid=1 auid=4294967295 uid=0 gid=0 euid=0 suid=0 fsuid=0 egid=0 sgid=0 fsgid=0 tty=(none) ses=4294967295 comm="bpfloader" exe="/system/bin/bpfloader" subj=u:r:bpfloader:s0 key=(null)
[    9.127453] type=1327 audit(1790635547.991:109): proctitle="/apex/com.android.tethering/bin/netbpfload"
[    9.127497] type=1320 audit(1790635547.991:109): 
[    9.127522] type=1334 audit(1790635547.991:110): prog-id=87 op=LOAD
[    9.127557] type=1300 audit(1790635547.991:110): arch=c000003e syscall=321 success=yes exit=10 a0=5 a1=7fffd1f58c90 a2=94 a3=f items=0 ppid=1 auid=4294967295 uid=0 gid=0 euid=0 suid=0 fsuid=0 egid=0 sgid=0 fsgid=0 tty=(none) ses=4294967295 comm="bpfloader" exe="/system/bin/bpfloader" subj=u:r:bpfloader:s0 key=(null)
[    9.127669] type=1327 audit(1790635547.991:110): proctitle="/apex/com.android.tethering/bin/netbpfload"
[    9.127709] type=1320 audit(1790635547.991:110): 
[    9.127738] type=1334 audit(1790635547.991:111): prog-id=88 op=LOAD
[    9.127774] type=1300 audit(1790635547.991:111): arch=c000003e syscall=321 success=yes exit=11 a0=5 a1=7fffd1f58c90 a2=94 a3=13 items=0 ppid=1 auid=4294967295 uid=0 gid=0 euid=0 suid=0 fsuid=0 egid=0 sgid=0 fsgid=0 tty=(none) ses=4294967295 comm="bpfloader" exe="/system/bin/bpfloader" subj=u:r:bpfloader:s0 key=(null)
[    9.127856] type=1327 audit(1790635547.991:111): proctitle="/apex/com.android.tethering/bin/netbpfload"
[    9.127897] type=1320 audit(1790635547.991:111): 
[    9.127963] type=1334 audit(1790635547.991:112): prog-id=89 op=LOAD
[    9.128008] type=1300 audit(1790635547.991:112): arch=c000003e syscall=321 success=yes exit=12 a0=5 a1=7fffd1f58c90 a2=94 a3=11 items=0 ppid=1 auid=4294967295 uid=0 gid=0 euid=0 suid=0 fsuid=0 egid=0 sgid=0 fsgid=0 tty=(none) ses=4294967295 comm="bpfloader" exe="/system/bin/bpfloader" subj=u:r:bpfloader:s0 key=(null)
[    9.128110] type=1327 audit(1790635547.991:112): proctitle="/apex/com.android.tethering/bin/netbpfload"
[    9.128165] type=1320 audit(1790635547.991:112): 
[    9.128208] type=1334 audit(1790635547.991:113): prog-id=90 op=LOAD
[    9.128248] type=1300 audit(1790635547.991:113): arch=c000003e syscall=321 success=yes exit=13 a0=5 a1=7fffd1f58c90 a2=94 a3=13 items=0 ppid=1 auid=4294967295 uid=0 gid=0 euid=0 suid=0 fsuid=0 egid=0 sgid=0 fsgid=0 tty=(none) ses=4294967295 comm="bpfloader" exe="/system/bin/bpfloader" subj=u:r:bpfloader:s0 key=(null)
[    9.128335] type=1327 audit(1790635547.991:113): proctitle="/apex/com.android.tethering/bin/netbpfload"
[    9.128385] type=1320 audit(1790635547.991:113): 
[    9.128415] type=1334 audit(1790635547.991:114): prog-id=91 op=LOAD
[    9.128449] type=1300 audit(1790635547.991:114): arch=c000003e syscall=321 success=yes exit=14 a0=5 a1=7fffd1f58c90 a2=94 a3=11 items=0 ppid=1 auid=4294967295 uid=0 gid=0 euid=0 suid=0 fsuid=0 egid=0 sgid=0 fsgid=0 tty=(none) ses=4294967295 comm="bpfloader" exe="/system/bin/bpfloader" subj=u:r:bpfloader:s0 key=(null)
[    9.128540] type=1327 audit(1790635547.991:114): proctitle="/apex/com.android.tethering/bin/netbpfload"
[    9.128584] type=1320 audit(1790635547.991:114): 
[    9.128608] type=1334 audit(1790635547.991:115): prog-id=92 op=LOAD
[    9.128643] type=1300 audit(1790635547.991:115): arch=c000003e syscall=321 success=yes exit=4 a0=5 a1=7fffd1f58c90 a2=94 a3=2 items=0 ppid=1 auid=4294967295 uid=0 gid=0 euid=0 suid=0 fsuid=0 egid=0 sgid=0 fsgid=0 tty=(none) ses=4294967295 comm="bpfloader" exe="/system/bin/bpfloader" subj=u:r:bpfloader:s0 key=(null)
[    9.128743] type=1327 audit(1790635547.991:115): proctitle="/apex/com.android.tethering/bin/netbpfload"
[    9.128791] type=1320 audit(1790635547.991:115): 
[    9.128816] type=1334 audit(1790635547.991:116): prog-id=92 op=UNLOAD
[    9.128851] type=1300 audit(1790635547.991:116): arch=c000003e syscall=3 success=yes exit=0 a0=4 a1=0 a2=0 a3=2 items=0 ppid=1 auid=4294967295 uid=0 gid=0 euid=0 suid=0 fsuid=0 egid=0 sgid=0 fsgid=0 tty=(none) ses=4294967295 comm="bpfloader" exe="/system/bin/bpfloader" subj=u:r:bpfloader:s0 key=(null)
[    9.128958] type=1327 audit(1790635547.991:116): proctitle="/apex/com.android.tethering/bin/netbpfload"
[    9.128998] type=1320 audit(1790635547.991:116): 
[    9.129046] type=1334 audit(1790635547.991:117): prog-id=93 op=LOAD
[    9.129078] type=1300 audit(1790635547.991:117): arch=c000003e syscall=321 success=yes exit=6 a0=5 a1=7fffd1f58c90 a2=94 a3=f items=0 ppid=1 auid=4294967295 uid=0 gid=0 euid=0 suid=0 fsuid=0 egid=0 sgid=0 fsgid=0 tty=(none) ses=4294967295 comm="bpfloader" exe="/system/bin/bpfloader" subj=u:r:bpfloader:s0 key=(null)
[    9.129190] type=1327 audit(1790635547.991:117): proctitle="/apex/com.android.tethering/bin/netbpfload"
[    9.129249] type=1320 audit(1790635547.991:117): 
[    9.129281] type=1334 audit(1790635547.991:118): prog-id=94 op=LOAD
[    9.129323] type=1300 audit(1790635547.991:118): arch=c000003e syscall=321 success=yes exit=4 a0=5 a1=7fffd1f58c90 a2=94 a3=2 items=0 ppid=1 auid=4294967295 uid=0 gid=0 euid=0 suid=0 fsuid=0 egid=0 sgid=0 fsgid=0 tty=(none) ses=4294967295 comm="bpfloader" exe="/system/bin/bpfloader" subj=u:r:bpfloader:s0 key=(null)
[    9.129446] type=1327 audit(1790635547.991:118): proctitle="/apex/com.android.tethering/bin/netbpfload"
[    9.129501] type=1320 audit(1790635547.991:118): 
[    9.129533] type=1334 audit(1790635547.991:119): prog-id=94 op=UNLOAD
[    9.129576] type=1300 audit(1790635547.991:119): arch=c000003e syscall=3 success=yes exit=0 a0=4 a1=0 a2=0 a3=2 items=0 ppid=1 auid=4294967295 uid=0 gid=0 euid=0 suid=0 fsuid=0 egid=0 sgid=0 fsgid=0 tty=(none) ses=4294967295 comm="bpfloader" exe="/system/bin/bpfloader" subj=u:r:bpfloader:s0 key=(null)
[    9.129698] type=1327 audit(1790635547.991:119): proctitle="/apex/com.android.tethering/bin/netbpfload"
[    9.129744] type=1320 audit(1790635547.991:119): 
[    9.129778] type=1334 audit(1790635547.991:120): prog-id=95 op=LOAD
[    9.129817] type=1300 audit(1790635547.991:120): arch=c000003e syscall=321 success=yes exit=7 a0=5 a1=7fffd1f58c90 a2=94 a3=40 items=0 ppid=1 auid=4294967295 uid=0 gid=0 euid=0 suid=0 fsuid=0 egid=0 sgid=0 fsgid=0 tty=(none) ses=4294967295 comm="bpfloader" exe="/system/bin/bpfloader" subj=u:r:bpfloader:s0 key=(null)
[    9.129954] type=1327 audit(1790635547.991:120): proctitle="/apex/com.android.tethering/bin/netbpfload"
[    9.130004] type=1320 audit(1790635547.991:120): 
[    9.130045] type=1334 audit(1790635547.991:121): prog-id=96 op=LOAD
[    9.130102] type=1300 audit(1790635547.991:121): arch=c000003e syscall=321 success=yes exit=8 a0=5 a1=7fffd1f58c90 a2=94 a3=42 items=0 ppid=1 auid=4294967295 uid=0 gid=0 euid=0 suid=0 fsuid=0 egid=0 sgid=0 fsgid=0 tty=(none) ses=4294967295 comm="bpfloader" exe="/system/bin/bpfloader" subj=u:r:bpfloader:s0 key=(null)
[    9.130262] type=1327 audit(1790635547.991:121): proctitle="/apex/com.android.tethering/bin/netbpfload"
[    9.130317] type=1320 audit(1790635547.991:121): 
[    9.130350] type=1334 audit(1790635547.991:122): prog-id=97 op=LOAD
[    9.130403] type=1300 audit(1790635547.991:122): arch=c000003e syscall=321 success=yes exit=4 a0=5 a1=7fffd1f58c90 a2=94 a3=2 items=0 ppid=1 auid=4294967295 uid=0 gid=0 euid=0 suid=0 fsuid=0 egid=0 sgid=0 fsgid=0 tty=(none) ses=4294967295 comm="bpfloader" exe="/system/bin/bpfloader" subj=u:r:bpfloader:s0 key=(null)
[    9.130534] type=1327 audit(1790635547.991:122): proctitle="/apex/com.android.tethering/bin/netbpfload"
[    9.130578] type=1320 audit(1790635547.991:122): 
[    9.130611] type=1334 audit(1790635547.991:123): prog-id=97 op=UNLOAD
[    9.130657] type=1300 audit(1790635547.991:123): arch=c000003e syscall=3 success=yes exit=0 a0=4 a1=0 a2=0 a3=2 items=0 ppid=1 auid=4294967295 uid=0 gid=0 euid=0 suid=0 fsuid=0 egid=0 sgid=0 fsgid=0 tty=(none) ses=4294967295 comm="bpfloader" exe="/system/bin/bpfloader" subj=u:r:bpfloader:s0 key=(null)
[    9.130770] type=1327 audit(1790635547.991:123): proctitle="/apex/com.android.tethering/bin/netbpfload"
[    9.130826] type=1320 audit(1790635547.991:123): 
[    9.130859] type=1334 audit(1790635547.991:124): prog-id=98 op=LOAD
[    9.130905] type=1300 audit(1790635547.991:124): arch=c000003e syscall=321 success=yes exit=7 a0=5 a1=7fffd1f58c90 a2=94 a3=40 items=0 ppid=1 auid=4294967295 uid=0 gid=0 euid=0 suid=0 fsuid=0 egid=0 sgid=0 fsgid=0 tty=(none) ses=4294967295 comm="bpfloader" exe="/system/bin/bpfloader" subj=u:r:bpfloader:s0 key=(null)
[    9.131037] type=1327 audit(1790635547.991:124): proctitle="/apex/com.android.tethering/bin/netbpfload"
[    9.131114] type=1320 audit(1790635547.991:124): 
[    9.131169] type=1334 audit(1790635547.991:125): prog-id=99 op=LOAD
[    9.131213] type=1300 audit(1790635547.991:125): arch=c000003e syscall=321 success=yes exit=8 a0=5 a1=7fffd1f58c90 a2=94 a3=42 items=0 ppid=1 auid=4294967295 uid=0 gid=0 euid=0 suid=0 fsuid=0 egid=0 sgid=0 fsgid=0 tty=(none) ses=4294967295 comm="bpfloader" exe="/system/bin/bpfloader" subj=u:r:bpfloader:s0 key=(null)
[    9.131342] type=1327 audit(1790635547.991:125): proctitle="/apex/com.android.tethering/bin/netbpfload"
[    9.131390] type=1320 audit(1790635547.991:125): 
[    9.131420] type=1334 audit(1790635547.991:126): prog-id=100 op=LOAD
[    9.131462] type=1300 audit(1790635547.991:126): arch=c000003e syscall=321 success=yes exit=4 a0=5 a1=7fffd1f58c90 a2=94 a3=2 items=0 ppid=1 auid=4294967295 uid=0 gid=0 euid=0 suid=0 fsuid=0 egid=0 sgid=0 fsgid=0 tty=(none) ses=4294967295 comm="bpfloader" exe="/system/bin/bpfloader" subj=u:r:bpfloader:s0 key=(null)
[    9.131587] type=1327 audit(1790635547.991:126): proctitle="/apex/com.android.tethering/bin/netbpfload"
[    9.131658] type=1320 audit(1790635547.991:126): 
[    9.131690] type=1334 audit(1790635547.991:127): prog-id=100 op=UNLOAD
[    9.131732] type=1300 audit(1790635547.991:127): arch=c000003e syscall=3 success=yes exit=0 a0=4 a1=0 a2=0 a3=2 items=0 ppid=1 auid=4294967295 uid=0 gid=0 euid=0 suid=0 fsuid=0 egid=0 sgid=0 fsgid=0 tty=(none) ses=4294967295 comm="bpfloader" exe="/system/bin/bpfloader" subj=u:r:bpfloader:s0 key=(null)
[    9.131854] type=1327 audit(1790635547.991:127): proctitle="/apex/com.android.tethering/bin/netbpfload"
[    9.131916] type=1320 audit(1790635547.991:127): 
[    9.148306] type=1334 audit(1790635548.011:128): prog-id=101 op=LOAD
[    9.148417] type=1300 audit(1790635548.011:128): arch=c000003e syscall=321 success=yes exit=6 a0=5 a1=7fffd1f58c90 a2=94 a3=66 items=0 ppid=1 auid=4294967295 uid=0 gid=0 euid=0 suid=0 fsuid=0 egid=0 sgid=0 fsgid=0 tty=(none) ses=4294967295 comm="bpfloader" exe="/system/bin/bpfloader" subj=u:r:bpfloader:s0 key=(null)
[    9.148547] type=1327 audit(1790635548.011:128): proctitle="/apex/com.android.tethering/bin/netbpfload"
[    9.148595] type=1320 audit(1790635548.011:128): 
[    9.149210] BpfLoader: Platform BpfLoader loading critical for healthd ELF object /vendor/etc/bpf/filterPowerSupplyEvents.o with license Apache 2.0
[    9.149619] BpfLoader: No maps section could be found in elf object
[    9.161673] type=1334 audit(1790635548.015:129): prog-id=102 op=LOAD
[    9.161763] type=1300 audit(1790635548.015:129): arch=c000003e syscall=321 success=yes exit=6 a0=5 a1=7fffd1f5a7d0 a2=a8 a3=fffff items=0 ppid=1 auid=4294967295 uid=0 gid=0 euid=0 suid=0 fsuid=0 egid=0 sgid=0 fsgid=0 tty=(none) ses=4294967295 comm="bpfloader" exe="/system/bin/bpfloader" subj=u:r:bpfloader:s0 key=(null)
[    9.161879] type=1327 audit(1790635548.015:129): proctitle="/apex/com.android.tethering/bin/netbpfload"
[    9.161930] type=1320 audit(1790635548.015:129): 
[    9.165858] NetBpfLoad: success.
[    9.166164] init: Service 'bpfloader' (pid 627) exited with status 0 waiting took 0.181000 seconds
[    9.166215] init: Sending SIGKILL to service 'bpfloader' (pid 627) process group...
[    9.166330] libprocessgroup: Removed cgroup /sys/fs/cgroup/system/uid_0/pid_627
[    9.166515] init: start_waiting_for_property("bpf.progs_loaded", "1"): already set
[    9.166701] init: starting service 'netd1shot'...
[    9.167351] libprocessgroup: Created cgroup /sys/fs/cgroup/system/uid_0/pid_630
[    9.167982] init: ... started service 'netd1shot' has pid 630
[    9.168026] init: SVC_EXEC service 'netd1shot' pid 630 (uid 0 gid 0+1 context default) started; waiting...
[    9.222466] init: Service 'netd1shot' (pid 630) exited with status 0 waiting took 0.055000 seconds
[    9.222556] init: Sending SIGKILL to service 'netd1shot' (pid 630) process group...
[    9.222689] libprocessgroup: Removed cgroup /sys/fs/cgroup/system/uid_0/pid_630
[    9.222992] init: starting service 'netd'...
[    9.223134] init: Created socket '/dev/socket/dnsproxyd', mode 660, user 0, group 3003
[    9.223239] init: Created socket '/dev/socket/mdns', mode 660, user 0, group 1000
[    9.223337] init: Created socket '/dev/socket/fwmarkd', mode 660, user 0, group 3003
[    9.224037] libprocessgroup: Created cgroup /sys/fs/cgroup/system/uid_0/pid_631
[    9.224653] init: ... started service 'netd' has pid 631
[    9.224729] init: processing action (zygote-start) from (/system/etc/init/hw/init.rc:1091)
[    9.224829] init: start_waiting_for_property("odsign.verification.done", "1"): already set
[    9.225297] init: starting service 'statsd'...
[    9.225426] init: Created socket '/dev/socket/statsdw', mode 222, user 1066, group 1066
[    9.225980] libprocessgroup: Created cgroup /sys/fs/cgroup/system/uid_1066
[    9.226440] libprocessgroup: Created cgroup /sys/fs/cgroup/system/uid_1066/pid_632
[    9.227086] init: ... started service 'statsd' has pid 632
[    9.227271] init: starting service 'zygote'...
[    9.227422] init: Created socket '/dev/socket/zygote', mode 660, user 0, group 1000
[    9.227519] init: Created socket '/dev/socket/usap_pool_primary', mode 660, user 0, group 1000
[    9.228255] libprocessgroup: Created cgroup /sys/fs/cgroup/system/uid_0/pid_633
[    9.228978] init: ... started service 'zygote' has pid 633
[    9.229048] init: Command 'start zygote_secondary' action=zygote-start (/system/etc/init/hw/init.rc:1095) took 0ms and failed: service zygote_secondary not found
[    9.229134] init: processing action (firmware_mounts_complete) from (/system/etc/init/hw/init.rc:514)
[    9.229298] init: processing action (early-boot) from (/system/etc/init/installd.rc:7)
[    9.234734] init: processing action (early-boot) from (/system/etc/init/kcmdlinectrl.rc:17)
[    9.234863] init: starting service 'exec 13 (/system/bin/kcmdlinectrl update-props)'...
[    9.235854] libprocessgroup: Created cgroup /sys/fs/cgroup/system/uid_0/pid_634
[    9.236666] init: ... started service 'exec 13 (/system/bin/kcmdlinectrl update-props)' has pid 634
[    9.236770] init: processing action (boot) from (/system/etc/init/hw/init.rc:1112)
[    9.249590] type=1325 audit(1790635548.115:130): table=filter family=2 entries=0 op=xt_register subj=u:r:netd:s0 comm="iptables-restor"
[    9.249722] type=1300 audit(1790635548.115:130): arch=c000003e syscall=55 success=yes exit=0 a0=4 a1=0 a2=40 a3=7ffcf5f0c480 items=0 ppid=631 auid=4294967295 uid=0 gid=0 euid=0 suid=0 fsuid=0 egid=0 sgid=0 fsgid=0 tty=(none) ses=4294967295 comm="iptables-restor" exe="/system/bin/iptables" subj=u:r:netd:s0 key=(null)
[    9.250336] type=1327 audit(1790635548.115:130): proctitle=2F73797374656D2F62696E2F69707461626C65732D726573746F7265002D2D6E6F666C757368002D77002D76
[    9.250396] type=1320 audit(1790635548.115:130): 
[    9.250881] type=1325 audit(1790635548.115:131): table=filter family=2 entries=4 op=xt_replace subj=u:r:netd:s0 comm="iptables-restor"
[    9.250991] type=1300 audit(1790635548.115:131): arch=c000003e syscall=54 success=yes exit=0 a0=4 a1=0 a2=40 a3=7256d2e0ec70 items=0 ppid=631 auid=4294967295 uid=0 gid=0 euid=0 suid=0 fsuid=0 egid=0 sgid=0 fsgid=0 tty=(none) ses=4294967295 comm="iptables-restor" exe="/system/bin/iptables" subj=u:r:netd:s0 key=(null)
[    9.251359] type=1327 audit(1790635548.115:131): proctitle=2F73797374656D2F62696E2F69707461626C65732D726573746F7265002D2D6E6F666C757368002D77002D76
[    9.251445] type=1320 audit(1790635548.115:131): 
[    9.251508] type=1325 audit(1790635548.115:132): table=filter family=10 entries=0 op=xt_register subj=u:r:netd:s0 comm="ip6tables-resto"
[    9.251584] type=1300 audit(1790635548.115:132): arch=c000003e syscall=55 success=yes exit=0 a0=4 a1=29 a2=40 a3=7ffd644d3150 items=0 ppid=631 auid=4294967295 uid=0 gid=0 euid=0 suid=0 fsuid=0 egid=0 sgid=0 fsgid=0 tty=(none) ses=4294967295 comm="ip6tables-resto" exe="/system/bin/iptables" subj=u:r:netd:s0 key=(null)
[    9.251722] type=1327 audit(1790635548.115:132): proctitle=2F73797374656D2F62696E2F6970367461626C65732D726573746F7265002D2D6E6F666C757368002D77002D76
[    9.251783] type=1320 audit(1790635548.115:132): 
[    9.251818] type=1325 audit(1790635548.115:133): table=filter family=10 entries=4 op=xt_replace subj=u:r:netd:s0 comm="ip6tables-resto"
[    9.252506] type=1300 audit(1790635548.115:133): arch=c000003e syscall=54 success=yes exit=0 a0=4 a1=29 a2=40 a3=7fd8f8a0e0d0 items=0 ppid=631 auid=4294967295 uid=0 gid=0 euid=0 suid=0 fsuid=0 egid=0 sgid=0 fsgid=0 tty=(none) ses=4294967295 comm="ip6tables-resto" exe="/system/bin/iptables" subj=u:r:netd:s0 key=(null)
[    9.252752] type=1327 audit(1790635548.115:133): proctitle=2F73797374656D2F62696E2F6970367461626C65732D726573746F7265002D2D6E6F666C757368002D77002D76
[    9.252841] type=1320 audit(1790635548.115:133): 
[    9.252905] type=1325 audit(1790635548.115:134): table=filter family=2 entries=13 op=xt_replace subj=u:r:netd:s0 comm="iptables-restor"
[    9.253351] type=1300 audit(1790635548.115:134): arch=c000003e syscall=54 success=yes exit=0 a0=4 a1=0 a2=40 a3=725782e0d010 items=0 ppid=631 auid=4294967295 uid=0 gid=0 euid=0 suid=0 fsuid=0 egid=0 sgid=0 fsgid=0 tty=(none) ses=4294967295 comm="iptables-restor" exe="/system/bin/iptables" subj=u:r:netd:s0 key=(null)
[    9.253471] type=1327 audit(1790635548.115:134): proctitle=2F73797374656D2F62696E2F69707461626C65732D726573746F7265002D2D6E6F666C757368002D77002D76
[    9.253656] type=1320 audit(1790635548.115:134): 
[    9.253705] type=1325 audit(1790635548.115:135): table=filter family=10 entries=13 op=xt_replace subj=u:r:netd:s0 comm="ip6tables-resto"
[    9.253777] type=1300 audit(1790635548.115:135): arch=c000003e syscall=54 success=yes exit=0 a0=4 a1=29 a2=40 a3=7fd9a8a0bbe0 items=0 ppid=631 auid=4294967295 uid=0 gid=0 euid=0 suid=0 fsuid=0 egid=0 sgid=0 fsgid=0 tty=(none) ses=4294967295 comm="ip6tables-resto" exe="/system/bin/iptables" subj=u:r:netd:s0 key=(null)
[    9.253929] type=1327 audit(1790635548.115:135): proctitle=2F73797374656D2F62696E2F6970367461626C65732D726573746F7265002D2D6E6F666C757368002D77002D76
[    9.254069] type=1320 audit(1790635548.115:135): 
[    9.254191] type=1325 audit(1790635548.115:136): table=raw family=2 entries=0 op=xt_register subj=u:r:netd:s0 comm="iptables-restor"
[    9.254272] type=1300 audit(1790635548.115:136): arch=c000003e syscall=55 success=yes exit=0 a0=4 a1=0 a2=40 a3=7ffcf5f0c480 items=0 ppid=631 auid=4294967295 uid=0 gid=0 euid=0 suid=0 fsuid=0 egid=0 sgid=0 fsgid=0 tty=(none) ses=4294967295 comm="iptables-restor" exe="/system/bin/iptables" subj=u:r:netd:s0 key=(null)
[    9.254521] type=1327 audit(1790635548.115:136): proctitle=2F73797374656D2F62696E2F69707461626C65732D726573746F7265002D2D6E6F666C757368002D77002D76
[    9.254595] type=1320 audit(1790635548.115:136): 
[    9.254655] type=1325 audit(1790635548.115:137): table=raw family=2 entries=3 op=xt_replace subj=u:r:netd:s0 comm="iptables-restor"
[    9.254899] type=1300 audit(1790635548.115:137): arch=c000003e syscall=54 success=yes exit=0 a0=4 a1=0 a2=40 a3=725762e10840 items=0 ppid=631 auid=4294967295 uid=0 gid=0 euid=0 suid=0 fsuid=0 egid=0 sgid=0 fsgid=0 tty=(none) ses=4294967295 comm="iptables-restor" exe="/system/bin/iptables" subj=u:r:netd:s0 key=(null)
[    9.255056] type=1327 audit(1790635548.115:137): proctitle=2F73797374656D2F62696E2F69707461626C65732D726573746F7265002D2D6E6F666C757368002D77002D76
[    9.255137] type=1320 audit(1790635548.115:137): 
[    9.255187] type=1325 audit(1790635548.115:138): table=raw family=10 entries=0 op=xt_register subj=u:r:netd:s0 comm="ip6tables-resto"
[    9.255272] type=1300 audit(1790635548.115:138): arch=c000003e syscall=55 success=yes exit=0 a0=4 a1=29 a2=40 a3=7ffd644d3150 items=0 ppid=631 auid=4294967295 uid=0 gid=0 euid=0 suid=0 fsuid=0 egid=0 sgid=0 fsgid=0 tty=(none) ses=4294967295 comm="ip6tables-resto" exe="/system/bin/iptables" subj=u:r:netd:s0 key=(null)
[    9.255536] type=1327 audit(1790635548.115:138): proctitle=2F73797374656D2F62696E2F6970367461626C65732D726573746F7265002D2D6E6F666C757368002D77002D76
[    9.255611] type=1320 audit(1790635548.115:138): 
[    9.255680] type=1325 audit(1790635548.115:139): table=raw family=10 entries=3 op=xt_replace subj=u:r:netd:s0 comm="ip6tables-resto"
[    9.255753] type=1300 audit(1790635548.115:139): arch=c000003e syscall=54 success=yes exit=0 a0=4 a1=29 a2=40 a3=7fd8f8a0e0d0 items=0 ppid=631 auid=4294967295 uid=0 gid=0 euid=0 suid=0 fsuid=0 egid=0 sgid=0 fsgid=0 tty=(none) ses=4294967295 comm="ip6tables-resto" exe="/system/bin/iptables" subj=u:r:netd:s0 key=(null)
[    9.255915] type=1327 audit(1790635548.115:139): proctitle=2F73797374656D2F62696E2F6970367461626C65732D726573746F7265002D2D6E6F666C757368002D77002D76
[    9.256009] type=1320 audit(1790635548.115:139): 
[    9.256050] type=1325 audit(1790635548.115:140): table=mangle family=2 entries=0 op=xt_register subj=u:r:netd:s0 comm="iptables-restor"
[    9.256113] type=1300 audit(1790635548.115:140): arch=c000003e syscall=55 success=yes exit=0 a0=4 a1=0 a2=40 a3=7ffcf5f0c480 items=0 ppid=631 auid=4294967295 uid=0 gid=0 euid=0 suid=0 fsuid=0 egid=0 sgid=0 fsgid=0 tty=(none) ses=4294967295 comm="iptables-restor" exe="/system/bin/iptables" subj=u:r:netd:s0 key=(null)
[    9.256226] type=1327 audit(1790635548.115:140): proctitle=2F73797374656D2F62696E2F69707461626C65732D726573746F7265002D2D6E6F666C757368002D77002D76
[    9.256275] type=1320 audit(1790635548.115:140): 
[    9.256307] type=1325 audit(1790635548.115:141): table=mangle family=2 entries=6 op=xt_replace subj=u:r:netd:s0 comm="iptables-restor"
[    9.256368] type=1300 audit(1790635548.115:141): arch=c000003e syscall=54 success=yes exit=0 a0=4 a1=0 a2=40 a3=725692e06390 items=0 ppid=631 auid=4294967295 uid=0 gid=0 euid=0 suid=0 fsuid=0 egid=0 sgid=0 fsgid=0 tty=(none) ses=4294967295 comm="iptables-restor" exe="/system/bin/iptables" subj=u:r:netd:s0 key=(null)
[    9.256462] type=1327 audit(1790635548.115:141): proctitle=2F73797374656D2F62696E2F69707461626C65732D726573746F7265002D2D6E6F666C757368002D77002D76
[    9.256511] type=1320 audit(1790635548.115:141): 
[    9.256552] type=1325 audit(1790635548.119:142): table=mangle family=10 entries=0 op=xt_register subj=u:r:netd:s0 comm="ip6tables-resto"
[    9.256608] type=1300 audit(1790635548.119:142): arch=c000003e syscall=55 success=yes exit=0 a0=4 a1=29 a2=40 a3=7ffd644d3150 items=0 ppid=631 auid=4294967295 uid=0 gid=0 euid=0 suid=0 fsuid=0 egid=0 sgid=0 fsgid=0 tty=(none) ses=4294967295 comm="ip6tables-resto" exe="/system/bin/iptables" subj=u:r:netd:s0 key=(null)
[    9.256701] type=1327 audit(1790635548.119:142): proctitle=2F73797374656D2F62696E2F6970367461626C65732D726573746F7265002D2D6E6F666C757368002D77002D76
[    9.256774] type=1320 audit(1790635548.119:142): 
[    9.256817] type=1325 audit(1790635548.119:143): table=mangle family=10 entries=6 op=xt_replace subj=u:r:netd:s0 comm="ip6tables-resto"
[    9.256922] type=1300 audit(1790635548.119:143): arch=c000003e syscall=54 success=yes exit=0 a0=4 a1=29 a2=40 a3=7fd928a05070 items=0 ppid=631 auid=4294967295 uid=0 gid=0 euid=0 suid=0 fsuid=0 egid=0 sgid=0 fsgid=0 tty=(none) ses=4294967295 comm="ip6tables-resto" exe="/system/bin/iptables" subj=u:r:netd:s0 key=(null)
[    9.257029] type=1327 audit(1790635548.119:143): proctitle=2F73797374656D2F62696E2F6970367461626C65732D726573746F7265002D2D6E6F666C757368002D77002D76
[    9.257077] type=1320 audit(1790635548.119:143): 
[    9.257118] type=1325 audit(1790635548.119:144): table=mangle family=2 entries=9 op=xt_replace subj=u:r:netd:s0 comm="iptables-restor"
[    9.257171] type=1300 audit(1790635548.119:144): arch=c000003e syscall=54 success=yes exit=0 a0=4 a1=0 a2=40 a3=725672e06930 items=0 ppid=631 auid=4294967295 uid=0 gid=0 euid=0 suid=0 fsuid=0 egid=0 sgid=0 fsgid=0 tty=(none) ses=4294967295 comm="iptables-restor" exe="/system/bin/iptables" subj=u:r:netd:s0 key=(null)
[    9.257325] type=1327 audit(1790635548.119:144): proctitle=2F73797374656D2F62696E2F69707461626C65732D726573746F7265002D2D6E6F666C757368002D77002D76
[    9.257401] type=1320 audit(1790635548.119:144): 
[    9.257446] type=1325 audit(1790635548.119:145): table=mangle family=10 entries=9 op=xt_replace subj=u:r:netd:s0 comm="ip6tables-resto"
[    9.257524] type=1300 audit(1790635548.119:145): arch=c000003e syscall=54 success=yes exit=0 a0=4 a1=29 a2=40 a3=7fd968a0c020 items=0 ppid=631 auid=4294967295 uid=0 gid=0 euid=0 suid=0 fsuid=0 egid=0 sgid=0 fsgid=0 tty=(none) ses=4294967295 comm="ip6tables-resto" exe="/system/bin/iptables" subj=u:r:netd:s0 key=(null)
[    9.257660] type=1327 audit(1790635548.119:145): proctitle=2F73797374656D2F62696E2F6970367461626C65732D726573746F7265002D2D6E6F666C757368002D77002D76
[    9.257724] type=1320 audit(1790635548.119:145): 
[    9.257760] type=1325 audit(1790635548.119:146): table=mangle family=2 entries=18 op=xt_replace subj=u:r:netd:s0 comm="iptables-restor"
[    9.257825] type=1300 audit(1790635548.119:146): arch=c000003e syscall=54 success=yes exit=0 a0=4 a1=0 a2=40 a3=725782e0d010 items=0 ppid=631 auid=4294967295 uid=0 gid=0 euid=0 suid=0 fsuid=0 egid=0 sgid=0 fsgid=0 tty=(none) ses=4294967295 comm="iptables-restor" exe="/system/bin/iptables" subj=u:r:netd:s0 key=(null)
[    9.257951] type=1327 audit(1790635548.119:146): proctitle=2F73797374656D2F62696E2F69707461626C65732D726573746F7265002D2D6E6F666C757368002D77002D76
[    9.258029] type=1320 audit(1790635548.119:146): 
[    9.258063] type=1325 audit(1790635548.119:147): table=mangle family=10 entries=18 op=xt_replace subj=u:r:netd:s0 comm="ip6tables-resto"
[    9.258136] type=1300 audit(1790635548.119:147): arch=c000003e syscall=54 success=yes exit=0 a0=4 a1=29 a2=40 a3=7fd9e8a0e010 items=0 ppid=631 auid=4294967295 uid=0 gid=0 euid=0 suid=0 fsuid=0 egid=0 sgid=0 fsgid=0 tty=(none) ses=4294967295 comm="ip6tables-resto" exe="/system/bin/iptables" subj=u:r:netd:s0 key=(null)
[    9.258235] type=1327 audit(1790635548.119:147): proctitle=2F73797374656D2F62696E2F6970367461626C65732D726573746F7265002D2D6E6F666C757368002D77002D76
[    9.258312] type=1320 audit(1790635548.119:147): 
[    9.258371] type=1325 audit(1790635548.119:148): table=nat family=2 entries=0 op=xt_register subj=u:r:netd:s0 comm="iptables-restor"
[    9.258459] type=1300 audit(1790635548.119:148): arch=c000003e syscall=55 success=yes exit=0 a0=4 a1=0 a2=40 a3=7ffcf5f0c480 items=0 ppid=631 auid=4294967295 uid=0 gid=0 euid=0 suid=0 fsuid=0 egid=0 sgid=0 fsgid=0 tty=(none) ses=4294967295 comm="iptables-restor" exe="/system/bin/iptables" subj=u:r:netd:s0 key=(null)
[    9.258591] type=1327 audit(1790635548.119:148): proctitle=2F73797374656D2F62696E2F69707461626C65732D726573746F7265002D2D6E6F666C757368002D77002D76
[    9.258665] type=1320 audit(1790635548.119:148): 
[    9.258710] type=1325 audit(1790635548.119:149): table=nat family=2 entries=5 op=xt_replace subj=u:r:netd:s0 comm="iptables-restor"
[    9.258792] type=1300 audit(1790635548.119:149): arch=c000003e syscall=54 success=yes exit=0 a0=4 a1=0 a2=40 a3=725692e06390 items=0 ppid=631 auid=4294967295 uid=0 gid=0 euid=0 suid=0 fsuid=0 egid=0 sgid=0 fsgid=0 tty=(none) ses=4294967295 comm="iptables-restor" exe="/system/bin/iptables" subj=u:r:netd:s0 key=(null)
[    9.258942] type=1327 audit(1790635548.119:149): proctitle=2F73797374656D2F62696E2F69707461626C65732D726573746F7265002D2D6E6F666C757368002D77002D76
[    9.259013] type=1320 audit(1790635548.119:149): 
[    9.259063] type=1325 audit(1790635548.119:150): table=nat family=2 entries=8 op=xt_replace subj=u:r:netd:s0 comm="iptables-restor"
[    9.259137] type=1300 audit(1790635548.119:150): arch=c000003e syscall=54 success=yes exit=0 a0=4 a1=0 a2=40 a3=725762e10840 items=0 ppid=631 auid=4294967295 uid=0 gid=0 euid=0 suid=0 fsuid=0 egid=0 sgid=0 fsgid=0 tty=(none) ses=4294967295 comm="iptables-restor" exe="/system/bin/iptables" subj=u:r:netd:s0 key=(null)
[    9.259275] type=1327 audit(1790635548.119:150): proctitle=2F73797374656D2F62696E2F69707461626C65732D726573746F7265002D2D6E6F666C757368002D77002D76
[    9.259349] type=1320 audit(1790635548.119:150): 
[    9.259394] type=1325 audit(1790635548.119:151): table=filter family=2 entries=25 op=xt_replace subj=u:r:netd:s0 comm="iptables-restor"
[    9.259475] type=1300 audit(1790635548.119:151): arch=c000003e syscall=54 success=yes exit=0 a0=4 a1=0 a2=40 a3=725792e0a7b0 items=0 ppid=631 auid=4294967295 uid=0 gid=0 euid=0 suid=0 fsuid=0 egid=0 sgid=0 fsgid=0 tty=(none) ses=4294967295 comm="iptables-restor" exe="/system/bin/iptables" subj=u:r:netd:s0 key=(null)
[    9.259615] type=1327 audit(1790635548.119:151): proctitle=2F73797374656D2F62696E2F69707461626C65732D726573746F7265002D2D6E6F666C757368002D77002D76
[    9.259716] type=1320 audit(1790635548.119:151): 
[    9.259765] type=1325 audit(1790635548.119:152): table=filter family=10 entries=25 op=xt_replace subj=u:r:netd:s0 comm="ip6tables-resto"
[    9.260053] type=1300 audit(1790635548.119:152): arch=c000003e syscall=54 success=yes exit=0 a0=4 a1=29 a2=40 a3=7fd9f8a03220 items=0 ppid=631 auid=4294967295 uid=0 gid=0 euid=0 suid=0 fsuid=0 egid=0 sgid=0 fsgid=0 tty=(none) ses=4294967295 comm="ip6tables-resto" exe="/system/bin/iptables" subj=u:r:netd:s0 key=(null)
[    9.260161] type=1327 audit(1790635548.119:152): proctitle=2F73797374656D2F62696E2F6970367461626C65732D726573746F7265002D2D6E6F666C757368002D77002D76
[    9.260222] type=1320 audit(1790635548.119:152): 
[    9.260259] type=1325 audit(1790635548.119:153): table=mangle family=2 entries=21 op=xt_replace subj=u:r:netd:s0 comm="iptables-restor"
[    9.260327] type=1300 audit(1790635548.119:153): arch=c000003e syscall=54 success=yes exit=0 a0=4 a1=0 a2=40 a3=725792e0a7b0 items=0 ppid=631 auid=4294967295 uid=0 gid=0 euid=0 suid=0 fsuid=0 egid=0 sgid=0 fsgid=0 tty=(none) ses=4294967295 comm="iptables-restor" exe="/system/bin/iptables" subj=u:r:netd:s0 key=(null)
[    9.260471] type=1327 audit(1790635548.119:153): proctitle=2F73797374656D2F62696E2F69707461626C65732D726573746F7265002D2D6E6F666C757368002D77002D76
[    9.260541] type=1320 audit(1790635548.119:153): 
[    9.260573] type=1325 audit(1790635548.119:154): table=mangle family=10 entries=21 op=xt_replace subj=u:r:netd:s0 comm="ip6tables-resto"
[    9.260644] type=1300 audit(1790635548.119:154): arch=c000003e syscall=54 success=yes exit=0 a0=4 a1=29 a2=40 a3=7fd9a8a0bbe0 items=0 ppid=631 auid=4294967295 uid=0 gid=0 euid=0 suid=0 fsuid=0 egid=0 sgid=0 fsgid=0 tty=(none) ses=4294967295 comm="ip6tables-resto" exe="/system/bin/iptables" subj=u:r:netd:s0 key=(null)
[    9.260781] type=1327 audit(1790635548.119:154): proctitle=2F73797374656D2F62696E2F6970367461626C65732D726573746F7265002D2D6E6F666C757368002D77002D76
[    9.260853] type=1320 audit(1790635548.119:154): 
[    9.260891] type=1325 audit(1790635548.119:155): table=filter family=2 entries=37 op=xt_replace subj=u:r:netd:s0 comm="iptables-restor"
[    9.260974] type=1300 audit(1790635548.119:155): arch=c000003e syscall=54 success=yes exit=0 a0=4 a1=0 a2=40 a3=725792e0c380 items=0 ppid=631 auid=4294967295 uid=0 gid=0 euid=0 suid=0 fsuid=0 egid=0 sgid=0 fsgid=0 tty=(none) ses=4294967295 comm="iptables-restor" exe="/system/bin/iptables" subj=u:r:netd:s0 key=(null)
[    9.261089] type=1327 audit(1790635548.119:155): proctitle=2F73797374656D2F62696E2F69707461626C65732D726573746F7265002D2D6E6F666C757368002D77002D76
[    9.261163] type=1320 audit(1790635548.119:155): 
[    9.261210] type=1325 audit(1790635548.119:156): table=filter family=10 entries=37 op=xt_replace subj=u:r:netd:s0 comm="ip6tables-resto"
[    9.261306] type=1300 audit(1790635548.119:156): arch=c000003e syscall=54 success=yes exit=0 a0=4 a1=29 a2=40 a3=7fd9f8a07640 items=0 ppid=631 auid=4294967295 uid=0 gid=0 euid=0 suid=0 fsuid=0 egid=0 sgid=0 fsgid=0 tty=(none) ses=4294967295 comm="ip6tables-resto" exe="/system/bin/iptables" subj=u:r:netd:s0 key=(null)
[    9.261458] type=1327 audit(1790635548.119:156): proctitle=2F73797374656D2F62696E2F6970367461626C65732D726573746F7265002D2D6E6F666C757368002D77002D76
[    9.261536] type=1320 audit(1790635548.119:156): 
[    9.261582] type=1325 audit(1790635548.119:157): table=filter family=2 entries=37 op=xt_replace subj=u:r:netd:s0 comm="iptables-restor"
[    9.261650] type=1300 audit(1790635548.119:157): arch=c000003e syscall=54 success=yes exit=0 a0=4 a1=0 a2=40 a3=725792e0c380 items=0 ppid=631 auid=4294967295 uid=0 gid=0 euid=0 suid=0 fsuid=0 egid=0 sgid=0 fsgid=0 tty=(none) ses=4294967295 comm="iptables-restor" exe="/system/bin/iptables" subj=u:r:netd:s0 key=(null)
[    9.261789] type=1327 audit(1790635548.119:157): proctitle=2F73797374656D2F62696E2F69707461626C65732D726573746F7265002D2D6E6F666C757368002D77002D76
[    9.261869] type=1320 audit(1790635548.119:157): 
[    9.261903] type=1325 audit(1790635548.119:158): table=nat family=2 entries=11 op=xt_replace subj=u:r:netd:s0 comm="iptables-restor"
[    9.261985] type=1300 audit(1790635548.119:158): arch=c000003e syscall=54 success=yes exit=0 a0=4 a1=0 a2=40 a3=725762e13130 items=0 ppid=631 auid=4294967295 uid=0 gid=0 euid=0 suid=0 fsuid=0 egid=0 sgid=0 fsgid=0 tty=(none) ses=4294967295 comm="iptables-restor" exe="/system/bin/iptables" subj=u:r:netd:s0 key=(null)
[    9.262090] type=1327 audit(1790635548.119:158): proctitle=2F73797374656D2F62696E2F69707461626C65732D726573746F7265002D2D6E6F666C757368002D77002D76
[    9.262156] type=1320 audit(1790635548.119:158): 
[    9.262188] type=1325 audit(1790635548.119:159): table=filter family=10 entries=38 op=xt_replace subj=u:r:netd:s0 comm="ip6tables-resto"
[    9.262234] type=1300 audit(1790635548.119:159): arch=c000003e syscall=54 success=yes exit=0 a0=4 a1=29 a2=40 a3=7fd9f8a07640 items=0 ppid=631 auid=4294967295 uid=0 gid=0 euid=0 suid=0 fsuid=0 egid=0 sgid=0 fsgid=0 tty=(none) ses=4294967295 comm="ip6tables-resto" exe="/system/bin/iptables" subj=u:r:netd:s0 key=(null)
[    9.262322] type=1327 audit(1790635548.119:159): proctitle=2F73797374656D2F62696E2F6970367461626C65732D726573746F7265002D2D6E6F666C757368002D77002D76
[    9.262366] type=1320 audit(1790635548.119:159): 
[    9.262393] type=1325 audit(1790635548.119:160): table=raw family=10 entries=12 op=xt_replace subj=u:r:netd:s0 comm="ip6tables-resto"
[    9.262452] type=1300 audit(1790635548.119:160): arch=c000003e syscall=54 success=yes exit=0 a0=4 a1=29 a2=40 a3=7fd8f8a0bc40 items=0 ppid=631 auid=4294967295 uid=0 gid=0 euid=0 suid=0 fsuid=0 egid=0 sgid=0 fsgid=0 tty=(none) ses=4294967295 comm="ip6tables-resto" exe="/system/bin/iptables" subj=u:r:netd:s0 key=(null)
[    9.262541] type=1327 audit(1790635548.119:160): proctitle=2F73797374656D2F62696E2F6970367461626C65732D726573746F7265002D2D6E6F666C757368002D77002D76
[    9.262590] type=1320 audit(1790635548.119:160): 
[    9.262617] type=1325 audit(1790635548.119:161): table=mangle family=2 entries=30 op=xt_replace subj=u:r:netd:s0 comm="iptables-restor"
[    9.262665] type=1300 audit(1790635548.119:161): arch=c000003e syscall=54 success=yes exit=0 a0=4 a1=0 a2=40 a3=725792e0c380 items=0 ppid=631 auid=4294967295 uid=0 gid=0 euid=0 suid=0 fsuid=0 egid=0 sgid=0 fsgid=0 tty=(none) ses=4294967295 comm="iptables-restor" exe="/system/bin/iptables" subj=u:r:netd:s0 key=(null)
[    9.262748] type=1327 audit(1790635548.119:161): proctitle=2F73797374656D2F62696E2F69707461626C65732D726573746F7265002D2D6E6F666C757368002D77002D76
[    9.262795] type=1320 audit(1790635548.119:161): 
[    9.262821] type=1325 audit(1790635548.119:162): table=filter family=2 entries=38 op=xt_replace subj=u:r:netd:s0 comm="iptables-restor"
[    9.262871] type=1300 audit(1790635548.119:162): arch=c000003e syscall=54 success=yes exit=0 a0=4 a1=0 a2=40 a3=725792e0c380 items=0 ppid=631 auid=4294967295 uid=0 gid=0 euid=0 suid=0 fsuid=0 egid=0 sgid=0 fsgid=0 tty=(none) ses=4294967295 comm="iptables-restor" exe="/system/bin/iptables" subj=u:r:netd:s0 key=(null)
[    9.262967] type=1327 audit(1790635548.119:162): proctitle=2F73797374656D2F62696E2F69707461626C65732D726573746F7265002D2D6E6F666C757368002D77002D76
[    9.263018] type=1320 audit(1790635548.119:162): 
[    9.263045] type=1325 audit(1790635548.119:163): table=filter family=10 entries=38 op=xt_replace subj=u:r:netd:s0 comm="ip6tables-resto"
[    9.263096] type=1300 audit(1790635548.119:163): arch=c000003e syscall=54 success=yes exit=0 a0=4 a1=29 a2=40 a3=7fdac8a09010 items=0 ppid=631 auid=4294967295 uid=0 gid=0 euid=0 suid=0 fsuid=0 egid=0 sgid=0 fsgid=0 tty=(none) ses=4294967295 comm="ip6tables-resto" exe="/system/bin/iptables" subj=u:r:netd:s0 key=(null)
[    9.263220] type=1327 audit(1790635548.119:163): proctitle=2F73797374656D2F62696E2F6970367461626C65732D726573746F7265002D2D6E6F666C757368002D77002D76
[    9.263284] type=1320 audit(1790635548.119:163): 
[    9.263319] type=1325 audit(1790635548.123:164): table=filter family=2 entries=40 op=xt_replace subj=u:r:netd:s0 comm="iptables-restor"
[    9.263382] type=1300 audit(1790635548.123:164): arch=c000003e syscall=54 success=yes exit=0 a0=4 a1=0 a2=40 a3=725822e10220 items=0 ppid=631 auid=4294967295 uid=0 gid=0 euid=0 suid=0 fsuid=0 egid=0 sgid=0 fsgid=0 tty=(none) ses=4294967295 comm="iptables-restor" exe="/system/bin/iptables" subj=u:r:netd:s0 key=(null)
[    9.263509] type=1327 audit(1790635548.123:164): proctitle=2F73797374656D2F62696E2F69707461626C65732D726573746F7265002D2D6E6F666C757368002D77002D76
[    9.263577] type=1320 audit(1790635548.123:164): 
[    9.263610] type=1325 audit(1790635548.123:165): table=raw family=2 entries=12 op=xt_replace subj=u:r:netd:s0 comm="iptables-restor"
[    9.263686] type=1300 audit(1790635548.123:165): arch=c000003e syscall=54 success=yes exit=0 a0=4 a1=0 a2=40 a3=725762e13130 items=0 ppid=631 auid=4294967295 uid=0 gid=0 euid=0 suid=0 fsuid=0 egid=0 sgid=0 fsgid=0 tty=(none) ses=4294967295 comm="iptables-restor" exe="/system/bin/iptables" subj=u:r:netd:s0 key=(null)
[    9.263807] type=1327 audit(1790635548.123:165): proctitle=2F73797374656D2F62696E2F69707461626C65732D726573746F7265002D2D6E6F666C757368002D77002D76
[    9.263856] type=1320 audit(1790635548.123:165): 
[    9.263882] type=1325 audit(1790635548.123:166): table=mangle family=2 entries=31 op=xt_replace subj=u:r:netd:s0 comm="iptables-restor"
[    9.263932] type=1300 audit(1790635548.123:166): arch=c000003e syscall=54 success=yes exit=0 a0=4 a1=0 a2=40 a3=725792e0c380 items=0 ppid=631 auid=4294967295 uid=0 gid=0 euid=0 suid=0 fsuid=0 egid=0 sgid=0 fsgid=0 tty=(none) ses=4294967295 comm="iptables-restor" exe="/system/bin/iptables" subj=u:r:netd:s0 key=(null)
[    9.264025] type=1327 audit(1790635548.123:166): proctitle=2F73797374656D2F62696E2F69707461626C65732D726573746F7265002D2D6E6F666C757368002D77002D76
[    9.264087] type=1320 audit(1790635548.123:166): 
[    9.264114] type=1325 audit(1790635548.123:167): table=filter family=10 entries=40 op=xt_replace subj=u:r:netd:s0 comm="ip6tables-resto"
[    9.264162] type=1300 audit(1790635548.123:167): arch=c000003e syscall=54 success=yes exit=0 a0=4 a1=29 a2=40 a3=7fdac8a09010 items=0 ppid=631 auid=4294967295 uid=0 gid=0 euid=0 suid=0 fsuid=0 egid=0 sgid=0 fsgid=0 tty=(none) ses=4294967295 comm="ip6tables-resto" exe="/system/bin/iptables" subj=u:r:netd:s0 key=(null)
[    9.264271] type=1327 audit(1790635548.123:167): proctitle=2F73797374656D2F62696E2F6970367461626C65732D726573746F7265002D2D6E6F666C757368002D77002D76
[    9.264321] type=1320 audit(1790635548.123:167): 
[    9.264348] type=1325 audit(1790635548.123:168): table=raw family=10 entries=12 op=xt_replace subj=u:r:netd:s0 comm="ip6tables-resto"
[    9.264393] type=1300 audit(1790635548.123:168): arch=c000003e syscall=54 success=yes exit=0 a0=4 a1=29 a2=40 a3=7fd8f8a0bc40 items=0 ppid=631 auid=4294967295 uid=0 gid=0 euid=0 suid=0 fsuid=0 egid=0 sgid=0 fsgid=0 tty=(none) ses=4294967295 comm="ip6tables-resto" exe="/system/bin/iptables" subj=u:r:netd:s0 key=(null)
[    9.264476] type=1327 audit(1790635548.123:168): proctitle=2F73797374656D2F62696E2F6970367461626C65732D726573746F7265002D2D6E6F666C757368002D77002D76
[    9.264520] type=1320 audit(1790635548.123:168): 
[    9.264553] type=1325 audit(1790635548.123:169): table=mangle family=10 entries=30 op=xt_replace subj=u:r:netd:s0 comm="ip6tables-resto"
[    9.264597] type=1300 audit(1790635548.123:169): arch=c000003e syscall=54 success=yes exit=0 a0=4 a1=29 a2=40 a3=7fd9a8a0f380 items=0 ppid=631 auid=4294967295 uid=0 gid=0 euid=0 suid=0 fsuid=0 egid=0 sgid=0 fsgid=0 tty=(none) ses=4294967295 comm="ip6tables-resto" exe="/system/bin/iptables" subj=u:r:netd:s0 key=(null)
[    9.264684] type=1327 audit(1790635548.123:169): proctitle=2F73797374656D2F62696E2F6970367461626C65732D726573746F7265002D2D6E6F666C757368002D77002D76
[    9.264729] type=1320 audit(1790635548.123:169): 
[    9.264756] type=1325 audit(1790635548.123:170): table=filter family=2 entries=50 op=xt_replace subj=u:r:netd:s0 comm="iptables-restor"
[    9.264804] type=1300 audit(1790635548.123:170): arch=c000003e syscall=54 success=yes exit=0 a0=4 a1=0 a2=40 a3=7257a2e14b30 items=0 ppid=631 auid=4294967295 uid=0 gid=0 euid=0 suid=0 fsuid=0 egid=0 sgid=0 fsgid=0 tty=(none) ses=4294967295 comm="iptables-restor" exe="/system/bin/iptables" subj=u:r:netd:s0 key=(null)
[    9.264886] type=1327 audit(1790635548.123:170): proctitle=2F73797374656D2F62696E2F69707461626C65732D726573746F7265002D2D6E6F666C757368002D77002D76
[    9.264942] type=1320 audit(1790635548.123:170): 
[    9.264980] type=1325 audit(1790635548.123:171): table=filter family=10 entries=50 op=xt_replace subj=u:r:netd:s0 comm="ip6tables-resto"
[    9.265031] type=1300 audit(1790635548.123:171): arch=c000003e syscall=54 success=yes exit=0 a0=4 a1=29 a2=40 a3=7fdae8a0c7a0 items=0 ppid=631 auid=4294967295 uid=0 gid=0 euid=0 suid=0 fsuid=0 egid=0 sgid=0 fsgid=0 tty=(none) ses=4294967295 comm="ip6tables-resto" exe="/system/bin/iptables" subj=u:r:netd:s0 key=(null)
[    9.265108] type=1327 audit(1790635548.123:171): proctitle=2F73797374656D2F62696E2F6970367461626C65732D726573746F7265002D2D6E6F666C757368002D77002D76
[    9.265156] type=1320 audit(1790635548.123:171): 
[    9.265184] type=1325 audit(1790635548.123:172): table=filter family=2 entries=58 op=xt_replace subj=u:r:netd:s0 comm="iptables-restor"
[    9.265231] type=1300 audit(1790635548.123:172): arch=c000003e syscall=54 success=yes exit=0 a0=4 a1=0 a2=40 a3=725832e13840 items=0 ppid=631 auid=4294967295 uid=0 gid=0 euid=0 suid=0 fsuid=0 egid=0 sgid=0 fsgid=0 tty=(none) ses=4294967295 comm="iptables-restor" exe="/system/bin/iptables" subj=u:r:netd:s0 key=(null)
[    9.265315] type=1327 audit(1790635548.123:172): proctitle=2F73797374656D2F62696E2F69707461626C65732D726573746F7265002D2D6E6F666C757368002D77002D76
[    9.265359] type=1320 audit(1790635548.123:172): 
[    9.265386] type=1325 audit(1790635548.123:173): table=filter family=10 entries=58 op=xt_replace subj=u:r:netd:s0 comm="ip6tables-resto"
[    9.265439] type=1300 audit(1790635548.123:173): arch=c000003e syscall=54 success=yes exit=0 a0=4 a1=29 a2=40 a3=7fda98a14430 items=0 ppid=631 auid=4294967295 uid=0 gid=0 euid=0 suid=0 fsuid=0 egid=0 sgid=0 fsgid=0 tty=(none) ses=4294967295 comm="ip6tables-resto" exe="/system/bin/iptables" subj=u:r:netd:s0 key=(null)
[    9.265527] type=1327 audit(1790635548.123:173): proctitle=2F73797374656D2F62696E2F6970367461626C65732D726573746F7265002D2D6E6F666C757368002D77002D76
[    9.265572] type=1320 audit(1790635548.123:173): 
[    9.265601] type=1325 audit(1790635548.123:174): table=mangle family=2 entries=31 op=xt_replace subj=u:r:netd:s0 comm="iptables-restor"
[    9.265653] type=1300 audit(1790635548.123:174): arch=c000003e syscall=54 success=yes exit=0 a0=4 a1=0 a2=40 a3=725792e0c380 items=0 ppid=631 auid=4294967295 uid=0 gid=0 euid=0 suid=0 fsuid=0 egid=0 sgid=0 fsgid=0 tty=(none) ses=4294967295 comm="iptables-restor" exe="/system/bin/iptables" subj=u:r:netd:s0 key=(null)
[    9.265734] type=1327 audit(1790635548.123:174): proctitle=2F73797374656D2F62696E2F69707461626C65732D726573746F7265002D2D6E6F666C757368002D77002D76
[    9.265783] type=1320 audit(1790635548.123:174): 
[    9.265811] type=1325 audit(1790635548.123:175): table=mangle family=10 entries=30 op=xt_replace subj=u:r:netd:s0 comm="ip6tables-resto"
[    9.265858] type=1300 audit(1790635548.123:175): arch=c000003e syscall=54 success=yes exit=0 a0=4 a1=29 a2=40 a3=7fd9a8a0f380 items=0 ppid=631 auid=4294967295 uid=0 gid=0 euid=0 suid=0 fsuid=0 egid=0 sgid=0 fsgid=0 tty=(none) ses=4294967295 comm="ip6tables-resto" exe="/system/bin/iptables" subj=u:r:netd:s0 key=(null)
[    9.265958] type=1327 audit(1790635548.123:175): proctitle=2F73797374656D2F62696E2F6970367461626C65732D726573746F7265002D2D6E6F666C757368002D77002D76
[    9.266006] type=1320 audit(1790635548.123:175): 
[    9.266041] type=1325 audit(1790635548.123:176): table=filter family=2 entries=70 op=xt_replace subj=u:r:netd:s0 comm="iptables-restor"
[    9.266085] type=1300 audit(1790635548.123:176): arch=c000003e syscall=54 success=yes exit=0 a0=4 a1=0 a2=40 a3=725832e06010 items=0 ppid=631 auid=4294967295 uid=0 gid=0 euid=0 suid=0 fsuid=0 egid=0 sgid=0 fsgid=0 tty=(none) ses=4294967295 comm="iptables-restor" exe="/system/bin/iptables" subj=u:r:netd:s0 key=(null)
[    9.266173] type=1327 audit(1790635548.123:176): proctitle=2F73797374656D2F62696E2F69707461626C65732D726573746F7265002D2D6E6F666C757368002D77002D76
[    9.266230] type=1320 audit(1790635548.123:176): 
[    9.266264] type=1325 audit(1790635548.123:177): table=raw family=2 entries=12 op=xt_replace subj=u:r:netd:s0 comm="iptables-restor"
[    9.266329] type=1300 audit(1790635548.123:177): arch=c000003e syscall=54 success=yes exit=0 a0=4 a1=0 a2=40 a3=725762e13130 items=0 ppid=631 auid=4294967295 uid=0 gid=0 euid=0 suid=0 fsuid=0 egid=0 sgid=0 fsgid=0 tty=(none) ses=4294967295 comm="iptables-restor" exe="/system/bin/iptables" subj=u:r:netd:s0 key=(null)
[    9.266461] type=1327 audit(1790635548.123:177): proctitle=2F73797374656D2F62696E2F69707461626C65732D726573746F7265002D2D6E6F666C757368002D77002D76
[    9.266528] type=1320 audit(1790635548.123:177): 
[    9.266563] type=1325 audit(1790635548.123:178): table=mangle family=2 entries=33 op=xt_replace subj=u:r:netd:s0 comm="iptables-restor"
[    9.266631] type=1300 audit(1790635548.123:178): arch=c000003e syscall=54 success=yes exit=0 a0=4 a1=0 a2=40 a3=725792e0c380 items=0 ppid=631 auid=4294967295 uid=0 gid=0 euid=0 suid=0 fsuid=0 egid=0 sgid=0 fsgid=0 tty=(none) ses=4294967295 comm="iptables-restor" exe="/system/bin/iptables" subj=u:r:netd:s0 key=(null)
[    9.266756] type=1327 audit(1790635548.123:178): proctitle=2F73797374656D2F62696E2F69707461626C65732D726573746F7265002D2D6E6F666C757368002D77002D76
[    9.266819] type=1320 audit(1790635548.123:178): 
[    9.266853] type=1325 audit(1790635548.123:179): table=filter family=10 entries=70 op=xt_replace subj=u:r:netd:s0 comm="ip6tables-resto"
[    9.266911] type=1300 audit(1790635548.123:179): arch=c000003e syscall=54 success=yes exit=0 a0=4 a1=29 a2=40 a3=7fda98a0ea20 items=0 ppid=631 auid=4294967295 uid=0 gid=0 euid=0 suid=0 fsuid=0 egid=0 sgid=0 fsgid=0 tty=(none) ses=4294967295 comm="ip6tables-resto" exe="/system/bin/iptables" subj=u:r:netd:s0 key=(null)
[    9.267028] type=1327 audit(1790635548.123:179): proctitle=2F73797374656D2F62696E2F6970367461626C65732D726573746F7265002D2D6E6F666C757368002D77002D76
[    9.267096] type=1320 audit(1790635548.123:179): 
[    9.267134] type=1325 audit(1790635548.123:180): table=raw family=10 entries=12 op=xt_replace subj=u:r:netd:s0 comm="ip6tables-resto"
[    9.267201] type=1300 audit(1790635548.123:180): arch=c000003e syscall=54 success=yes exit=0 a0=4 a1=29 a2=40 a3=7fd8f8a0bc40 items=0 ppid=631 auid=4294967295 uid=0 gid=0 euid=0 suid=0 fsuid=0 egid=0 sgid=0 fsgid=0 tty=(none) ses=4294967295 comm="ip6tables-resto" exe="/system/bin/iptables" subj=u:r:netd:s0 key=(null)
[    9.267322] type=1327 audit(1790635548.123:180): proctitle=2F73797374656D2F62696E2F6970367461626C65732D726573746F7265002D2D6E6F666C757368002D77002D76
[    9.267387] type=1320 audit(1790635548.123:180): 
[    9.267421] type=1325 audit(1790635548.123:181): table=mangle family=10 entries=32 op=xt_replace subj=u:r:netd:s0 comm="ip6tables-resto"
[    9.267490] type=1300 audit(1790635548.123:181): arch=c000003e syscall=54 success=yes exit=0 a0=4 a1=29 a2=40 a3=7fd9a8a0f380 items=0 ppid=631 auid=4294967295 uid=0 gid=0 euid=0 suid=0 fsuid=0 egid=0 sgid=0 fsgid=0 tty=(none) ses=4294967295 comm="ip6tables-resto" exe="/system/bin/iptables" subj=u:r:netd:s0 key=(null)
[    9.267620] type=1327 audit(1790635548.123:181): proctitle=2F73797374656D2F62696E2F6970367461626C65732D726573746F7265002D2D6E6F666C757368002D77002D76
[    9.267706] type=1320 audit(1790635548.123:181): 
[    9.267740] type=1325 audit(1790635548.123:182): table=filter family=2 entries=70 op=xt_replace subj=u:r:netd:s0 comm="iptables-restor"
[    9.267801] type=1300 audit(1790635548.123:182): arch=c000003e syscall=54 success=yes exit=0 a0=4 a1=0 a2=40 a3=7256b2e14a20 items=0 ppid=631 auid=4294967295 uid=0 gid=0 euid=0 suid=0 fsuid=0 egid=0 sgid=0 fsgid=0 tty=(none) ses=4294967295 comm="iptables-restor" exe="/system/bin/iptables" subj=u:r:netd:s0 key=(null)
[    9.267924] type=1327 audit(1790635548.123:182): proctitle=2F73797374656D2F62696E2F69707461626C65732D726573746F7265002D2D6E6F666C757368002D77002D76
[    9.267987] type=1320 audit(1790635548.123:182): 
[    9.268019] type=1325 audit(1790635548.127:183): table=raw family=2 entries=12 op=xt_replace subj=u:r:netd:s0 comm="iptables-restor"
[    9.268080] type=1300 audit(1790635548.127:183): arch=c000003e syscall=54 success=yes exit=0 a0=4 a1=0 a2=40 a3=725782e0d010 items=0 ppid=631 auid=4294967295 uid=0 gid=0 euid=0 suid=0 fsuid=0 egid=0 sgid=0 fsgid=0 tty=(none) ses=4294967295 comm="iptables-restor" exe="/system/bin/iptables" subj=u:r:netd:s0 key=(null)
[    9.268206] type=1327 audit(1790635548.127:183): proctitle=2F73797374656D2F62696E2F69707461626C65732D726573746F7265002D2D6E6F666C757368002D77002D76
[    9.268274] type=1320 audit(1790635548.127:183): 
[    9.268308] type=1325 audit(1790635548.127:184): table=mangle family=2 entries=33 op=xt_replace subj=u:r:netd:s0 comm="iptables-restor"
[    9.268374] type=1300 audit(1790635548.127:184): arch=c000003e syscall=54 success=yes exit=0 a0=4 a1=0 a2=40 a3=725792e0c380 items=0 ppid=631 auid=4294967295 uid=0 gid=0 euid=0 suid=0 fsuid=0 egid=0 sgid=0 fsgid=0 tty=(none) ses=4294967295 comm="iptables-restor" exe="/system/bin/iptables" subj=u:r:netd:s0 key=(null)
[    9.268495] type=1327 audit(1790635548.127:184): proctitle=2F73797374656D2F62696E2F69707461626C65732D726573746F7265002D2D6E6F666C757368002D77002D76
[    9.268567] type=1320 audit(1790635548.127:184): 
[    9.268599] type=1325 audit(1790635548.127:185): table=filter family=10 entries=70 op=xt_replace subj=u:r:netd:s0 comm="ip6tables-resto"
[    9.268662] type=1300 audit(1790635548.127:185): arch=c000003e syscall=54 success=yes exit=0 a0=4 a1=29 a2=40 a3=7fda18a1e940 items=0 ppid=631 auid=4294967295 uid=0 gid=0 euid=0 suid=0 fsuid=0 egid=0 sgid=0 fsgid=0 tty=(none) ses=4294967295 comm="ip6tables-resto" exe="/system/bin/iptables" subj=u:r:netd:s0 key=(null)
[    9.268782] type=1327 audit(1790635548.127:185): proctitle=2F73797374656D2F62696E2F6970367461626C65732D726573746F7265002D2D6E6F666C757368002D77002D76
[    9.268843] type=1320 audit(1790635548.127:185): 
[    9.268877] type=1325 audit(1790635548.127:186): table=raw family=10 entries=12 op=xt_replace subj=u:r:netd:s0 comm="ip6tables-resto"
[    9.268946] type=1300 audit(1790635548.127:186): arch=c000003e syscall=54 success=yes exit=0 a0=4 a1=29 a2=40 a3=7fd9e8a0e010 items=0 ppid=631 auid=4294967295 uid=0 gid=0 euid=0 suid=0 fsuid=0 egid=0 sgid=0 fsgid=0 tty=(none) ses=4294967295 comm="ip6tables-resto" exe="/system/bin/iptables" subj=u:r:netd:s0 key=(null)
[    9.269069] type=1327 audit(1790635548.127:186): proctitle=2F73797374656D2F62696E2F6970367461626C65732D726573746F7265002D2D6E6F666C757368002D77002D76
[    9.269115] type=1320 audit(1790635548.127:186): 
[    9.269148] type=1325 audit(1790635548.127:187): table=mangle family=10 entries=32 op=xt_replace subj=u:r:netd:s0 comm="ip6tables-resto"
[    9.269209] type=1300 audit(1790635548.127:187): arch=c000003e syscall=54 success=yes exit=0 a0=4 a1=29 a2=40 a3=7fdac8a09010 items=0 ppid=631 auid=4294967295 uid=0 gid=0 euid=0 suid=0 fsuid=0 egid=0 sgid=0 fsgid=0 tty=(none) ses=4294967295 comm="ip6tables-resto" exe="/system/bin/iptables" subj=u:r:netd:s0 key=(null)
[    9.269329] type=1327 audit(1790635548.127:187): proctitle=2F73797374656D2F62696E2F6970367461626C65732D726573746F7265002D2D6E6F666C757368002D77002D76
[    9.269389] type=1320 audit(1790635548.127:187): 
[    9.275915] init: Service 'exec 13 (/system/bin/kcmdlinectrl update-props)' (pid 634) exited with status 0 oneshot service took 0.040000 seconds in background
[    9.275992] init: Sending SIGKILL to service 'exec 13 (/system/bin/kcmdlinectrl update-props)' (pid 634) process group...
[    9.276136] libprocessgroup: Removed cgroup /sys/fs/cgroup/system/uid_0/pid_634
[    9.312439] init: starting service 'audio_parameter_parser_service'...
[    9.313182] libprocessgroup: Created cgroup /sys/fs/cgroup/system/uid_1041
[    9.313611] libprocessgroup: Created cgroup /sys/fs/cgroup/system/uid_1041/pid_647
[    9.314324] init: ... started service 'audio_parameter_parser_service' has pid 647
[    9.314497] init: starting service 'hidl_memory'...
[    9.315182] libprocessgroup: Created cgroup /sys/fs/cgroup/system/uid_1000/pid_648
[    9.315835] init: ... started service 'hidl_memory' has pid 648
[    9.316007] init: starting service 'vendor.sensors-hal-multihal'...
[    9.316673] libprocessgroup: Created cgroup /sys/fs/cgroup/system/uid_1000/pid_649
[    9.317647] init: ... started service 'vendor.sensors-hal-multihal' has pid 649
[    9.317784] init: starting service 'vendor.motioncontext-default'...
[    9.318500] libprocessgroup: Created cgroup /sys/fs/cgroup/system/uid_1080
[    9.318916] libprocessgroup: Created cgroup /sys/fs/cgroup/system/uid_1080/pid_650
[    9.319711] init: ... started service 'vendor.motioncontext-default' has pid 650
[    9.334138] init: starting service 'vendor.audio-hal-aidl'...
[    9.335313] libprocessgroup: Created cgroup /sys/fs/cgroup/system/uid_1041/pid_651
[    9.336663] init: ... started service 'vendor.audio-hal-aidl' has pid 651
[    9.336799] init: starting service 'vendor.audio-effect-hal-aidl'...
[    9.337601] libprocessgroup: Created cgroup /sys/fs/cgroup/system/uid_1041/pid_652
[    9.338360] init: ... started service 'vendor.audio-effect-hal-aidl' has pid 652
[    9.358384] init: starting service 'vendor.authsecret_default'...
[    9.359634] libprocessgroup: Created cgroup /sys/fs/cgroup/system/uid_1064
[    9.360765] libprocessgroup: Created cgroup /sys/fs/cgroup/system/uid_1064/pid_653
[    9.362760] init: ... started service 'vendor.authsecret_default' has pid 653
[    9.379242] init: starting service 'vendor.cas-default'...
[    9.380321] libprocessgroup: Created cgroup /sys/fs/cgroup/system/uid_1013
[    9.380771] libprocessgroup: Created cgroup /sys/fs/cgroup/system/uid_1013/pid_654
[    9.381786] init: ... started service 'vendor.cas-default' has pid 654
[    9.386360] servicemanager: Caller(pid=653,uid=1064,sid=u:r:hal_authsecret_default:s0) Found android.hardware.authsecret.IAuthSecret/default in device VINTF manifest.
[    9.397009] init: starting service 'vendor.contexthub-default'...
[    9.399255] libprocessgroup: Created cgroup /sys/fs/cgroup/system/uid_1080/pid_655
[    9.400646] init: ... started service 'vendor.contexthub-default' has pid 655
[    9.406406] servicemanager: Caller(pid=654,uid=1013,sid=u:r:hal_cas_default:s0) Found android.hardware.cas.IMediaCasService/default in device VINTF manifest.
[    9.410522] init: starting service 'vendor.drm-clearkey-service'...
[    9.413142] libprocessgroup: Created cgroup /sys/fs/cgroup/system/uid_1013/pid_661
[    9.413988] servicemanager: Caller(pid=631,uid=0,sid=u:r:netd:s0) Found android.system.net.netd.INetd/default in framework VINTF manifest.
[    9.414055] init: ... started service 'vendor.drm-clearkey-service' has pid 661
[    9.420268] servicemanager: Caller(pid=650,uid=1080,sid=u:r:hal_motioncontext_default:s0) Found android.hardware.motioncontext.IMotionContext/default in device VINTF manifest.
[    9.422308] init: starting service 'vendor.gnss-default'...
[    9.424156] libprocessgroup: Created cgroup /sys/fs/cgroup/system/uid_9999/pid_663
[    9.425374] init: ... started service 'vendor.gnss-default' has pid 663
[    9.434299] init: starting service 'vendor.hwcomposer-3'...
[    9.435850] libprocessgroup: Created cgroup /sys/fs/cgroup/system/uid_1000/pid_664
[    9.436902] init: ... started service 'vendor.hwcomposer-3' has pid 664
[    9.441653] init: starting service 'vendor.inputprocessor-default'...
[    9.443069] libprocessgroup: Created cgroup /sys/fs/cgroup/system/uid_9999/pid_665
[    9.444225] init: ... started service 'vendor.inputprocessor-default' has pid 665
[    9.459735] servicemanager: Caller(pid=649,uid=1000,sid=u:r:hal_sensors_default:s0) Found android.hardware.sensors.ISensors/default in device VINTF manifest.
[    9.459914] init: starting service 'vendor.ir-default'...
[    9.460917] libprocessgroup: Created cgroup /sys/fs/cgroup/system/uid_1000/pid_668
[    9.462043] init: ... started service 'vendor.ir-default' has pid 668
[    9.469707] init: starting service 'vendor.memtrack-default'...
[    9.471305] libprocessgroup: Created cgroup /sys/fs/cgroup/system/uid_9999/pid_669
[    9.472506] init: ... started service 'vendor.memtrack-default' has pid 669
[    9.473463] init: starting service 'nlinterceptor'...
[    9.475343] libprocessgroup: Created cgroup /sys/fs/cgroup/system/uid_0/pid_670
[    9.478284] init: ... started service 'nlinterceptor' has pid 670
[    9.480096] servicemanager: Caller(pid=665,uid=9999,sid=u:r:hal_input_processor_default:s0) Found android.hardware.input.processor.IInputProcessor/default in device VINTF manifest.
[    9.487467] init: starting service 'neuralnetworks_hal_service_aidl_sample_all'...
[    9.489051] libprocessgroup: Created cgroup /sys/fs/cgroup/system/uid_1000/pid_671
[    9.490275] init: ... started service 'neuralnetworks_hal_service_aidl_sample_all' has pid 671
[    9.490477] init: starting service 'neuralnetworks_hal_service_aidl_sample_limited'...
[    9.491072] servicemanager: Caller(pid=669,uid=9999,sid=u:r:hal_memtrack_default:s0) Found android.hardware.memtrack.IMemtrack/default in device VINTF manifest.
[    9.491809] libprocessgroup: Created cgroup /sys/fs/cgroup/system/uid_1000/pid_672
[    9.492846] init: ... started service 'neuralnetworks_hal_service_aidl_sample_limited' has pid 672
[    9.493111] init: starting service 'neuralnetworks_hal_service_shim_sample'...
[    9.494787] libprocessgroup: Created cgroup /sys/fs/cgroup/system/uid_1000/pid_673
[    9.496226] init: ... started service 'neuralnetworks_hal_service_shim_sample' has pid 673
[    9.511868] init: starting service 'vendor.power-default'...
[    9.513195] libprocessgroup: Created cgroup /sys/fs/cgroup/system/uid_9999/pid_674
[    9.514482] init: ... started service 'vendor.power-default' has pid 674
[    9.514755] init: starting service 'vendor.power.stats-default'...
[    9.516270] libprocessgroup: Created cgroup /sys/fs/cgroup/system/uid_1000/pid_675
[    9.517475] init: ... started service 'vendor.power.stats-default' has pid 675
[    9.525288] init: starting service 'vendor.rebootescrow-default'...
[    9.526766] servicemanager: Caller(pid=655,uid=1080,sid=u:r:hal_contexthub_default:s0) Found android.hardware.contexthub.IContextHub/default in device VINTF manifest.
[    9.527026] libprocessgroup: Created cgroup /sys/fs/cgroup/system/uid_1000/pid_676
[    9.528307] init: ... started service 'vendor.rebootescrow-default' has pid 676
[    9.536463] init: starting service 'vendor.secure_element'...
[    9.538539] libprocessgroup: Created cgroup /sys/fs/cgroup/system/uid_9999/pid_677
[    9.539616] init: ... started service 'vendor.secure_element' has pid 677
[    9.547589] servicemanager: Caller(pid=676,uid=1000,sid=u:r:hal_rebootescrow_default:s0) Found android.hardware.rebootescrow.IRebootEscrow/default in device VINTF manifest.
[    9.553079] init: starting service 'vendor.authgraph'...
[    9.554100] libprocessgroup: Created cgroup /sys/fs/cgroup/system/uid_9999/pid_678
[    9.555516] init: ... started service 'vendor.authgraph' has pid 678
[    9.563463] servicemanager: Caller(pid=677,uid=9999,sid=u:r:hal_secure_element_default:s0) Found android.hardware.secure_element.ISecureElement/eSE1 in device VINTF manifest.
[    9.564402] init: starting service 'vendor.secretkeeper'...
[    9.565808] libprocessgroup: Created cgroup /sys/fs/cgroup/system/uid_9999/pid_679
[    9.568351] init: ... started service 'vendor.secretkeeper' has pid 679
[    9.579182] init: starting service 'vendor.tetheroffload-example'...
[    9.580769] libprocessgroup: Created cgroup /sys/fs/cgroup/system/uid_9999/pid_680
[    9.583415] init: ... started service 'vendor.tetheroffload-example' has pid 680
[    9.588910] init: starting service 'vendor.thermal-example'...
[    9.595679] libprocessgroup: Created cgroup /sys/fs/cgroup/system/uid_9999/pid_681
[    9.601715] init: ... started service 'vendor.thermal-example' has pid 681
[    9.605439] servicemanager: Caller(pid=668,uid=1000,sid=u:r:hal_ir_default:s0) Found android.hardware.ir.IConsumerIr/default in device VINTF manifest.
[    9.608582] servicemanager: Caller(pid=680,uid=9999,sid=u:r:hal_tetheroffload_default:s0) Found android.hardware.tetheroffload.IOffload/default in device VINTF manifest.
[    9.611900] init: starting service 'vendor.threadnetwork_hal'...
[    9.613373] libprocessgroup: Created cgroup /sys/fs/cgroup/system/uid_1084
[    9.613961] libprocessgroup: Created cgroup /sys/fs/cgroup/system/uid_1084/pid_682
[    9.615963] init: ... started service 'vendor.threadnetwork_hal' has pid 682
[    9.623099] init: starting service 'vendor.usb_default'...
[    9.624612] libprocessgroup: Created cgroup /sys/fs/cgroup/system/uid_1000/pid_683
[    9.627166] servicemanager: Caller(pid=681,uid=9999,sid=u:r:hal_thermal_default:s0) Found android.hardware.thermal.IThermal/default in device VINTF manifest.
[    9.628333] init: ... started service 'vendor.usb_default' has pid 683
[    9.631133] servicemanager: Caller(pid=661,uid=1013,sid=u:r:hal_drm_clearkey_aidl:s0) Found android.hardware.drm.IDrmFactory/clearkey in device VINTF manifest.
[    9.638857] init: starting service 'vendor.uwb_hal'...
[    9.639422] servicemanager: Caller(pid=670,uid=0,sid=u:r:hal_nlinterceptor_default:s0) Found android.hardware.net.nlinterceptor.IInterceptor/default in device VINTF manifest.
[    9.640340] libprocessgroup: Created cgroup /sys/fs/cgroup/system/uid_1083
[    9.641111] libprocessgroup: Created cgroup /sys/fs/cgroup/system/uid_1083/pid_684
[    9.643809] init: ... started service 'vendor.uwb_hal' has pid 684
[    9.644686] servicemanager: Caller(pid=674,uid=9999,sid=u:r:hal_power_default:s0) Found android.hardware.power.IPower/default in device VINTF manifest.
[    9.644962] servicemanager: Caller(pid=675,uid=1000,sid=u:r:hal_power_stats_default:s0) Found android.hardware.power.stats.IPowerStats/default in device VINTF manifest.
[    9.647498] servicemanager: Caller(pid=682,uid=1084,sid=u:r:hal_threadnetwork_default:s0) Found android.hardware.threadnetwork.IThreadChip/chip0 in device VINTF manifest.
[    9.648775] init: starting service 'vendor.vibrator-default'...
[    9.651148] libprocessgroup: Created cgroup /sys/fs/cgroup/system/uid_9999/pid_685
[    9.654640] init: ... started service 'vendor.vibrator-default' has pid 685
[    9.661085] init: starting service 'vendor.wifi_hal_legacy'...
[    9.662382] libprocessgroup: Created cgroup /sys/fs/cgroup/system/uid_1010
[    9.663017] libprocessgroup: Created cgroup /sys/fs/cgroup/system/uid_1010/pid_686
[    9.670202] init: ... started service 'vendor.wifi_hal_legacy' has pid 686
[    9.679411] init: starting service 'bt_hci'...
[    9.681125] libprocessgroup: Created cgroup /sys/fs/cgroup/system/uid_1002
[    9.685081] libprocessgroup: Created cgroup /sys/fs/cgroup/system/uid_1002/pid_688
[    9.686327] servicemanager: Caller(pid=678,uid=9999,sid=u:r:hal_authgraph_default:s0) Found android.hardware.security.authgraph.IAuthGraphKeyExchange/nonsecure in device VINTF manifest.
[    9.687151] init: ... started service 'bt_hci' has pid 688
[    9.687843] init: starting service 'bt_finder'...
[    9.691439] libprocessgroup: Created cgroup /sys/fs/cgroup/system/uid_1002/pid_690
[    9.692865] init: ... started service 'bt_finder' has pid 690
[    9.693149] init: starting service 'bt_ranging'...
[    9.696311] libprocessgroup: Created cgroup /sys/fs/cgroup/system/uid_1002/pid_691
[    9.698117] init: ... started service 'bt_ranging' has pid 691
[    9.698419] init: starting service 'bt_lmp_event'...
[    9.699981] libprocessgroup: Created cgroup /sys/fs/cgroup/system/uid_1002/pid_692
[    9.701137] init: ... started service 'bt_lmp_event' has pid 692
[    9.701495] init: starting service 'bt_socket'...
[    9.705259] libprocessgroup: Created cgroup /sys/fs/cgroup/system/uid_1002/pid_693
[    9.708045] init: ... started service 'bt_socket' has pid 693
[    9.708823] init: starting service 'bt_socket_lpp'...
[    9.712452] libprocessgroup: Created cgroup /sys/fs/cgroup/system/uid_1002/pid_694
[    9.715294] init: ... started service 'bt_socket_lpp' has pid 694
[    9.716246] init: starting service 'bt_gatt_lpp'...
[    9.718982] libprocessgroup: Created cgroup /sys/fs/cgroup/system/uid_1002/pid_695
[    9.721496] init: ... started service 'bt_gatt_lpp' has pid 695
[    9.730340] servicemanager: Caller(pid=684,uid=1083,sid=u:r:hal_uwb_default:s0) Found android.hardware.uwb.IUwb/default in device VINTF manifest.
[    9.731708] init: starting service 'vendor.graphics.allocator'...
[    9.733104] libprocessgroup: Created cgroup /sys/fs/cgroup/system/uid_1000/pid_701
[    9.738804] init: ... started service 'vendor.graphics.allocator' has pid 701
[    9.747214] servicemanager: Caller(pid=688,uid=1002,sid=u:r:hal_bluetooth_default:s0) Found android.hardware.bluetooth.IBluetoothHci/default in device VINTF manifest.
[    9.750547] init: starting service 'vendor.health-cuttlefish'...
[    9.752370] libprocessgroup: Created cgroup /sys/fs/cgroup/system/uid_1000/pid_705
[    9.754067] init: ... started service 'vendor.health-cuttlefish' has pid 705
[    9.759378] init: starting service 'vendor.identity-remote'...
[    9.762057] libprocessgroup: Created cgroup /sys/fs/cgroup/system/uid_9999/pid_706
[    9.763771] init: ... started service 'vendor.identity-remote' has pid 706
[    9.764300] servicemanager: Caller(pid=679,uid=9999,sid=u:r:hal_secretkeeper_default:s0) Found android.hardware.security.secretkeeper.ISecretkeeper/nonsecure in device VINTF manifest.
[    9.772542] init: starting service 'vendor.light-cuttlefish'...
[    9.773903] libprocessgroup: Created cgroup /sys/fs/cgroup/system/uid_9999/pid_707
[    9.778672] init: ... started service 'vendor.light-cuttlefish' has pid 707
[    9.791205] init: starting service 'nfc_hal_service'...
[    9.791923] healthd: Failed to lookup glob /sys/devices/platform/*gcdd/system_dev_stat: -3
[    9.792023] healthd: No battery devices found
[    9.793507] libprocessgroup: Created cgroup /sys/fs/cgroup/system/uid_1027
[    9.794123] servicemanager: Caller(pid=705,uid=1000,sid=u:r:hal_health_default:s0) Found android.hardware.health.IHealth/default in device VINTF manifest.
[    9.795278] libprocessgroup: Created cgroup /sys/fs/cgroup/system/uid_1027/pid_709
[    9.796326] HealthLoop: Successfully attached the BPF filter to the uevent socket
[    9.796552] healthd: battery none chg=
[    9.797127] init: ... started service 'nfc_hal_service' has pid 709
[    9.799443] servicemanager: Caller(pid=663,uid=9999,sid=u:r:hal_gnss_default:s0) Found android.hardware.gnss.IGnss/default in device VINTF manifest.
[    9.807879] init: starting service 'vendor.oemlock_default'...
[    9.809168] libprocessgroup: Created cgroup /sys/fs/cgroup/system/uid_1064/pid_711
[    9.810038] init: ... started service 'vendor.oemlock_default' has pid 711
[    9.822103] init: starting service 'vendor.camera-provider-2-7-google'...
[    9.824265] libprocessgroup: Created cgroup /sys/fs/cgroup/system/uid_1047
[    9.826395] libprocessgroup: Created cgroup /sys/fs/cgroup/system/uid_1047/pid_712
[    9.827228] init: ... started service 'vendor.camera-provider-2-7-google' has pid 712
[    9.827282] init: Command 'class_start hal' action=boot (/system/etc/init/hw/init.rc:1219) took 514ms and succeeded
[    9.827341] init: Service 'hidl_memory' (pid 648) exited with status 0
[    9.827365] init: Sending SIGKILL to service 'hidl_memory' (pid 648) process group...
[    9.827787] libprocessgroup: Removed cgroup /sys/fs/cgroup/system/uid_1000/pid_648
[    9.827965] init: service 'ueventd' requested start, but it is already running (flags: 2084, pid: 129, started 8502ms ago)
[    9.828019] init: service 'apexd' requested start, but it is already running (flags: 134, pid: 509, started 4616ms ago)
[    9.835912] init: starting service 'audioserver'...
[    9.836888] libprocessgroup: Created cgroup /sys/fs/cgroup/system/uid_1041/pid_713
[    9.837931] init: ... started service 'audioserver' has pid 713
[    9.840276] servicemanager: Caller(pid=672,uid=1000,sid=u:r:hal_neuralnetworks_sample:s0) Found android.hardware.neuralnetworks.IDevice/nnapi-sample_quant in device VINTF manifest.
[    9.841729] servicemanager: Caller(pid=683,uid=1000,sid=u:r:hal_usb_default:s0) Found android.hardware.usb.IUsb/default in device VINTF manifest.
[    9.843049] init: starting service 'credstore'...
[    9.846028] libprocessgroup: Created cgroup /sys/fs/cgroup/system/uid_1076
[    9.846643] libprocessgroup: Created cgroup /sys/fs/cgroup/system/uid_1076/pid_714
[    9.847578] init: ... started service 'credstore' has pid 714
[    9.847752] init: starting service 'gpu'...
[    9.848703] libprocessgroup: Created cgroup /sys/fs/cgroup/system/uid_1072
[    9.849369] libprocessgroup: Created cgroup /sys/fs/cgroup/system/uid_1072/pid_715
[    9.851740] init: ... started service 'gpu' has pid 715
[    9.851812] init: service 'lmkd' requested start, but it is already running (flags: 36, pid: 430, started 7098ms ago)
[    9.853546] init: starting service 'misctrl'...
[    9.857487] libprocessgroup: Created cgroup /sys/fs/cgroup/system/uid_0/pid_718
[    9.858680] init: ... started service 'misctrl' has pid 718
[    9.858705] servicemanager: Caller(pid=711,uid=1064,sid=u:r:hal_oemlock_remote:s0) Found android.hardware.oemlock.IOemLock/default in device VINTF manifest.
[    9.858769] init: service 'servicemanager' requested start, but it is already running (flags: 2084, pid: 431, started 7101ms ago)
[    9.859017] libbinder.BackendUnifiedServiceManager: Thread Pool max thread count is 0. Cannot cache binder as linkToDeath cannot be implemented. serviceName: android.hardware.oemlock.IOemLock/default
[    9.859880] servicemanager: Caller(pid=707,uid=9999,sid=u:r:hal_light_cuttlefish:s0) Found android.hardware.light.ILights/default in device VINTF manifest.
[    9.861235] servicemanager: Caller(pid=685,uid=9999,sid=u:r:hal_vibrator_default:s0) Found android.hardware.vibrator.IVibrator/default in device VINTF manifest.
[    9.862763] servicemanager: Caller(pid=685,uid=9999,sid=u:r:hal_vibrator_default:s0) Found android.hardware.vibrator.IVibratorManager/default in device VINTF manifest.
[    9.863136] servicemanager: Caller(pid=671,uid=1000,sid=u:r:hal_neuralnetworks_sample:s0) Found android.hardware.neuralnetworks.IDevice/nnapi-sample_all in device VINTF manifest.
[    9.865868] init: starting service 'surfaceflinger'...
[    9.866885] libprocessgroup: Created cgroup /sys/fs/cgroup/system/uid_1000/pid_723
[    9.867781] init: ... started service 'surfaceflinger' has pid 723
[    9.867865] init: service 'vold' requested start, but it is already running (flags: 2052, pid: 441, started 7064ms ago)
[    9.868017] init: processing action (ro.debuggable=1 && boot) from (/system/etc/init/hw/init.rc:1223)
[    9.868543] init: processing action (persist.sys.usb.config=* && boot) from (/system/etc/init/hw/init.usb.rc:104)
[    9.868685] init: processing action (boot) from (/system/etc/init/dumpstate.rc:1)
[    9.868748] init: processing action (boot) from (/system/etc/init/gsid.rc:25)
[    9.868888] init: starting service 'exec 14 (/system/bin/gsid run-startup-tasks)'...
[    9.869954] libprocessgroup: Created cgroup /sys/fs/cgroup/system/uid_0/pid_724
[    9.870550] init: ... started service 'exec 14 (/system/bin/gsid run-startup-tasks)' has pid 724
[    9.870628] init: processing action (boot) from (/vendor/etc/init/init.cutf_cvm.rc:83)
[    9.871197] init: starting service 'socket_vsock_proxy'...
[    9.872292] libprocessgroup: Created cgroup /sys/fs/cgroup/system/uid_0/pid_725
[    9.873381] init: ... started service 'socket_vsock_proxy' has pid 725
[    9.874218] init: processing action (ro.boot.enable_confirmationui=* && boot) from (/apex/com.google.cf.confirmationui/etc/android.hardware.confirmationui-service.cuttlefish.rc:9)
[    9.881140] init: starting service 'vendor.confirmationui_default'...
[    9.882313] servicemanager: Caller(pid=709,uid=1027,sid=u:r:hal_nfc_default:s0) Found android.hardware.nfc.INfc/default in device VINTF manifest.
[    9.882339] libprocessgroup: Created cgroup /sys/fs/cgroup/system/uid_1000/pid_727
[    9.883677] init: ... started service 'vendor.confirmationui_default' has pid 727
[    9.884407] init: service 'vendor.confirmationui_default' requested start, but it is already running (flags: 4, pid: 727, started 2ms ago)
[    9.884516] init: processing action (enable_property_trigger) from (<Builtin Action>:0)
[    9.884754] init: processing action (bootreceiver.enable=1 && ro.product.cpu.abilist64=*) from (/system/etc/init/hw/init.rc:653)
[    9.894737] init: processing action (net.tcp_def_init_rwnd=*) from (/system/etc/init/hw/init.rc:1255)
[    9.894983] init: processing action (ro.debuggable=1) from (/system/etc/init/hw/init.rc:1295)
[    9.895005] type=1400 audit(1790635548.759:188): avc:  denied  { write } for  comm="init" name="error_report_end" dev="tracefs" ino=12620 scontext=u:r:init:s0 tcontext=u:object_r:debugfs_bootreceiver_tracing:s0 tclass=dir permissive=0 bug=b/340399580
[    9.895182] init: processing action (sys.usb.config=adb && sys.usb.configfs=0) from (/system/etc/init/hw/init.usb.rc:36)
[    9.895196] type=1300 audit(1790635548.759:188): arch=c000003e syscall=257 success=yes exit=20 a0=ffffff9c a1=7f8d0e637270 a2=a0241 a3=180 items=1 ppid=0 auid=4294967295 uid=0 gid=0 euid=0 suid=0 fsuid=0 egid=0 sgid=0 fsgid=0 tty=(none) ses=4294967295 comm="init" exe="/system/bin/init" subj=u:r:init:s0 key=(null)
[    9.895381] type=1307 audit(1790635548.759:188): cwd="/"
[    9.895411] type=1302 audit(1790635548.759:188): item=0 name="/sys/kernel/tracing/instances/bootreceiver/events/error_report/error_report_end/enable" inode=19680823 dev=00:0c mode=0100640 ouid=0 ogid=3012 rdev=00:00 obj=u:object_r:debugfs_bootreceiver_tracing:s0 nametype=NORMAL cap_fp=0 cap_fi=0 cap_fe=0 cap_fver=0 cap_frootid=0
[    9.895503] type=1327 audit(1790635548.759:188): proctitle=2F73797374656D2F62696E2F696E69740073656C696E75785F7365747570
[    9.895558] type=1320 audit(1790635548.759:188): 
[    9.896453] servicemanager: Caller(pid=690,uid=1002,sid=u:r:hal_bluetooth_btlinux:s0) Found android.hardware.bluetooth.finder.IBluetoothFinder/default in device VINTF manifest.
[    9.896720] servicemanager: Caller(pid=691,uid=1002,sid=u:r:hal_bluetooth_btlinux:s0) Found android.hardware.bluetooth.ranging.IBluetoothChannelSounding/default in device VINTF manifest.
[    9.899084] init: starting service 'adbd'...
[    9.899389] init: Created socket '/dev/socket/adbd', mode 660, user 1000, group 1000
[    9.903255] libprocessgroup: Created cgroup /sys/fs/cgroup/system/uid_0/pid_728
[    9.904047] servicemanager: Caller(pid=691,uid=1002,sid=u:r:hal_bluetooth_btlinux:s0) Found android.hardware.bluetooth.ranging.IBluetoothChannelSounding/default in device VINTF manifest.
[    9.904403] servicemanager: Caller(pid=690,uid=1002,sid=u:r:hal_bluetooth_btlinux:s0) Found android.hardware.bluetooth.finder.IBluetoothFinder/default in device VINTF manifest.
[    9.905118] init: ... started service 'adbd' has pid 728
[    9.905210] servicemanager: Caller(pid=693,uid=1002,sid=u:r:hal_bluetooth_btlinux:s0) Found android.hardware.bluetooth.socket.IBluetoothSocket/default in device VINTF manifest.
[    9.905383] init: processing action (apexd.status=ready && ro.product.cpu.abilist64=*) from (/system/etc/init/hw/init.boringssl.zygote64.rc:3)
[    9.905617] servicemanager: Caller(pid=694,uid=1002,sid=u:r:hal_bluetooth_lpp_default:s0) Found android.hardware.bluetooth.socket.IBluetoothSocket/lpp in device VINTF manifest.
[    9.905783] servicemanager: Caller(pid=695,uid=1002,sid=u:r:hal_bluetooth_lpp_default:s0) Found android.hardware.bluetooth.gatt.IBluetoothGatt/default in device VINTF manifest.
[    9.913096] servicemanager: Caller(pid=673,uid=1000,sid=u:r:hal_neuralnetworks_sample:s0) Found android.hardware.neuralnetworks.IDevice/nnapi-sample_sl_shim in device VINTF manifest.
[    9.914295] init: starting service 'boringssl_self_test_apex64'...
[    9.915247] libprocessgroup: Created cgroup /sys/fs/cgroup/system/uid_9999/pid_729
[    9.916239] init: ... started service 'boringssl_self_test_apex64' has pid 729
[    9.916631] init: SVC_EXEC service 'boringssl_self_test_apex64' pid 729 (uid 9999 gid 0+0 context default) started; waiting...
[    9.916750] init: Service 'misctrl' (pid 718) exited with status 1 oneshot service took 0.059000 seconds in background
[    9.916809] init: Sending SIGKILL to service 'misctrl' (pid 718) process group...
[    9.916968] libprocessgroup: Removed cgroup /sys/fs/cgroup/system/uid_0/pid_718
[    9.928440] servicemanager: Caller(pid=686,uid=1010,sid=u:r:hal_wifi_default:s0) Found android.hardware.wifi.IWifi/default in device VINTF manifest.
[    9.928863] servicemanager: Caller(pid=727,uid=1000,sid=u:r:hal_confirmationui_cuttlefish:s0) Found android.hardware.confirmationui.IConfirmationUI/default in device VINTF manifest.
[    9.934498] init: Service 'exec 14 (/system/bin/gsid run-startup-tasks)' (pid 724) exited with status 0 oneshot service took 0.064000 seconds in background
[    9.934626] init: Sending SIGKILL to service 'exec 14 (/system/bin/gsid run-startup-tasks)' (pid 724) process group...
[    9.934859] libprocessgroup: Removed cgroup /sys/fs/cgroup/system/uid_0/pid_724
[    9.935969] servicemanager: Caller(pid=651,uid=1041,sid=u:r:hal_audio_default:s0) Found android.hardware.audio.core.IConfig/default in device VINTF manifest.
[    9.936534] servicemanager: Caller(pid=651,uid=1041,sid=u:r:hal_audio_default:s0) Found android.hardware.audio.core.IModule/default in device VINTF manifest.
[    9.936807] servicemanager: Caller(pid=651,uid=1041,sid=u:r:hal_audio_default:s0) Found android.hardware.audio.core.IModule/r_submix in device VINTF manifest.
[    9.939511] servicemanager: Caller(pid=706,uid=9999,sid=u:r:hal_identity_remote:s0) Found android.hardware.identity.IIdentityCredentialStore/default in device VINTF manifest.
[    9.946723] servicemanager: Caller(pid=692,uid=1002,sid=u:r:hal_bluetooth_btlinux:s0) Found android.hardware.bluetooth.lmp_event.IBluetoothLmpEvent/default in device VINTF manifest.
[    9.947852] servicemanager: Caller(pid=692,uid=1002,sid=u:r:hal_bluetooth_btlinux:s0) Found android.hardware.bluetooth.lmp_event.IBluetoothLmpEvent/default in device VINTF manifest.
[    9.950493] servicemanager: Caller(pid=651,uid=1041,sid=u:r:hal_audio_default:s0) Found android.hardware.bluetooth.audio.IBluetoothAudioProviderFactory/default in device VINTF manifest.
[    9.950781] servicemanager: Caller(pid=651,uid=1041,sid=u:r:hal_audio_default:s0) Found android.hardware.audio.core.IModule/bluetooth in device VINTF manifest.
[    9.971222] servicemanager: Caller(pid=652,uid=1041,sid=u:r:hal_audio_default:s0) Found android.hardware.audio.effect.IFactory/default in device VINTF manifest.
[   10.007927] servicemanager: Caller(pid=701,uid=1000,sid=u:r:hal_graphics_allocator_default:s0) Found android.hardware.graphics.allocator.IAllocator/default in device VINTF manifest.
[   10.019528] servicemanager: Caller(pid=664,uid=1000,sid=u:r:hal_graphics_composer_default:s0) Found android.hardware.graphics.composer3.IComposer/default in device VINTF manifest.
[   10.030301] init: Service 'boringssl_self_test_apex64' (pid 729) exited with status 0 waiting took 0.115000 seconds
[   10.030415] init: Sending SIGKILL to service 'boringssl_self_test_apex64' (pid 729) process group...
[   10.030655] libprocessgroup: Removed cgroup /sys/fs/cgroup/system/uid_9999/pid_729
[   10.031074] init: processing action (security.perf_harden=1) from (/system/etc/init/init-perfetto.rc:19)
[   10.031543] init: processing action (init.svc.audioserver=running) from (/system/etc/init/audioserver.rc:43)
[   10.031613] init: Command 'start vendor.audio-hal' action=init.svc.audioserver=running (/system/etc/init/audioserver.rc:44) took 0ms and failed: service vendor.audio-hal not found
[   10.031727] init: service 'vendor.audio-hal-aidl' requested start, but it is already running (flags: 4, pid: 651, started 696ms ago)
[   10.031797] init: service 'vendor.audio-effect-hal-aidl' requested start, but it is already running (flags: 4, pid: 652, started 694ms ago)
[   10.031868] init: Command 'start vendor.audio-hal-4-0-msd' action=init.svc.audioserver=running (/system/etc/init/audioserver.rc:47) took 0ms and failed: service vendor.audio-hal-4-0-msd not found
[   10.031979] init: Command 'start audio_proxy_service' action=init.svc.audioserver=running (/system/etc/init/audioserver.rc:48) took 0ms and failed: service audio_proxy_service not found
[   10.032062] init: processing action (ro.persistent_properties.ready=true) from (/system/etc/init/bootstat.rc:57)
[   10.032284] init: processing action (ro.persistent_properties.ready=true) from (/system/etc/init/bootstat.rc:61)
[   10.032487] init: starting service 'exec 15 (/system/bin/bootstat --set_system_boot_reason)'...
[   10.033910] libprocessgroup: Created cgroup /sys/fs/cgroup/system/uid_1000/pid_741
[   10.034728] init: ... started service 'exec 15 (/system/bin/bootstat --set_system_boot_reason)' has pid 741
[   10.034889] init: processing action (bootreceiver.enable=1 && ro.product.cpu.abilist64=*) from (/system/etc/init/dmesgd.rc:7)
[   10.035694] init: Command 'rm /data/misc/dmesgd/sent_reports.txt' action=bootreceiver.enable=1 && ro.product.cpu.abilist64=* (/system/etc/init/dmesgd.rc:9) took 0ms and failed: unlink() failed: No such file or directory
[   10.035874] init: processing action (drm.service.enabled=true) from (/system/etc/init/drmserver.rc:8)
[   10.036416] init: starting service 'drm'...
[   10.037797] libprocessgroup: Created cgroup /sys/fs/cgroup/system/uid_1019
[   10.038412] libprocessgroup: Created cgroup /sys/fs/cgroup/system/uid_1019/pid_742
[   10.039418] init: ... started service 'drm' has pid 742
[   10.039836] init: processing action (persist.heapprofd.enable= && traced.lazy.heapprofd=) from (/system/etc/init/heapprofd.rc:49)
[   10.040157] init: processing action (security.perf_harden=1) from (/system/etc/init/init-perfetto.rc:19)
[   10.040629] init: processing action (kcmdline.binder=*) from (/system/etc/init/kcmdlinectrl.rc:20)
[   10.040696] init: start_waiting_for_property("kcmdline.loaded", "1"): already set
[   10.040884] init: starting service 'exec 16 (/system/bin/kcmdlinectrl store binder unset)'...
[   10.042148] libprocessgroup: Created cgroup /sys/fs/cgroup/system/uid_0/pid_743
[   10.042652] init: ... started service 'exec 16 (/system/bin/kcmdlinectrl store binder unset)' has pid 743
[   10.042718] init: SVC_EXEC service 'exec 16 (/system/bin/kcmdlinectrl store binder unset)' pid 743 (uid 0 gid 0+0 context default) started; waiting...
[   10.049639] init: Service 'exec 15 (/system/bin/bootstat --set_system_boot_reason)' (pid 741) exited with status 0 oneshot service took 0.016000 seconds in background
[   10.049750] init: Sending SIGKILL to service 'exec 15 (/system/bin/bootstat --set_system_boot_reason)' (pid 741) process group...
[   10.050027] libprocessgroup: Removed cgroup /sys/fs/cgroup/system/uid_1000/pid_741
[   10.063408] init: Service 'exec 16 (/system/bin/kcmdlinectrl store binder unset)' (pid 743) exited with status 0 waiting took 0.021000 seconds
[   10.063547] init: Sending SIGKILL to service 'exec 16 (/system/bin/kcmdlinectrl store binder unset)' (pid 743) process group...
[   10.063840] libprocessgroup: Removed cgroup /sys/fs/cgroup/system/uid_0/pid_743
[   10.064134] init: processing action (ro.debuggable=1) from (/system/etc/init/llkd-debuggable.rc:1)
[   10.064501] init: processing action (ro.debuggable=*) from (/system/etc/init/llkd.rc:2)
[   10.064724] init: processing action (debug.atrace.user_initiated= && persist.traced.enable=1) from (/system/etc/init/perfetto.rc:64)
[   10.064908] init: starting service 'traced_probes'...
[   10.066562] libprocessgroup: Created cgroup /sys/fs/cgroup/system/uid_9999/pid_745
[   10.067561] init: ... started service 'traced_probes' has pid 745
[   10.067700] init: processing action (persist.traced.enable=1) from (/system/etc/init/perfetto.rc:76)
[   10.069594] init: starting service 'traced'...
[   10.069914] init: Created socket '/dev/socket/traced_consumer', mode 666, user 0, group 0
[   10.070079] init: Created socket '/dev/socket/traced_producer', mode 666, user 0, group 0
[   10.071343] libprocessgroup: Created cgroup /sys/fs/cgroup/system/uid_9999/pid_751
[   10.072525] init: ... started service 'traced' has pid 751
[   10.072652] init: service 'traced_probes' requested start, but it is already running (flags: 132, pid: 745, started 6ms ago)
[   10.072735] init: processing action (ro.persistent_properties.ready=true) from (/system/etc/init/perfetto.rc:129)
[   10.072806] init: processing action (persist.debug.perfetto.persistent_sysui_tracing_for_bugreport=) from (/system/etc/init/perfetto.rc:188)
[   10.073079] init: processing action (persist.traced_perf.enable= && sys.init.perf_lsm_hooks=1 && traced.lazy.traced_perf=) from (/system/etc/init/traced_perf.rc:44)
[   10.073318] init: processing action (ro.boot.slot_suffix=*) from (/system/etc/init/update_engine.rc:9)
[   10.073385] init: processing action (hidl_memory.disabled=true) from (/system_ext/etc/init/android.hidl.allocator@1.0-service.rc:6)
[   10.073614] init: processing action (hwservicemanager.disabled=true) from (/system_ext/etc/init/hwservicemanager.rc:14)
[   10.073680] init: Sending SIGKILL to service 'hwservicemanager' (pid 432) process group...
[   10.076054] libprocessgroup: Removed cgroup /sys/fs/cgroup/system/uid_1000/pid_432
[   10.076390] init: Service 'hwservicemanager' (pid 432) received SIGKILL
[   10.076454] init: Sending SIGKILL to service 'hwservicemanager' (pid 432) process group...
[   10.077186] libprocessgroup: Failed to write 1 to /sys/fs/cgroup/system/uid_1000/pid_432/cgroup.kill: No such file or directory
[   10.077532] init: processing action (apex.all.ready=true) from (/apex/com.google.cf.input.config/etc/com.google.cf.input.config.rc:1)
[   10.077883] init: processing action (nonencrypted) from (/system/etc/init/hw/init.rc:1227)
[   10.078040] init: service 'zygote' requested start, but it is already running (flags: 4, pid: 633, started 849ms ago)
[   10.078192] init: starting service 'cameraserver'...
[   10.079173] libprocessgroup: Created cgroup /sys/fs/cgroup/system/uid_1047/pid_753
[   10.080195] init: ... started service 'cameraserver' has pid 753
[   10.080286] init: service 'drm' requested start, but it is already running (flags: 132, pid: 742, started 42ms ago)
[   10.080428] init: starting service 'idmap2d'...
[   10.081480] libprocessgroup: Created cgroup /sys/fs/cgroup/system/uid_1000/pid_754
[   10.082331] init: ... started service 'idmap2d' has pid 754
[   10.082496] init: starting service 'incidentd'...
[   10.083628] libprocessgroup: Created cgroup /sys/fs/cgroup/system/uid_1067
[   10.084159] libprocessgroup: Created cgroup /sys/fs/cgroup/system/uid_1067/pid_755
[   10.086526] init: ... started service 'incidentd' has pid 755
[   10.087100] init: starting service 'installd'...
[   10.087926] libprocessgroup: Created cgroup /sys/fs/cgroup/system/uid_0/pid_756
[   10.088755] init: ... started service 'installd' has pid 756
[   10.088891] init: starting service 'mediaextractor'...
[   10.090831] libprocessgroup: Created cgroup /sys/fs/cgroup/system/uid_1040
[   10.091341] libprocessgroup: Created cgroup /sys/fs/cgroup/system/uid_1040/pid_757
[   10.092635] init: ... started service 'mediaextractor' has pid 757
[   10.092771] init: starting service 'mediametrics'...
[   10.094791] libprocessgroup: Created cgroup /sys/fs/cgroup/system/uid_1013/pid_758
[   10.095957] init: ... started service 'mediametrics' has pid 758
[   10.096109] init: starting service 'media'...
[   10.097199] libprocessgroup: Created cgroup /sys/fs/cgroup/system/uid_1013/pid_760
[   10.099951] init: ... started service 'media' has pid 760
[   10.100030] init: service 'netd' requested start, but it is already running (flags: 132, pid: 631, started 876ms ago)
[   10.103765] init: starting service 'storaged'...
[   10.105296] libprocessgroup: Created cgroup /sys/fs/cgroup/system/uid_0/pid_762
[   10.106071] init: ... started service 'storaged' has pid 762
[   10.106214] init: starting service 'seriallogging'...
[   10.107054] libprocessgroup: Created cgroup /sys/fs/cgroup/system/uid_1036/pid_763
[   10.108206] init: ... started service 'seriallogging' has pid 763
[   10.111985] init: starting service 'media.swcodec'...
[   10.114231] libprocessgroup: Created cgroup /sys/fs/cgroup/system/uid_1046
[   10.114732] libprocessgroup: Created cgroup /sys/fs/cgroup/system/uid_1046/pid_764
[   10.127819] init: ... started service 'media.swcodec' has pid 764
[   10.127928] init: service 'statsd' requested start, but it is already running (flags: 4, pid: 632, started 902ms ago)
[   10.131463] logd: logdr: UID=1036 GID=0 PID=763 b tail=0 logMask=bf pid=0 start=0ns deadline=0ns
[   10.131896] init: starting service 'vendor.ril-daemon'...
[   10.132913] libprocessgroup: Created cgroup /sys/fs/cgroup/system/uid_1001
[   10.134274] libprocessgroup: Created cgroup /sys/fs/cgroup/system/uid_1001/pid_768
[   10.135670] init: ... started service 'vendor.ril-daemon' has pid 768
[   10.135850] init: Command 'class_start main' action=nonencrypted (/system/etc/init/hw/init.rc:1228) took 57ms and succeeded
[   10.136900] init: starting service 'gatekeeperd'...
[   10.138879] libprocessgroup: Created cgroup /sys/fs/cgroup/system/uid_1000/pid_769
[   10.142040] init: ... started service 'gatekeeperd' has pid 769
[   10.142211] init: service 'traced' requested start, but it is already running (flags: 132, pid: 751, started 71ms ago)
[   10.142302] init: service 'traced_probes' requested start, but it is already running (flags: 132, pid: 745, started 75ms ago)
[   10.142517] init: starting service 'update_engine'...
[   10.145258] libprocessgroup: Created cgroup /sys/fs/cgroup/system/uid_0/pid_771
[   10.147844] init: ... started service 'update_engine' has pid 771
[   10.149228] init: starting service 'usbd'...
[   10.150623] libprocessgroup: Created cgroup /sys/fs/cgroup/system/uid_0/pid_773
[   10.152661] init: ... started service 'usbd' has pid 773
[   10.152939] init: starting service 'tombstone_transmit'...
[   10.156540] libprocessgroup: Created cgroup /sys/fs/cgroup/system/uid_0/pid_774
[   10.158692] init: ... started service 'tombstone_transmit' has pid 774
[   10.158907] init: processing action (load_persist_props_action) from (/system/etc/init/flags_health_check.rc:1)
[   10.159633] init: Encryption policy of /data/server_configurable_flags set to 58542ff2457c5bee92fca731e1284d60 v2 modes 1/10 flags 0xa
[   10.159851] init: starting service 'exec 17 (/system/bin/flags_health_check BOOT_FAILURE)'...
[   10.161683] libprocessgroup: Created cgroup /sys/fs/cgroup/system/uid_1000/pid_775
[   10.163433] init: ... started service 'exec 17 (/system/bin/flags_health_check BOOT_FAILURE)' has pid 775
[   10.163505] init: SVC_EXEC service 'exec 17 (/system/bin/flags_health_check BOOT_FAILURE)' pid 775 (uid 1000 gid 1000+0 context default) started; waiting...
[   10.173996] servicemanager: Caller(pid=762,uid=0,sid=u:r:storaged:s0) Found android.hardware.health.IHealth/default in device VINTF manifest.
[   10.186482] init: Service 'exec 17 (/system/bin/flags_health_check BOOT_FAILURE)' (pid 775) exited with status 0 waiting took 0.025000 seconds
[   10.186663] init: Sending SIGKILL to service 'exec 17 (/system/bin/flags_health_check BOOT_FAILURE)' (pid 775) process group...
[   10.188169] libprocessgroup: Removed cgroup /sys/fs/cgroup/system/uid_1000/pid_775
[   10.188397] init: processing action (load_persist_props_action) from (/system/etc/init/logcatd.rc:29)
[   10.189367] init: processing action (llk.enable=0) from (/system/etc/init/llkd.rc:12)
[   10.190123] init: processing action (khungtask.enable=1) from (/system/etc/init/llkd.rc:18)
[   10.190936] init: processing action (llk.enable=0) from (/system/etc/init/llkd.rc:12)
[   10.191074] init: processing action (khungtask.enable=0) from (/system/etc/init/llkd.rc:21)
[   10.191985] init: processing action (init.svc.media=*) from (/system/etc/init/mediaserver.rc:1)
[   10.192960] init: processing action (khungtask.enable=true) from (/system/etc/init/llkd.rc:25)
[   10.194836] init: processing action (khungtask.enable=false) from (/system/etc/init/llkd.rc:31)
[   10.201932] servicemanager: Caller(pid=769,uid=1000,sid=u:r:gatekeeperd:s0) Found android.hardware.gatekeeper.IGatekeeper/default in device VINTF manifest.
[   10.202092] init: service 'adbd' requested start, but it is already running (flags: 132, pid: 728, started 299ms ago)
[   10.202185] init: Control message: Processed ctl.start for 'adbd' from pid: 773 (/system/bin/usbd)
[   10.202288] servicemanager: Caller(pid=713,uid=1041,sid=u:r:audioserver:s0) Found android.hardware.audio.core.IModule/default in device VINTF manifest.
[   10.202620] servicemanager: Caller(pid=713,uid=1041,sid=u:r:audioserver:s0) Found android.hardware.audio.effect.IFactory/default in device VINTF manifest.
[   10.202837] servicemanager: Caller(pid=773,uid=0,sid=u:r:usbd:s0) Could not find android.hardware.usb.gadget.IUsbGadget/default in the VINTF manifest. No alternative instances declared in VINTF.
[   10.203840] init: Service 'usbd' (pid 773) exited with status 0 oneshot service took 0.053000 seconds in background
[   10.203931] init: Sending SIGKILL to service 'usbd' (pid 773) process group...
[   10.204137] libprocessgroup: Removed cgroup /sys/fs/cgroup/system/uid_0/pid_773
[   10.288183] servicemanager: Caller(pid=713,uid=1041,sid=u:r:audioserver:s0) Found android.hardware.audio.effect.IFactory/default in device VINTF manifest.
[   10.288859] servicemanager: Caller(pid=713,uid=1041,sid=u:r:audioserver:s0) Found android.hardware.audio.core.IModule/default in device VINTF manifest.
[   10.334926] servicemanager: Caller(pid=771,uid=0,sid=u:r:update_engine:s0) Found android.hardware.boot.IBootControl/default in device VINTF manifest.
[   10.345467] servicemanager: Caller(pid=768,uid=1001,sid=u:r:libcuttlefish_rild:s0) Found android.hardware.radio.ims.media.IImsMedia/default in device VINTF manifest.
[   10.347450] servicemanager: Caller(pid=768,uid=1001,sid=u:r:libcuttlefish_rild:s0) Found android.hardware.radio.config.IRadioConfig/default in device VINTF manifest.
[   10.348421] servicemanager: Caller(pid=768,uid=1001,sid=u:r:libcuttlefish_rild:s0) Found android.hardware.radio.data.IRadioData/slot1 in device VINTF manifest.
[   10.348759] servicemanager: Caller(pid=768,uid=1001,sid=u:r:libcuttlefish_rild:s0) Found android.hardware.radio.ims.IRadioIms/slot1 in device VINTF manifest.
[   10.352110] servicemanager: Caller(pid=768,uid=1001,sid=u:r:libcuttlefish_rild:s0) Found android.hardware.radio.messaging.IRadioMessaging/slot1 in device VINTF manifest.
[   10.353260] servicemanager: Caller(pid=768,uid=1001,sid=u:r:libcuttlefish_rild:s0) Found android.hardware.radio.modem.IRadioModem/slot1 in device VINTF manifest.
[   10.353780] servicemanager: Caller(pid=768,uid=1001,sid=u:r:libcuttlefish_rild:s0) Found android.hardware.radio.network.IRadioNetwork/slot1 in device VINTF manifest.
[   10.354991] servicemanager: Caller(pid=768,uid=1001,sid=u:r:libcuttlefish_rild:s0) Found android.hardware.radio.sim.IRadioSim/slot1 in device VINTF manifest.
[   10.355761] servicemanager: Caller(pid=768,uid=1001,sid=u:r:libcuttlefish_rild:s0) Found android.hardware.radio.voice.IRadioVoice/slot1 in device VINTF manifest.
[   10.356638] servicemanager: Caller(pid=768,uid=1001,sid=u:r:libcuttlefish_rild:s0) Found android.hardware.radio.sap.ISap/slot1 in device VINTF manifest.
[   10.458216] servicemanager: Caller(pid=753,uid=1047,sid=u:r:cameraserver:s0) Found android.frameworks.cameraservice.service.ICameraService/default in framework VINTF manifest.
[   10.459694] servicemanager: Caller(pid=753,uid=1047,sid=u:r:cameraserver:s0) Found android.frameworks.cameraservice.service.ICameraService/default in framework VINTF manifest.
[   10.485389] servicemanager: Caller(pid=713,uid=1041,sid=u:r:audioserver:s0) Found android.hardware.audio.effect.IFactory/default in device VINTF manifest.
[   10.486035] servicemanager: Caller(pid=713,uid=1041,sid=u:r:audioserver:s0) Found android.hardware.audio.core.IModule/default in device VINTF manifest.
[   10.489401] servicemanager: Caller(pid=713,uid=1041,sid=u:r:audioserver:s0) Found android.system.suspend.ISystemSuspend/default in framework VINTF manifest.
[   10.505396] servicemanager: Caller(pid=764,uid=1046,sid=u:r:mediaswcodec:s0) Found android.hardware.media.c2.IComponentStore/software in framework VINTF manifest.
[   10.506184] servicemanager: Caller(pid=764,uid=1046,sid=u:r:mediaswcodec:s0) Found android.hardware.media.c2.IComponentStore/software in framework VINTF manifest.
[   10.506681] servicemanager: Caller(pid=764,uid=1046,sid=u:r:mediaswcodec:s0) Could not find android.hardware.media.c2.IComponentStore/default in the VINTF manifest. No alternative instances declared in VINTF.
[   10.516679] servicemanager: Caller(pid=712,uid=1047,sid=u:r:hal_camera_default:s0) Found android.hardware.camera.provider.ICameraProvider/internal/0 in device VINTF manifest.
[   10.546379] servicemanager: Caller(pid=760,uid=1013,sid=u:r:mediaserver:s0) Since 'media.codeclist.generator' could not be found trying to start it as a lazy AIDL service. (if it's not configured to be a lazy service, it may be stuck starting or still starting).
[   10.548725] init: starting service 'media.codeclist.generator'...
[   10.550495] libprocessgroup: Created cgroup /sys/fs/cgroup/system/uid_1013/pid_811
[   10.551890] init: ... started service 'media.codeclist.generator' has pid 811
[   10.552049] init: Control message: Processed ctl.interface_start for 'aidl/media.codeclist.generator' from pid: 431 (/system/bin/servicemanager)
[   10.605658] servicemanager: Caller(pid=723,uid=1000,sid=u:r:surfaceflinger:s0) Found android.hardware.graphics.allocator.IAllocator/default in device VINTF manifest.
[   10.606421] servicemanager: Caller(pid=723,uid=1000,sid=u:r:surfaceflinger:s0) Found android.hardware.graphics.allocator.IAllocator/default in device VINTF manifest.
[   10.606651] servicemanager: Caller(pid=723,uid=1000,sid=u:r:surfaceflinger:s0) Found mapper/minigbm in device VINTF manifest.
[   10.620685] servicemanager: Notifying media.codeclist.generator they do (previously: don't) have clients when service is guaranteed to be in use
[   10.622324] libbinder.BpBinder: onLastStrongRef automatically unlinking death recipients for binder (0x7f3306811b40) with descriptor: '(not cached)'
[   10.622658] servicemanager: Caller(pid=713,uid=1041,sid=u:r:audioserver:s0) Found android.hardware.audio.effect.IFactory/default in device VINTF manifest.
[   10.622882] servicemanager: Caller(pid=713,uid=1041,sid=u:r:audioserver:s0) Found android.hardware.audio.core.IModule/default in device VINTF manifest.
[   10.624270] servicemanager: Caller(pid=713,uid=1041,sid=u:r:audioserver:s0) Since 'activity' could not be found trying to start it as a lazy AIDL service. (if it's not configured to be a lazy service, it may be stuck starting or still starting).
[   10.624661] init: Control message: Could not find 'aidl/activity' for ctl.interface_start from pid: 431 (/system/bin/servicemanager)
[   10.624866] servicemanager: Caller(pid=713,uid=1041,sid=u:r:audioserver:s0) Tried to start aidl service activity as a lazy service, but was unable to. Usually this happens when a service is not installed, but if the service is intended to be used as a lazy service, then it may be configured incorrectly.
[   10.650787] servicemanager: Caller(pid=811,uid=1013,sid=u:r:mediacodeclist_generator:s0) Found android.hardware.media.c2.IComponentStore/software in framework VINTF manifest.
[   10.671132] servicemanager: Caller(pid=723,uid=1000,sid=u:r:surfaceflinger:s0) Found android.hardware.graphics.composer3.IComposer/default in device VINTF manifest.
[   10.671764] servicemanager: Caller(pid=664,uid=1000,sid=u:r:hal_graphics_composer_default:s0) Found android.hardware.graphics.allocator.IAllocator/default in device VINTF manifest.
[   10.672544] servicemanager: Caller(pid=664,uid=1000,sid=u:r:hal_graphics_composer_default:s0) Found android.hardware.graphics.allocator.IAllocator/default in device VINTF manifest.
[   10.673342] servicemanager: Caller(pid=664,uid=1000,sid=u:r:hal_graphics_composer_default:s0) Found mapper/minigbm in device VINTF manifest.
[   10.683914] servicemanager: Caller(pid=764,uid=1046,sid=u:r:mediaswcodec:s0) Found android.hardware.graphics.allocator.IAllocator/default in device VINTF manifest.
[   10.684937] servicemanager: Caller(pid=764,uid=1046,sid=u:r:mediaswcodec:s0) Found android.hardware.graphics.allocator.IAllocator/default in device VINTF manifest.
[   10.685448] servicemanager: Caller(pid=764,uid=1046,sid=u:r:mediaswcodec:s0) Found mapper/minigbm in device VINTF manifest.
[   10.718770] VIRTUAL_DEVICE_DISPLAY_POWER_MODE_CHANGED display=0 mode=ON
[   10.765510] init: starting service 'bootanim'...
[   10.767244] libprocessgroup: Created cgroup /sys/fs/cgroup/system/uid_1003
[   10.767689] VIRTUAL_DEVICE_DISPLAY_POWER_MODE_CHANGED display=0 mode=ON
[   10.767990] libprocessgroup: Created cgroup /sys/fs/cgroup/system/uid_1003/pid_851
[   10.768837] init: ... started service 'bootanim' has pid 851
[   10.768902] init: Control message: Processed ctl.start for 'bootanim' from pid: 723 (/system/bin/surfaceflinger)
[   10.957357] servicemanager: Caller(pid=851,uid=1003,sid=u:r:bootanim:s0) Found android.hardware.graphics.allocator.IAllocator/default in device VINTF manifest.
[   10.958422] servicemanager: Caller(pid=851,uid=1003,sid=u:r:bootanim:s0) Found android.hardware.graphics.allocator.IAllocator/default in device VINTF manifest.
[   10.958721] servicemanager: Caller(pid=851,uid=1003,sid=u:r:bootanim:s0) Found mapper/minigbm in device VINTF manifest.
[   11.625568] servicemanager: Caller(pid=713,uid=1041,sid=u:r:audioserver:s0) Since 'activity' could not be found trying to start it as a lazy AIDL service. (if it's not configured to be a lazy service, it may be stuck starting or still starting).
[   11.628559] init: Control message: Could not find 'aidl/activity' for ctl.interface_start from pid: 431 (/system/bin/servicemanager)
[   11.628886] servicemanager: Caller(pid=713,uid=1041,sid=u:r:audioserver:s0) Tried to start aidl service activity as a lazy service, but was unable to. Usually this happens when a service is not installed, but if the service is intended to be used as a lazy service, then it may be configured incorrectly.
[   12.628630] servicemanager: Caller(pid=713,uid=1041,sid=u:r:audioserver:s0) Since 'activity' could not be found trying to start it as a lazy AIDL service. (if it's not configured to be a lazy service, it may be stuck starting or still starting).
[   12.629125] init: Control message: Could not find 'aidl/activity' for ctl.interface_start from pid: 431 (/system/bin/servicemanager)
[   12.629248] servicemanager: Caller(pid=713,uid=1041,sid=u:r:audioserver:s0) Tried to start aidl service activity as a lazy service, but was unable to. Usually this happens when a service is not installed, but if the service is intended to be used as a lazy service, then it may be configured incorrectly.
[   12.645632] servicemanager: Notifying apexservice they do (previously: don't) have clients when service is guaranteed to be in use
[   12.645788] libbinder.AidlLazyServiceRegistrar: Process has 1 (of 1 available) client(s) in use after notification apexservice has clients: 1
[   12.645856] libbinder.AidlLazyServiceRegistrar: Shutdown prevented by forcePersist override flag.
[   12.646050] apexd: getActivePackages received by ApexService
[   12.672902] servicemanager: Caller(pid=881,uid=1000,sid=u:r:system_server:s0) Found android.hardware.power.stats.IPowerStats/default in device VINTF manifest.
[   12.673633] servicemanager: Caller(pid=881,uid=1000,sid=u:r:system_server:s0) Found android.frameworks.stats.IStats/default in framework VINTF manifest.
[   12.673854] servicemanager: Caller(pid=881,uid=1000,sid=u:r:system_server:s0) Found android.hardware.memtrack.IMemtrack/default in device VINTF manifest.
[   12.719496] servicemanager: Caller(pid=881,uid=1000,sid=u:r:system_server:s0) Found android.system.suspend.ISystemSuspend/default in framework VINTF manifest.
[   12.720714] servicemanager: Caller(pid=881,uid=1000,sid=u:r:system_server:s0) Found android.hardware.power.IPower/default in device VINTF manifest.
[   12.725194] servicemanager: Caller(pid=881,uid=1000,sid=u:r:system_server:s0) Found android.hardware.light.ILights/default in device VINTF manifest.
[   12.768051] init: processing action (ro.postinstall.fstab.prefix=/system && sys.cppreopt=requested) from (/system/etc/init/cppreopts.rc:26)
[   12.768654] init: [libfs_mgr] Invalid ext4 superblock on '/dev/block/dm-2'
[   12.768759] init: [libfs_mgr] mount_with_alternatives(): skipping mount due to invalid magic, mountpoint=/postinstall blk_dev=/dev/block/dm-2 rec[0].fs_type=ext4
[   12.768921] erofs: (device dm-2): mounted with root inode @ nid 38.
[   12.769012] init: [libfs_mgr] __mount(source=/dev/block/dm-2,target=/postinstall,type=erofs)=0: Success
[   12.769161] init: [libfs_mgr] mount_with_alternatives(): Mounted /dev/block/dm-2 on /postinstall with fs_type=erofs instead of ext4
[   12.769234] init: [libfs_mgr] mount_with_alternatives(): skipping fstab dup mountpoint=/postinstall rec[2].fs_type=ext4 already mounted as erofs
[   12.769293] init: [libfs_mgr] mount_with_alternatives(): skipping fstab dup mountpoint=/postinstall rec[3].fs_type=erofs already mounted as erofs
[   12.769348] init: [libfs_mgr] mount_with_alternatives(): skipping fstab dup mountpoint=/postinstall rec[4].fs_type=ext4 already mounted as erofs
[   12.769404] init: [libfs_mgr] mount_with_alternatives(): skipping fstab dup mountpoint=/postinstall rec[5].fs_type=erofs already mounted as erofs
[   12.772482] init: Unable to set property 'ro.crypto.state' from uid:0 gid:0 pid:1: Read-only property was already set
[   12.774099] init: starting service 'cppreopts'...
[   12.775535] libprocessgroup: Created cgroup /sys/fs/cgroup/system/uid_0/pid_947
[   12.776272] init: ... started service 'cppreopts' has pid 947
[   12.776320] init: SVC_EXEC service 'cppreopts' pid 947 (uid 0 gid 0+0 context default) started; waiting...
[   12.812464] servicemanager: Notifying media.codeclist.generator they don't (previously: do) have clients when we now have no record of a client
[   12.813379] servicemanager: Caller(pid=811,uid=1013,sid=u:r:mediacodeclist_generator:s0) Unregistering media.codeclist.generator
[   12.813489] libbinder.BpBinder: onLastStrongRef automatically unlinking death recipients for binder (0x7f3306810b70) with descriptor: '(not cached)'
[   12.827512] init: Service 'media.codeclist.generator' (pid 811) exited with status 0 oneshot service took 2.277000 seconds in background
[   12.827623] init: Sending SIGKILL to service 'media.codeclist.generator' (pid 811) process group...
[   12.827796] libprocessgroup: Removed cgroup /sys/fs/cgroup/system/uid_1013/pid_811
[   13.629131] servicemanager: Caller(pid=713,uid=1041,sid=u:r:audioserver:s0) Since 'activity' could not be found trying to start it as a lazy AIDL service. (if it's not configured to be a lazy service, it may be stuck starting or still starting).
[   13.630149] init: Control message: Could not find 'aidl/activity' for ctl.interface_start from pid: 431 (/system/bin/servicemanager)
[   13.630320] servicemanager: Caller(pid=713,uid=1041,sid=u:r:audioserver:s0) Tried to start aidl service activity as a lazy service, but was unable to. Usually this happens when a service is not installed, but if the service is intended to be used as a lazy service, then it may be configured incorrectly.
[   14.641005] servicemanager: Caller(pid=713,uid=1041,sid=u:r:audioserver:s0) Since 'activity' could not be found trying to start it as a lazy AIDL service. (if it's not configured to be a lazy service, it may be stuck starting or still starting).
[   14.641709] init: Control message: Could not find 'aidl/activity' for ctl.interface_start from pid: 431 (/system/bin/servicemanager)
[   14.641903] servicemanager: Caller(pid=713,uid=1041,sid=u:r:audioserver:s0) Tried to start aidl service activity as a lazy service, but was unable to. Usually this happens when a service is not installed, but if the service is intended to be used as a lazy service, then it may be configured incorrectly.
[   15.290324] init: Service 'cppreopts' (pid 947) exited with status 0 waiting took 2.514000 seconds
[   15.290403] init: Sending SIGKILL to service 'cppreopts' (pid 947) process group...
[   15.290563] libprocessgroup: Removed cgroup /sys/fs/cgroup/system/uid_0/pid_947
[   15.291011] init: starting service 'exec 18 (/system/bin/preloads_copy.sh /postinstall)'...
[   15.292250] libprocessgroup: Created cgroup /sys/fs/cgroup/system/uid_1000/pid_2389
[   15.292902] init: ... started service 'exec 18 (/system/bin/preloads_copy.sh /postinstall)' has pid 2389
[   15.292991] init: SVC_EXEC service 'exec 18 (/system/bin/preloads_copy.sh /postinstall)' pid 2389 (uid 1000 gid 1000+0 context default) started; waiting...
[   15.320214] init: Service 'exec 18 (/system/bin/preloads_copy.sh /postinstall)' (pid 2389) exited with status 0 waiting took 0.028000 seconds
[   15.320313] init: Sending SIGKILL to service 'exec 18 (/system/bin/preloads_copy.sh /postinstall)' (pid 2389) process group...
[   15.320462] libprocessgroup: Removed cgroup /sys/fs/cgroup/system/uid_1000/pid_2389
[   15.329369] init: processing action (nonencrypted) from (/system/etc/init/hw/init.rc:1227)
[   15.329462] init: service 'zygote' requested start, but it is already running (flags: 4, pid: 633, started 6101ms ago)
[   15.329518] init: service 'cameraserver' requested start, but it is already running (flags: 4, pid: 753, started 5250ms ago)
[   15.329587] init: service 'drm' requested start, but it is already running (flags: 132, pid: 742, started 5292ms ago)
[   15.329638] init: service 'idmap2d' requested start, but it is already running (flags: 4, pid: 754, started 5248ms ago)
[   15.329689] init: service 'incidentd' requested start, but it is already running (flags: 4, pid: 755, started 5246ms ago)
[   15.329741] init: service 'installd' requested start, but it is already running (flags: 4, pid: 756, started 5241ms ago)
[   15.329795] init: service 'mediaextractor' requested start, but it is already running (flags: 4, pid: 757, started 5239ms ago)
[   15.329853] init: service 'mediametrics' requested start, but it is already running (flags: 4, pid: 758, started 5235ms ago)
[   15.329910] init: service 'media' requested start, but it is already running (flags: 4, pid: 760, started 5232ms ago)
[   15.329962] init: service 'netd' requested start, but it is already running (flags: 132, pid: 631, started 6106ms ago)
[   15.330038] init: service 'storaged' requested start, but it is already running (flags: 4, pid: 762, started 5224ms ago)
[   15.330107] init: service 'seriallogging' requested start, but it is already running (flags: 4, pid: 763, started 5223ms ago)
[   15.330175] init: service 'media.swcodec' requested start, but it is already running (flags: 4, pid: 764, started 5216ms ago)
[   15.330233] init: service 'statsd' requested start, but it is already running (flags: 4, pid: 632, started 6104ms ago)
[   15.330286] init: service 'vendor.ril-daemon' requested start, but it is already running (flags: 4, pid: 768, started 5197ms ago)
[   15.330353] init: service 'gatekeeperd' requested start, but it is already running (flags: 4, pid: 769, started 5191ms ago)
[   15.330411] init: service 'traced' requested start, but it is already running (flags: 132, pid: 751, started 5259ms ago)
[   15.330467] init: service 'traced_probes' requested start, but it is already running (flags: 132, pid: 745, started 5264ms ago)
[   15.330528] init: service 'update_engine' requested start, but it is already running (flags: 4, pid: 771, started 5185ms ago)
[   15.330585] init: service 'tombstone_transmit' requested start, but it is already running (flags: 4, pid: 774, started 5174ms ago)
[   15.412853] apexd: getAllPackages received by ApexService
[   15.642592] servicemanager: Caller(pid=713,uid=1041,sid=u:r:audioserver:s0) Since 'activity' could not be found trying to start it as a lazy AIDL service. (if it's not configured to be a lazy service, it may be stuck starting or still starting).
[   15.643128] init: Control message: Could not find 'aidl/activity' for ctl.interface_start from pid: 431 (/system/bin/servicemanager)
[   15.643460] servicemanager: Caller(pid=713,uid=1041,sid=u:r:audioserver:s0) Tried to start aidl service activity as a lazy service, but was unable to. Usually this happens when a service is not installed, but if the service is intended to be used as a lazy service, then it may be configured incorrectly.
[   16.421829] libbinder.BpBinder: onLastStrongRef automatically unlinking death recipients for binder (0x7f3306811b40) with descriptor: '(not cached)'
[   16.423034] servicemanager: Caller(pid=713,uid=1041,sid=u:r:audioserver:s0) Since 'sensor_privacy' could not be found trying to start it as a lazy AIDL service. (if it's not configured to be a lazy service, it may be stuck starting or still starting).
[   16.423588] init: Control message: Could not find 'aidl/sensor_privacy' for ctl.interface_start from pid: 431 (/system/bin/servicemanager)
[   16.423849] servicemanager: Caller(pid=713,uid=1041,sid=u:r:audioserver:s0) Tried to start aidl service sensor_privacy as a lazy service, but was unable to. Usually this happens when a service is not installed, but if the service is intended to be used as a lazy service, then it may be configured incorrectly.
[   16.498158] libbinder.BpBinder: onLastStrongRef automatically unlinking death recipients for binder (0x7f3306815df0) with descriptor: '(not cached)'
[   16.499339] servicemanager: Caller(pid=881,uid=1000,sid=u:r:system_server:s0) Found android.hardware.sensors.ISensors/default in device VINTF manifest.
[   16.501602] servicemanager: Caller(pid=881,uid=1000,sid=u:r:system_server:s0) Found android.hardware.health.IHealth/default in device VINTF manifest.
[   16.502821] healthd: battery none chg=
[   16.631205] servicemanager: Caller(pid=881,uid=1000,sid=u:r:system_server:s0) Found android.hardware.power.IPower/default in device VINTF manifest.
[   16.636538] servicemanager: Caller(pid=881,uid=1000,sid=u:r:system_server:s0) Found android.hardware.vibrator.IVibratorManager/default in device VINTF manifest.
[   16.637013] servicemanager: Caller(pid=881,uid=1000,sid=u:r:system_server:s0) Found android.hardware.vibrator.IVibratorManager/default in device VINTF manifest.
[   16.638094] servicemanager: Caller(pid=881,uid=1000,sid=u:r:system_server:s0) Found android.hardware.vibrator.IVibratorManager/default in device VINTF manifest.
[   16.642219] servicemanager: Caller(pid=881,uid=1000,sid=u:r:system_server:s0) Found android.frameworks.vibrator.IVibratorControlService/default in framework VINTF manifest.
[   16.642472] servicemanager: Caller(pid=881,uid=1000,sid=u:r:system_server:s0) Found android.frameworks.vibrator.IVibratorControlService/default in framework VINTF manifest.
[   16.643105] servicemanager: Caller(pid=881,uid=1000,sid=u:r:system_server:s0) Found android.hardware.ir.IConsumerIr/default in device VINTF manifest.
[   16.662382] servicemanager: Caller(pid=881,uid=1000,sid=u:r:system_server:s0) Found android.frameworks.devicestate.IDeviceStateService/default in framework VINTF manifest.
[   16.662625] servicemanager: Caller(pid=881,uid=1000,sid=u:r:system_server:s0) Found android.frameworks.devicestate.IDeviceStateService/default in framework VINTF manifest.
[   16.687557] servicemanager: Caller(pid=881,uid=1000,sid=u:r:system_server:s0) Found android.frameworks.sensorservice.ISensorManager/default in framework VINTF manifest.
[   16.726375] init: processing action (sys.sysctl.extra_free_kbytes=*) from (/system/etc/init/hw/init.rc:1246)
[   16.728699] init: starting service 'exec 19 (/system/bin/extra_free_kbytes.sh 10800)'...
[   16.731290] libprocessgroup: Created cgroup /sys/fs/cgroup/system/uid_0/pid_2448
[   16.734355] init: ... started service 'exec 19 (/system/bin/extra_free_kbytes.sh 10800)' has pid 2448
[   16.749543] servicemanager: Caller(pid=881,uid=1000,sid=u:r:system_server:s0) Since 'artd' could not be found trying to start it as a lazy AIDL service. (if it's not configured to be a lazy service, it may be stuck starting or still starting).
[   16.752433] init: starting service 'artd'...
[   16.754638] libprocessgroup: Created cgroup /sys/fs/cgroup/system/uid_1082
[   16.755458] libprocessgroup: Created cgroup /sys/fs/cgroup/system/uid_1082/pid_2458
[   16.756517] init: ... started service 'artd' has pid 2458
[   16.756598] init: Control message: Processed ctl.interface_start for 'aidl/artd' from pid: 431 (/system/bin/servicemanager)
[   16.778281] servicemanager: Notifying artd they do (previously: don't) have clients when service is guaranteed to be in use
[   16.778483] libbinder.BpBinder: onLastStrongRef automatically unlinking death recipients for binder (0x7f3306819650) with descriptor: '(not cached)'
[   16.848047] init: Service 'exec 19 (/system/bin/extra_free_kbytes.sh 10800)' (pid 2448) exited with status 0 oneshot service took 0.116000 seconds in background
[   16.848167] init: Sending SIGKILL to service 'exec 19 (/system/bin/extra_free_kbytes.sh 10800)' (pid 2448) process group...
[   16.849803] libprocessgroup: Removed cgroup /sys/fs/cgroup/system/uid_0/pid_2448
[   17.819744] servicemanager: Notifying apexservice they don't (previously: do) have clients when we now have no record of a client
[   17.819954] libbinder.AidlLazyServiceRegistrar: Process has 0 (of 1 available) client(s) in use after notification apexservice has clients: 0
[   17.820027] libbinder.AidlLazyServiceRegistrar: Shutdown prevented by forcePersist override flag.
[   19.338261] servicemanager: Caller(pid=441,uid=0,sid=u:r:vold:s0) Found android.system.suspend.ISystemSuspend/default in framework VINTF manifest.
[   19.392089] servicemanager: Caller(pid=881,uid=1000,sid=u:r:system_server:s0) Found android.hardware.oemlock.IOemLock/default in device VINTF manifest.
[   19.392581] servicemanager: Caller(pid=881,uid=1000,sid=u:r:system_server:s0) Found android.hardware.oemlock.IOemLock/default in device VINTF manifest.
[   20.404049] servicemanager: Caller(pid=881,uid=1000,sid=u:r:system_server:s0) Found android.hardware.wifi.IWifi/default in device VINTF manifest.
[   20.405647] servicemanager: Caller(pid=881,uid=1000,sid=u:r:system_server:s0) Found android.hardware.wifi.supplicant.ISupplicant/default in device VINTF manifest.
[   20.407695] servicemanager: Caller(pid=881,uid=1000,sid=u:r:system_server:s0) Found android.hardware.wifi.supplicant.ISupplicant/default in device VINTF manifest.
[   20.727338] servicemanager: Caller(pid=881,uid=1000,sid=u:r:system_server:s0) Found android.frameworks.location.altitude.IAltitudeService/default in framework VINTF manifest.
[   20.775216] servicemanager: Caller(pid=881,uid=1000,sid=u:r:system_server:s0) Could not find android.hardware.soundtrigger3.ISoundTriggerHw/default in the VINTF manifest. No alternative instances declared in VINTF.
[   20.790601] servicemanager: Caller(pid=881,uid=1000,sid=u:r:system_server:s0) Found android.hardware.thermal.IThermal/default in device VINTF manifest.
[   20.793649] servicemanager: Caller(pid=881,uid=1000,sid=u:r:system_server:s0) Could not find android.hardware.usb.gadget.IUsbGadget/default in the VINTF manifest. No alternative instances declared in VINTF.
[   20.810178] servicemanager: Caller(pid=881,uid=1000,sid=u:r:system_server:s0) Found android.hardware.contexthub.IContextHub/default in device VINTF manifest.
[   20.818619] servicemanager: Caller(pid=881,uid=1000,sid=u:r:system_server:s0) Found android.hardware.usb.IUsb/default in device VINTF manifest.
[   20.872847] servicemanager: Caller(pid=881,uid=1000,sid=u:r:system_server:s0) Found android.hardware.biometrics.fingerprint.IFingerprint/default in device VINTF manifest.
[   20.874351] servicemanager: Caller(pid=881,uid=1000,sid=u:r:system_server:s0) Since 'android.hardware.biometrics.fingerprint.IFingerprint/default' could not be found trying to start it as a lazy AIDL service. (if it's not configured to be a lazy service, it may be stuck starting or still starting).
[   20.876643] servicemanager: Caller(pid=881,uid=1000,sid=u:r:system_server:s0) Found android.hardware.biometrics.face.IFace/default in device VINTF manifest.
[   20.877712] init: starting service 'vendor.fingerprint-default'...
[   20.880447] servicemanager: Caller(pid=881,uid=1000,sid=u:r:system_server:s0) Since 'android.hardware.biometrics.face.IFace/default' could not be found trying to start it as a lazy AIDL service. (if it's not configured to be a lazy service, it may be stuck starting or still starting).
[   20.880874] libprocessgroup: Created cgroup /sys/fs/cgroup/system/uid_9999/pid_2694
[   20.882839] init: ... started service 'vendor.fingerprint-default' has pid 2694
[   20.883201] init: Control message: Processed ctl.interface_start for 'aidl/android.hardware.biometrics.fingerprint.IFingerprint/default' from pid: 431 (/system/bin/servicemanager)
[   20.883942] init: starting service 'vendor.face-default'...
[   20.885393] libprocessgroup: Created cgroup /sys/fs/cgroup/system/uid_9999/pid_2696
[   20.887414] init: ... started service 'vendor.face-default' has pid 2696
[   20.887600] init: Control message: Processed ctl.interface_start for 'aidl/android.hardware.biometrics.face.IFace/default' from pid: 431 (/system/bin/servicemanager)
[   20.904397] servicemanager: Caller(pid=2694,uid=9999,sid=u:r:hal_fingerprint_default:s0) Found android.hardware.biometrics.fingerprint.IFingerprint/default in device VINTF manifest.
[   20.904855] servicemanager: Notifying android.hardware.biometrics.fingerprint.IFingerprint/default they do (previously: don't) have clients when service is guaranteed to be in use
[   20.908296] libbinder.BpBinder: onLastStrongRef automatically unlinking death recipients for binder (0x7f3306821630) with descriptor: '(not cached)'
[   20.915113] servicemanager: Caller(pid=2696,uid=9999,sid=u:r:hal_face_default:s0) Found android.hardware.biometrics.face.IFace/default in device VINTF manifest.
[   20.915836] libbinder.BpBinder: onLastStrongRef automatically unlinking death recipients for binder (0x7f3306820df0) with descriptor: '(not cached)'
[   20.916563] servicemanager: Notifying android.hardware.biometrics.face.IFace/default they do (previously: don't) have clients when service is guaranteed to be in use
[   20.916948] servicemanager: Caller(pid=881,uid=1000,sid=u:r:system_server:s0) Found android.hardware.biometrics.fingerprint.IFingerprint/default in device VINTF manifest.
[   20.924393] servicemanager: Caller(pid=881,uid=1000,sid=u:r:system_server:s0) Found android.hardware.biometrics.face.IFace/default in device VINTF manifest.
[   20.973011] servicemanager: Caller(pid=881,uid=1000,sid=u:r:system_server:s0) Found android.hardware.authsecret.IAuthSecret/default in device VINTF manifest.
[   21.479440] servicemanager: Caller(pid=881,uid=1000,sid=u:r:system_server:s0) Found android.hardware.wifi.IWifi/default in device VINTF manifest.
[   21.633745] servicemanager: Caller(pid=881,uid=1000,sid=u:r:system_server:s0) Since 'ot_daemon' could not be found trying to start it as a lazy AIDL service. (if it's not configured to be a lazy service, it may be stuck starting or still starting).
[   21.634264] init: starting service 'ot-daemon'...
[   21.634537] init: Created socket '/dev/socket/ot-daemon/thread-wpan.sock', mode 660, user 1084, group 1084
[   21.635852] libprocessgroup: Created cgroup /sys/fs/cgroup/system/uid_1084/pid_2722
[   21.636826] init: ... started service 'ot-daemon' has pid 2722
[   21.636884] servicemanager: Caller(pid=881,uid=1000,sid=u:r:system_server:s0) Found android.hardware.health.IHealth/default in device VINTF manifest.
[   21.636914] init: Control message: Processed ctl.interface_start for 'aidl/ot_daemon' from pid: 431 (/system/bin/servicemanager)
[   21.746169] servicemanager: Notifying apexservice they do (previously: don't) have clients when service is guaranteed to be in use
[   21.750609] libbinder.AidlLazyServiceRegistrar: Process has 1 (of 1 available) client(s) in use after notification apexservice has clients: 1
[   21.750756] libbinder.AidlLazyServiceRegistrar: Shutdown prevented by forcePersist override flag.
[   21.751061] apexd: getSessions() received by ApexService
[   22.635729] servicemanager: Caller(pid=881,uid=1000,sid=u:r:system_server:s0) Since 'ot_daemon' could not be found trying to start it as a lazy AIDL service. (if it's not configured to be a lazy service, it may be stuck starting or still starting).
[   22.636335] init: service 'ot-daemon' requested start, but it is already running (flags: 134, pid: 2722, started 1000ms ago)
[   22.636399] init: Control message: Processed ctl.interface_start for 'aidl/ot_daemon' from pid: 431 (/system/bin/servicemanager)
[   22.812498] servicemanager: Notifying apexservice they don't (previously: do) have clients when we now have no record of a client
[   22.845132] libbinder.AidlLazyServiceRegistrar: Process has 0 (of 1 available) client(s) in use after notification apexservice has clients: 0
[   22.845256] libbinder.AidlLazyServiceRegistrar: Shutdown prevented by forcePersist override flag.
[   22.949130] servicemanager: Caller(pid=881,uid=1000,sid=u:r:system_server:s0) Found android.hardware.bluetooth.lmp_event.IBluetoothLmpEvent/default in device VINTF manifest.
[   22.981892] servicemanager: Notifying ot_daemon they do (previously: don't) have clients when service is guaranteed to be in use
[   22.982565] libbinder.BpBinder: onLastStrongRef automatically unlinking death recipients for binder (0x7f3306825410) with descriptor: '(not cached)'
[   23.025381] servicemanager: Caller(pid=881,uid=1000,sid=u:r:system_server:s0) Found android.hardware.thermal.IThermal/default in device VINTF manifest.
[   23.033099] servicemanager: Caller(pid=881,uid=1000,sid=u:r:system_server:s0) Found android.hardware.input.processor.IInputProcessor/default in device VINTF manifest.
[   23.095765] type=1325 audit(1790635561.959:189): table=filter family=2 entries=81 op=xt_replace subj=u:r:netd:s0 comm="iptables-restor"
[   23.095903] type=1300 audit(1790635561.959:189): arch=c000003e syscall=54 success=yes exit=0 a0=4 a1=0 a2=40 a3=7256b2e1a430 items=0 ppid=631 auid=4294967295 uid=0 gid=0 euid=0 suid=0 fsuid=0 egid=0 sgid=0 fsgid=0 tty=(none) ses=4294967295 comm="iptables-restor" exe="/system/bin/iptables" subj=u:r:netd:s0 key=(null)
[   23.096061] type=1327 audit(1790635561.959:189): proctitle=2F73797374656D2F62696E2F69707461626C65732D726573746F7265002D2D6E6F666C757368002D77002D76
[   23.096128] type=1320 audit(1790635561.959:189): 
[   23.096231] type=1325 audit(1790635561.963:190): table=filter family=10 entries=81 op=xt_replace subj=u:r:netd:s0 comm="ip6tables-resto"
[   23.097214] type=1300 audit(1790635561.963:190): arch=c000003e syscall=54 success=yes exit=0 a0=4 a1=29 a2=40 a3=7fda18a17630 items=0 ppid=631 auid=4294967295 uid=0 gid=0 euid=0 suid=0 fsuid=0 egid=0 sgid=0 fsgid=0 tty=(none) ses=4294967295 comm="ip6tables-resto" exe="/system/bin/iptables" subj=u:r:netd:s0 key=(null)
[   23.097357] type=1327 audit(1790635561.963:190): proctitle=2F73797374656D2F62696E2F6970367461626C65732D726573746F7265002D2D6E6F666C757368002D77002D76
[   23.097433] type=1320 audit(1790635561.963:190): 
[   23.170295] servicemanager: Caller(pid=881,uid=1000,sid=u:r:system_server:s0) Found android.hardware.media.c2.IComponentStore/software in framework VINTF manifest.
[   23.199040] servicemanager: Caller(pid=881,uid=1000,sid=u:r:system_server:s0) Found android.hardware.gnss.IGnss/default in device VINTF manifest.
[   23.433367] servicemanager: Caller(pid=881,uid=1000,sid=u:r:system_server:s0) Could not find android.hardware.weaver.IWeaver/default in the VINTF manifest. No alternative instances declared in VINTF.
[   23.563956] android.hardware.gatekeeper-service.nonsecure: deleteAllUsers is unimplemented
[   23.571566] servicemanager: Caller(pid=2886,uid=1068,sid=u:r:secure_element:s0:c44,c260,c512,c768) Found android.hardware.secure_element.ISecureElement/eSE1 in device VINTF manifest.
[   23.576334] servicemanager: Caller(pid=2886,uid=1068,sid=u:r:secure_element:s0:c44,c260,c512,c768) Could not find android.hardware.secure_element.ISecureElement/eSE2 in the VINTF manifest. VINTF declared instances: eSE1.
[   23.577194] servicemanager: Caller(pid=2886,uid=1068,sid=u:r:secure_element:s0:c44,c260,c512,c768) Could not find android.hardware.secure_element.ISecureElement/SIM1 in the VINTF manifest. VINTF declared instances: eSE1.
[   23.593510] servicemanager: Caller(pid=2914,uid=10085,sid=u:r:platform_app:s0:c512,c768) Found android.hardware.graphics.allocator.IAllocator/default in device VINTF manifest.
[   23.594501] servicemanager: Caller(pid=2914,uid=10085,sid=u:r:platform_app:s0:c512,c768) Found android.hardware.graphics.allocator.IAllocator/default in device VINTF manifest.
[   23.594800] servicemanager: Caller(pid=2914,uid=10085,sid=u:r:platform_app:s0:c512,c768) Found mapper/minigbm in device VINTF manifest.
[   23.678418] servicemanager: Caller(pid=881,uid=1000,sid=u:r:system_server:s0) Found android.hardware.input.processor.IInputProcessor/default in device VINTF manifest.
[   23.778206] servicemanager: Caller(pid=2879,uid=1027,sid=u:r:nfc:s0) Found android.system.suspend.ISystemSuspend/default in framework VINTF manifest.
[   23.826581] servicemanager: Caller(pid=2961,uid=1000,sid=u:r:system_app:s0) Found android.hardware.graphics.allocator.IAllocator/default in device VINTF manifest.
[   23.827108] servicemanager: Caller(pid=2961,uid=1000,sid=u:r:system_app:s0) Found android.hardware.graphics.allocator.IAllocator/default in device VINTF manifest.
[   23.827333] servicemanager: Caller(pid=2961,uid=1000,sid=u:r:system_app:s0) Found mapper/minigbm in device VINTF manifest.
[   23.905659] servicemanager: Caller(pid=2876,uid=1002,sid=u:r:bluetooth:s0) Found android.hardware.bluetooth.IBluetoothHci/default in device VINTF manifest.
[   23.914332] servicemanager: Caller(pid=2876,uid=1002,sid=u:r:bluetooth:s0) Found android.hardware.bluetooth.ranging.IBluetoothChannelSounding/default in device VINTF manifest.
[   23.956465] servicemanager: Caller(pid=2876,uid=1002,sid=u:r:bluetooth:s0) Found android.hardware.bluetooth.socket.IBluetoothSocket/lpp in device VINTF manifest.
[   23.957250] servicemanager: Caller(pid=2876,uid=1002,sid=u:r:bluetooth:s0) Found android.hardware.bluetooth.gatt.IBluetoothGatt/default in device VINTF manifest.
[   23.990308] servicemanager: Caller(pid=2746,uid=10088,sid=u:r:platform_app:s0:c512,c768) Found android.hardware.graphics.allocator.IAllocator/default in device VINTF manifest.
[   23.990965] servicemanager: Caller(pid=2746,uid=10088,sid=u:r:platform_app:s0:c512,c768) Found android.hardware.graphics.allocator.IAllocator/default in device VINTF manifest.
[   23.991172] servicemanager: Caller(pid=2746,uid=10088,sid=u:r:platform_app:s0:c512,c768) Found mapper/minigbm in device VINTF manifest.
[   24.038839] servicemanager: Caller(pid=2876,uid=1002,sid=u:r:bluetooth:s0) Found android.hardware.bluetooth.audio.IBluetoothAudioProviderFactory/default in device VINTF manifest.
[   24.039875] servicemanager: Caller(pid=2876,uid=1002,sid=u:r:bluetooth:s0) Found android.hardware.bluetooth.audio.IBluetoothAudioProviderFactory/default in device VINTF manifest.
[   24.041573] servicemanager: Caller(pid=2876,uid=1002,sid=u:r:bluetooth:s0) Found android.hardware.bluetooth.audio.IBluetoothAudioProviderFactory/default in device VINTF manifest.
[   24.047381] servicemanager: Caller(pid=2876,uid=1002,sid=u:r:bluetooth:s0) Found android.hardware.bluetooth.audio.IBluetoothAudioProviderFactory/default in device VINTF manifest.
[   24.047597] servicemanager: Caller(pid=2876,uid=1002,sid=u:r:bluetooth:s0) Found android.hardware.bluetooth.audio.IBluetoothAudioProviderFactory/default in device VINTF manifest.
[   24.050065] servicemanager: Caller(pid=2876,uid=1002,sid=u:r:bluetooth:s0) Found android.hardware.bluetooth.audio.IBluetoothAudioProviderFactory/default in device VINTF manifest.
[   24.089626] servicemanager: Caller(pid=2876,uid=1002,sid=u:r:bluetooth:s0) Found android.hardware.bluetooth.audio.IBluetoothAudioProviderFactory/default in device VINTF manifest.
[   24.089998] servicemanager: Caller(pid=2876,uid=1002,sid=u:r:bluetooth:s0) Found android.hardware.bluetooth.audio.IBluetoothAudioProviderFactory/default in device VINTF manifest.
[   24.143224] servicemanager: Caller(pid=2897,uid=1001,sid=u:r:radio:s0) Found android.hardware.radio.data.IRadioData/slot1 in device VINTF manifest.
[   24.147939] servicemanager: Caller(pid=2897,uid=1001,sid=u:r:radio:s0) Found android.hardware.radio.data.IRadioData/slot1 in device VINTF manifest.
[   24.148577] servicemanager: Caller(pid=2897,uid=1001,sid=u:r:radio:s0) Found android.hardware.radio.messaging.IRadioMessaging/slot1 in device VINTF manifest.
[   24.149039] servicemanager: Caller(pid=2897,uid=1001,sid=u:r:radio:s0) Found android.hardware.radio.modem.IRadioModem/slot1 in device VINTF manifest.
[   24.149311] servicemanager: Caller(pid=2897,uid=1001,sid=u:r:radio:s0) Found android.hardware.radio.network.IRadioNetwork/slot1 in device VINTF manifest.
[   24.149750] servicemanager: Caller(pid=2897,uid=1001,sid=u:r:radio:s0) Found android.hardware.radio.sim.IRadioSim/slot1 in device VINTF manifest.
[   24.150375] servicemanager: Caller(pid=2897,uid=1001,sid=u:r:radio:s0) Found android.hardware.radio.voice.IRadioVoice/slot1 in device VINTF manifest.
[   24.150598] servicemanager: Caller(pid=2897,uid=1001,sid=u:r:radio:s0) Found android.hardware.radio.ims.IRadioIms/slot1 in device VINTF manifest.
[   24.152715] servicemanager: Caller(pid=2897,uid=1001,sid=u:r:radio:s0) Found android.hardware.radio.voice.IRadioVoice/slot1 in device VINTF manifest.
[   24.152936] servicemanager: Caller(pid=2897,uid=1001,sid=u:r:radio:s0) Found android.hardware.radio.data.IRadioData/slot1 in device VINTF manifest.
[   24.153449] servicemanager: Caller(pid=2897,uid=1001,sid=u:r:radio:s0) Found android.hardware.radio.messaging.IRadioMessaging/slot1 in device VINTF manifest.
[   24.153633] servicemanager: Caller(pid=2897,uid=1001,sid=u:r:radio:s0) Found android.hardware.radio.ims.IRadioIms/slot1 in device VINTF manifest.
[   24.154354] servicemanager: Caller(pid=2897,uid=1001,sid=u:r:radio:s0) Found android.hardware.radio.data.IRadioData/slot1 in device VINTF manifest.
[   24.154673] servicemanager: Caller(pid=2897,uid=1001,sid=u:r:radio:s0) Found android.hardware.radio.data.IRadioData/slot1 in device VINTF manifest.
[   24.156337] servicemanager: Caller(pid=2897,uid=1001,sid=u:r:radio:s0) Found android.hardware.radio.messaging.IRadioMessaging/slot1 in device VINTF manifest.
[   24.156547] servicemanager: Caller(pid=2897,uid=1001,sid=u:r:radio:s0) Found android.hardware.radio.messaging.IRadioMessaging/slot1 in device VINTF manifest.
[   24.157272] servicemanager: Caller(pid=2897,uid=1001,sid=u:r:radio:s0) Found android.hardware.radio.modem.IRadioModem/slot1 in device VINTF manifest.
[   24.157481] servicemanager: Caller(pid=2897,uid=1001,sid=u:r:radio:s0) Found android.hardware.radio.modem.IRadioModem/slot1 in device VINTF manifest.
[   24.158182] servicemanager: Caller(pid=2897,uid=1001,sid=u:r:radio:s0) Found android.hardware.radio.network.IRadioNetwork/slot1 in device VINTF manifest.
[   24.158408] servicemanager: Caller(pid=2897,uid=1001,sid=u:r:radio:s0) Found android.hardware.radio.network.IRadioNetwork/slot1 in device VINTF manifest.
[   24.159026] servicemanager: Caller(pid=2897,uid=1001,sid=u:r:radio:s0) Found android.hardware.radio.sim.IRadioSim/slot1 in device VINTF manifest.
[   24.159346] servicemanager: Caller(pid=2897,uid=1001,sid=u:r:radio:s0) Found android.hardware.radio.sim.IRadioSim/slot1 in device VINTF manifest.
[   24.160571] servicemanager: Caller(pid=2897,uid=1001,sid=u:r:radio:s0) Found android.hardware.radio.voice.IRadioVoice/slot1 in device VINTF manifest.
[   24.160868] servicemanager: Caller(pid=2897,uid=1001,sid=u:r:radio:s0) Found android.hardware.radio.voice.IRadioVoice/slot1 in device VINTF manifest.
[   24.161818] servicemanager: Caller(pid=2897,uid=1001,sid=u:r:radio:s0) Found android.hardware.radio.ims.IRadioIms/slot1 in device VINTF manifest.
[   24.162785] servicemanager: Caller(pid=2897,uid=1001,sid=u:r:radio:s0) Found android.hardware.radio.ims.IRadioIms/slot1 in device VINTF manifest.
[   24.162973] servicemanager: Caller(pid=2897,uid=1001,sid=u:r:radio:s0) Found android.hardware.radio.ims.IRadioIms/slot1 in device VINTF manifest.
[   24.166781] servicemanager: Caller(pid=2897,uid=1001,sid=u:r:radio:s0) Found android.hardware.radio.config.IRadioConfig/default in device VINTF manifest.
[   24.216485] servicemanager: Caller(pid=2876,uid=1002,sid=u:r:bluetooth:s0) Found android.hardware.bluetooth.audio.IBluetoothAudioProviderFactory/default in device VINTF manifest.
[   24.343808] servicemanager: Caller(pid=3102,uid=10084,sid=u:r:priv_app:s0:c512,c768) Found android.hardware.graphics.allocator.IAllocator/default in device VINTF manifest.
[   24.344545] servicemanager: Caller(pid=3102,uid=10084,sid=u:r:priv_app:s0:c512,c768) Found android.hardware.graphics.allocator.IAllocator/default in device VINTF manifest.
[   24.345024] servicemanager: Caller(pid=3102,uid=10084,sid=u:r:priv_app:s0:c512,c768) Found mapper/minigbm in device VINTF manifest.
[   24.576272] servicemanager: Caller(pid=2746,uid=10088,sid=u:r:platform_app:s0:c512,c768) Found android.hardware.media.c2.IComponentStore/software in framework VINTF manifest.
[   25.111607] init: Service 'bootanim' (pid 851) exited with status 0 oneshot service took 14.344000 seconds in background
[   25.111739] init: Sending SIGKILL to service 'bootanim' (pid 851) process group...
[   25.111996] libprocessgroup: Removed cgroup /sys/fs/cgroup/system/uid_1003/pid_851
[   25.163708] servicemanager: Caller(pid=441,uid=0,sid=u:r:vold:s0) Found android.hardware.boot.IBootControl/default in device VINTF manifest.
[   25.543893] F2FS-fs (dm-17): Preserve previous reserve_root=32768
[   25.544089] F2FS-fs (dm-17): f2fs_enable_checkpoint() starts, meta: 7, node: 1875, data: 1981
[   25.815654] F2FS-fs (dm-17): sync_inode_sb done, dirty_data: 0, 1981, skipped write: 0, 0, retry: 3
[   25.833345] servicemanager: Caller(pid=723,uid=1000,sid=u:r:surfaceflinger:s0) Found android.hardware.power.IPower/default in device VINTF manifest.
[   26.554051] F2FS-fs (dm-17): f2fs_enable_checkpoint() finishes, writeback:271, sync:738
[   26.555306] init: processing action (vold.checkpoint_committed=1) from (/system/etc/init/hw/init.rc:1086)
[   27.726099] servicemanager: Notifying apexservice they do (previously: don't) have clients when service is guaranteed to be in use
[   27.726261] libbinder.AidlLazyServiceRegistrar: Process has 1 (of 1 available) client(s) in use after notification apexservice has clients: 1
[   27.726315] libbinder.AidlLazyServiceRegistrar: Shutdown prevented by forcePersist override flag.
[   27.726628] apexd: markBootCompleted() received by ApexService
[   27.762165] init: processing action (sys.boot_completed=1) from (/system/etc/init/hw/init.rc:1237)
[   27.762428] init: starting service 'mdnsd'...
[   27.762614] init: Created socket '/dev/socket/mdnsd', mode 660, user 1020, group 3003
[   27.764753] libprocessgroup: Created cgroup /sys/fs/cgroup/system/uid_1020
[   27.765873] libprocessgroup: Created cgroup /sys/fs/cgroup/system/uid_1020/pid_3322
[   27.808843] init: ... started service 'mdnsd' has pid 3322
[   27.808919] init: Control message: Processed ctl.start for 'mdnsd' from pid: 728 (/apex/com.android.adbd/bin/adbd --root_seclabel=u:r:su:s0 --tim_seclabel=u:r:adbd_tradeinmode:s0)
[   27.809118] init: starting service 'exec 20 (/bin/rm -rf /data/per_boot)'...
[   27.809962] libprocessgroup: Created cgroup /sys/fs/cgroup/system/uid_1000/pid_3337
[   27.812278] init: ... started service 'exec 20 (/bin/rm -rf /data/per_boot)' has pid 3337
[   27.812356] init: SVC_EXEC service 'exec 20 (/bin/rm -rf /data/per_boot)' pid 3337 (uid 1000 gid 1000+0 context default) started; waiting...
[   27.829159] init: Service 'exec 20 (/bin/rm -rf /data/per_boot)' (pid 3337) exited with status 0 waiting took 0.019000 seconds
[   27.829241] init: Sending SIGKILL to service 'exec 20 (/bin/rm -rf /data/per_boot)' (pid 3337) process group...
[   27.829396] libprocessgroup: Removed cgroup /sys/fs/cgroup/system/uid_1000/pid_3337
[   27.829715] init: Encryption policy of /data/per_boot set to 1e3a8637028506cfe77d387ee84c9dad v2 modes 1/10 flags 0xa
[   27.829776] init: processing action (sys.boot_completed=1) from (/system/etc/init/atrace.rc:558)
[   27.829862] init: processing action (sys.boot_completed=1 && sys.bootstat.first_boot_completed=0) from (/system/etc/init/bootstat.rc:67)
[   27.830008] init: starting service 'exec 21 (/system/bin/bootstat --record_boot_complete --record_boot_reason --record_time_since_factory_reset -l)'...
[   27.830812] libprocessgroup: Created cgroup /sys/fs/cgroup/system/uid_1000/pid_3348
[   27.831596] init: ... started service 'exec 21 (/system/bin/bootstat --record_boot_complete --record_boot_reason --record_time_since_factory_reset -l)' has pid 3348
[   27.832293] init: processing action (sys.boot_completed=1) from (/system/etc/init/dmesgd.rc:4)
[   27.832480] init: processing action (sys.boot_completed=1) from (/system/etc/init/flags_health_check.rc:7)
[   27.864655] init: processing action (persist.dbg.keep_debugfs_mounted= && ro.product.debugfs_restrictions.enabled=true && sys.boot_completed=1) from (/system/etc/init/init-debug.rc:15)
[   27.865756] init: processing action (sys.boot_completed=1) from (/system/etc/init/lmkd.rc:13)
[   27.865938] init: starting service 'exec 22 (/system/bin/lmkd --boot_completed)'...
[   27.866836] libprocessgroup: Created cgroup /sys/fs/cgroup/system/uid_0/pid_3371
[   27.867459] init: ... started service 'exec 22 (/system/bin/lmkd --boot_completed)' has pid 3371
[   27.867553] init: processing action (sys.boot_completed=1) from (/system/etc/init/logd.rc:34)
[   27.867718] init: starting service 'logd-auditctl'...
[   27.868464] libprocessgroup: Created cgroup /sys/fs/cgroup/system/uid_1036/pid_3372
[   27.875918] servicemanager: Caller(pid=649,uid=1000,sid=u:r:hal_sensors_default:s0) Found android.system.suspend.ISystemSuspend/default in framework VINTF manifest.
[   27.881109] type=1305 audit(1790635566.747:191): op=set audit_rate_limit=5 old=0 auid=4294967295 ses=4294967295 subj=u:r:auditctl:s0 res=1
[   27.881472] type=1300 audit(1790635566.747:191): arch=c000003e syscall=44 success=yes exit=60 a0=3 a1=7fff98285a88 a2=3c a3=0 items=0 ppid=1 auid=4294967295 uid=1036 gid=1036 euid=1036 suid=1036 fsuid=1036 egid=1036 sgid=1036 fsgid=1036 tty=(none) ses=4294967295 comm="auditctl" exe="/system/bin/auditctl" subj=u:r:auditctl:s0 key=(null)
[   27.881873] type=1327 audit(1790635566.747:191): proctitle=2F73797374656D2F62696E2F617564697463746C002D720035
[   27.882296] type=1320 audit(1790635566.747:191): 
[   27.913757] init: ... started service 'logd-auditctl' has pid 3372
[   27.913848] init: Service 'exec 22 (/system/bin/lmkd --boot_completed)' (pid 3371) exited with status 0 oneshot service took 0.047000 seconds in background
[   27.913993] init: Sending SIGKILL to service 'exec 22 (/system/bin/lmkd --boot_completed)' (pid 3371) process group...
[   27.914155] libprocessgroup: Removed cgroup /sys/fs/cgroup/system/uid_0/pid_3371
[   27.914254] init: Service 'logd-auditctl' (pid 3372) exited with status 0 oneshot service took 0.045000 seconds in background
[   27.914333] init: Sending SIGKILL to service 'logd-auditctl' (pid 3372) process group...
[   27.914436] libprocessgroup: Removed cgroup /sys/fs/cgroup/system/uid_1036/pid_3372
[   27.914605] init: processing action (sys.boot_completed=1) from (/system/etc/init/mmd.rc:20)
[   27.914750] init: starting service 'exec 23 (/system/bin/mmd --set-property)'...
[   27.915586] libprocessgroup: Created cgroup /sys/fs/cgroup/system/uid_0/pid_3377
[   27.946050] init: ... started service 'exec 23 (/system/bin/mmd --set-property)' has pid 3377
[   27.946221] init: SVC_EXEC service 'exec 23 (/system/bin/mmd --set-property)' pid 3377 (uid 0 gid 0+0 context default) started; waiting...
[   27.946401] init: Service 'exec 21 (/system/bin/bootstat --record_boot_complete --record_boot_reason --record_time_since_factory_reset -l)' (pid 3348) exited with status 0 oneshot service took 0.115000 seconds in background
[   27.946675] init: Sending SIGKILL to service 'exec 21 (/system/bin/bootstat --record_boot_complete --record_boot_reason --record_time_since_factory_reset -l)' (pid 3348) process group...
[   27.946973] libprocessgroup: Removed cgroup /sys/fs/cgroup/system/uid_1000/pid_3348
[   28.002657] init: Service 'exec 23 (/system/bin/mmd --set-property)' (pid 3377) exited with status 0 waiting took 0.087000 seconds
[   28.002775] init: Sending SIGKILL to service 'exec 23 (/system/bin/mmd --set-property)' (pid 3377) process group...
[   28.002985] libprocessgroup: Removed cgroup /sys/fs/cgroup/system/uid_0/pid_3377
[   28.003211] init: processing action (sys.boot_completed=1) from (/system/etc/init/pmgd.rc:23)
[   28.003418] init: starting service 'pmgd'...
[   28.004881] libprocessgroup: Created cgroup /sys/fs/cgroup/system/uid_9999/pid_3382
[   28.006113] init: ... started service 'pmgd' has pid 3382
[   28.006240] init: processing action (sys.boot_completed=1) from (/system/etc/init/profcollectd.rc:30)
[   28.006420] init: starting service 'profcollectctl_set_property'...
[   28.008916] libprocessgroup: Created cgroup /sys/fs/cgroup/system/uid_0/pid_3383
[   28.011368] init: ... started service 'profcollectctl_set_property' has pid 3383
[   28.011485] init: processing action (sys.boot_completed=1 && sys.wifitracing.started=0) from (/system/etc/init/wifi.rc:28)
[   28.040444] servicemanager: Caller(pid=3379,uid=10115,sid=u:r:priv_app_all_virtualizationmanager:s0:c512,c768) Since 'android.system.virtualizationservice' could not be found trying to start it as a lazy AIDL service. (if it's not configured to be a lazy service, it may be stuck starting or still starting).
[   28.064658] init: starting service 'virtualizationservice'...
[   28.078058] libprocessgroup: Created cgroup /sys/fs/cgroup/system/uid_1000/pid_3387
[   28.079232] apexd: destroyCeSnapshotsNotSpecified() received by ApexService user_id : 0 retain_rollback_ids : []
[   28.079679] init: ... started service 'virtualizationservice' has pid 3387
[   28.079782] init: Control message: Processed ctl.interface_start for 'aidl/android.system.virtualizationservice' from pid: 431 (/system/bin/servicemanager)
[   28.081669] init: processing action (sys.boot_completed=1) from (/vendor/etc/init/init.cutf_cvm.rc:93)
[   28.082597] /dev/block/by-name/custom: Can't lookup blockdev
[   28.082919] init: processing action (bootreceiver.enable=1 && dmesgd.start=1 && ro.product.cpu.abilist64=*) from (/system/etc/init/dmesgd.rc:12)
[   28.083183] init: starting service 'dmesgd'...
[   28.085422] libprocessgroup: Created cgroup /sys/fs/cgroup/system/uid_1086
[   28.086317] libprocessgroup: Created cgroup /sys/fs/cgroup/system/uid_1086/pid_3389
[   28.088427] init: ... started service 'dmesgd' has pid 3389
[   28.088939] init: processing action (sys.user.0.ce_available=true) from (/system/etc/init/wifi.rc:21)
[   28.091065] init: processing action (mmd.enabled_aconfig=true) from (/system/etc/init/mmd.rc:28)
[   28.093415] init: starting service 'mmd_setup'...
[   28.097494] libprocessgroup: Created cgroup /sys/fs/cgroup/system/uid_0/pid_3391
[   28.107541] init: ... started service 'mmd_setup' has pid 3391
[   28.109815] init: processing action (sys.boot_completed=1 && sys.wifitracing.started=1 && wifi.interface=*) from (/system/etc/init/wifi.rc:70)
[   28.143874] init: Service 'mmd_setup' (pid 3391) exited with status 0 oneshot service took 0.046000 seconds in background
[   28.143997] init: Sending SIGKILL to service 'mmd_setup' (pid 3391) process group...
[   28.144259] libprocessgroup: Removed cgroup /sys/fs/cgroup/system/uid_0/pid_3391
[   28.144697] init: processing action (sys-boot-completed-set) from (/system_ext/etc/init/set_adb.rc:8)
[   28.144995] init: starting service 'set_adb'...
[   28.150622] servicemanager: Caller(pid=3387,uid=1000,sid=u:r:virtualizationservice:s0) Could not find android.hardware.security.secretkeeper.ISecretkeeper/default in the VINTF manifest. VINTF declared instances: nonsecure.
[   28.151198] libprocessgroup: Created cgroup /sys/fs/cgroup/system/uid_0/pid_3396
[   28.157065] init: ... started service 'set_adb' has pid 3396
[   28.157235] init: processing action (persist.sys.zram_enabled=1 && sys-boot-completed-set) from (/vendor/etc/init/init.cutf_cvm.rc:102)
[   28.158241] init: [libfs_mgr] mmd is recommended to set up zram over swapon_all command with fstab entry.
[   28.161309] servicemanager: Notifying android.system.virtualizationservice they do (previously: don't) have clients when service is guaranteed to be in use
[   28.162175] servicemanager: Caller(pid=3387,uid=1000,sid=u:r:virtualizationservice:s0) Found android.hardware.security.keymint.IRemotelyProvisionedComponent/avf in framework VINTF manifest.
[   28.162661] servicemanager: Caller(pid=3387,uid=1000,sid=u:r:virtualizationservice:s0) Found android.hardware.security.keymint.IRemotelyProvisionedComponent/avf in framework VINTF manifest.
[   28.172009] libbinder.BpBinder: onLastStrongRef automatically unlinking death recipients for binder (0x7f3306827880) with descriptor: '(not cached)'
[   28.212547] set_capacity_and_notify: 76 callbacks suppressed
[   28.212553] zram0: detected capacity change from 0 to 5984256
[   28.290118] mkswap: Swapspace size: 2992124k, UUID=dded6d60-a4fd-42a6-8619-2f1144e39ec2
[   28.292431] Adding 2992124k swap on /dev/block/zram0.  Priority:-2 extents:1 across:2992124k SS
[   28.299776] init: Command 'swapon_all' action=persist.sys.zram_enabled=1 && sys-boot-completed-set (/vendor/etc/init/init.cutf_cvm.rc:103) took 142ms and succeeded
[   28.299989] init: Service 'profcollectctl_set_property' (pid 3383) exited with status 0 oneshot service took 0.292000 seconds in background
[   28.300050] init: Sending SIGKILL to service 'profcollectctl_set_property' (pid 3383) process group...
[   28.300281] libprocessgroup: Removed cgroup /sys/fs/cgroup/system/uid_0/pid_3383
[   28.302742] init: Service 'set_adb' (pid 3396) exited with status 0 oneshot service took 0.151000 seconds in background
[   28.302848] init: Sending SIGKILL to service 'set_adb' (pid 3396) process group...
[   28.303018] libprocessgroup: Removed cgroup /sys/fs/cgroup/system/uid_0/pid_3396
[   28.303295] init: Service 'dmesgd' (pid 3389) exited with status 0 oneshot service took 0.218000 seconds in background
[   28.303368] init: Sending SIGKILL to service 'dmesgd' (pid 3389) process group...
[   28.303519] libprocessgroup: Removed cgroup /sys/fs/cgroup/system/uid_1086/pid_3389
[   28.419078] servicemanager: Caller(pid=3379,uid=10115,sid=u:r:priv_app_all_virtualizationmanager:s0:c512,c768) Could not find android.hardware.security.secretkeeper.ISecretkeeper/default in the VINTF manifest. VINTF declared instances: nonsecure.
[   28.863361] servicemanager: Caller(pid=760,uid=1013,sid=u:r:mediaserver:s0) Since 'media.codeclist.generator' could not be found trying to start it as a lazy AIDL service. (if it's not configured to be a lazy service, it may be stuck starting or still starting).
[   28.864142] init: starting service 'media.codeclist.generator'...
[   28.865675] libprocessgroup: Created cgroup /sys/fs/cgroup/system/uid_1013/pid_3546
[   28.876902] init: ... started service 'media.codeclist.generator' has pid 3546
[   28.877027] init: Control message: Processed ctl.interface_start for 'aidl/media.codeclist.generator' from pid: 431 (/system/bin/servicemanager)
[   28.953490] servicemanager: Notifying media.codeclist.generator they do (previously: don't) have clients when service is guaranteed to be in use
[   28.955688] libbinder.BpBinder: onLastStrongRef automatically unlinking death recipients for binder (0x7f3306828430) with descriptor: '(not cached)'
[   28.972697] servicemanager: Caller(pid=3546,uid=1013,sid=u:r:mediacodeclist_generator:s0) Found android.hardware.media.c2.IComponentStore/software in framework VINTF manifest.
[   29.021326] servicemanager: Caller(pid=881,uid=1000,sid=u:r:system_server:s0) Found android.hardware.graphics.allocator.IAllocator/default in device VINTF manifest.
[   29.022390] servicemanager: Caller(pid=881,uid=1000,sid=u:r:system_server:s0) Found android.hardware.graphics.allocator.IAllocator/default in device VINTF manifest.
[   29.022673] servicemanager: Caller(pid=881,uid=1000,sid=u:r:system_server:s0) Found mapper/minigbm in device VINTF manifest.
[   29.046123] servicemanager: Caller(pid=771,uid=0,sid=u:r:update_engine:s0) Found android.hardware.boot.IBootControl/default in device VINTF manifest.
[   29.262062] servicemanager: Caller(pid=3412,uid=10099,sid=u:r:mediaprovider_app:s0:c99,c256,c512,c768) Found android.hardware.media.c2.IComponentStore/software in framework VINTF manifest.
[   29.271870] init: Untracked process (pid: 3585 name: (binder:441_1) ppid: 1 pgrp: 441 state: Z) received SIGTERM
[   29.271966] init: Untracked process (pid: 3585 name: (binder:441_1) ppid: 1 pgrp: 441 state: Z) did not have an associated service entry and will not be reaped
[   29.280199] init: Untracked process (pid: 3604 name: (binder:441_1) ppid: 1 pgrp: 441 state: Z) received SIGTERM
[   29.280298] init: Untracked process (pid: 3604 name: (binder:441_1) ppid: 1 pgrp: 441 state: Z) did not have an associated service entry and will not be reaped
[   32.812616] servicemanager: Notifying apexservice they don't (previously: do) have clients when we now have no record of a client
[   32.813234] servicemanager: Notifying media.codeclist.generator they don't (previously: do) have clients when we now have no record of a client
[   32.813375] libbinder.AidlLazyServiceRegistrar: Process has 0 (of 1 available) client(s) in use after notification apexservice has clients: 0
[   32.813731] libbinder.AidlLazyServiceRegistrar: Shutdown prevented by forcePersist override flag.
[   32.815459] servicemanager: Caller(pid=3546,uid=1013,sid=u:r:mediacodeclist_generator:s0) Unregistering media.codeclist.generator
[   32.816164] libbinder.BpBinder: onLastStrongRef automatically unlinking death recipients for binder (0x7f3306826f90) with descriptor: '(not cached)'
[   32.827750] init: Service 'media.codeclist.generator' (pid 3546) exited with status 0 oneshot service took 3.962000 seconds in background
[   32.828726] init: Sending SIGKILL to service 'media.codeclist.generator' (pid 3546) process group...
[   32.829040] libprocessgroup: Removed cgroup /sys/fs/cgroup/system/uid_1013/pid_3546
[   35.383744] libbinder.AidlLazyServiceRegistrar: Trying to shut down the service. No clients in use for any service in process.
[   35.384388] servicemanager: Caller(pid=509,uid=0,sid=u:r:apexd:s0) Unregistering apexservice
[   35.384466] libbinder.BpBinder: onLastStrongRef automatically unlinking death recipients for binder (0x7f330680aea0) with descriptor: '(not cached)'
[   35.384587] libbinder.AidlLazyServiceRegistrar: Unregistered all clients and exiting
[   35.386127] init: Service 'apexd' (pid 509) exited with status 0 oneshot service took 30.174000 seconds in background
[   35.386295] init: Sending SIGKILL to service 'apexd' (pid 509) process group...
[   35.386514] libprocessgroup: Removed cgroup /sys/fs/cgroup/system/uid_0/pid_509
[   36.516208] GceEventReporter: VIRTUAL_DEVICE_BOOT_STARTED
[   37.463261] GceEventReporter: VIRTUAL_DEVICE_BOOT_COMPLETED
[   43.365649] init: Sending SIGKILL to service 'idmap2d' (pid 754) process group...
[   43.367375] libprocessgroup: Removed cgroup /sys/fs/cgroup/system/uid_1000/pid_754
[   43.367937] init: Control message: Processed ctl.stop for 'idmap2d' from pid: 881 (system_server)
[   43.368169] init: Service 'idmap2d' (pid 754) received SIGKILL
[   43.368229] init: Sending SIGKILL to service 'idmap2d' (pid 754) process group...
[   43.368302] libprocessgroup: Failed to write 1 to /sys/fs/cgroup/system/uid_1000/pid_754/cgroup.kill: No such file or directory
[   45.409820] init: starting service 'idmap2d'...
[   45.423565] libprocessgroup: Created cgroup /sys/fs/cgroup/system/uid_1000/pid_4083
[   45.472727] init: ... started service 'idmap2d' has pid 4083
[   45.472853] init: Control message: Processed ctl.start for 'idmap2d' from pid: 881 (system_server)
[   55.536181] init: Sending SIGKILL to service 'idmap2d' (pid 4083) process group...
[   55.536998] libprocessgroup: Removed cgroup /sys/fs/cgroup/system/uid_1000/pid_4083
[   55.537152] init: Control message: Processed ctl.stop for 'idmap2d' from pid: 881 (system_server)
[   55.537351] init: Service 'idmap2d' (pid 4083) received SIGKILL
[   55.537391] init: Sending SIGKILL to service 'idmap2d' (pid 4083) process group...
[   55.537446] libprocessgroup: Failed to write 1 to /sys/fs/cgroup/system/uid_1000/pid_4083/cgroup.kill: No such file or directory
