
[    0.000000] Linux version 6.6.142-gc905c29016dd (potato@pop-os) (Ubuntu clang version 18.1.3 (1ubuntu1), Ubuntu LLD 18.1.3) #4 SMP PREEMPT Tue Sep 29 01:23:17 EEST 2026
[    0.000000] Kernel is locked down from Kernel configuration; see man kernel_lockdown.7
[    0.000000] Command line:  printk.devkmsg=on audit=1 panic=-1 8250.nr_uarts=1 binder.impl=rust cma=0 firmware_class.path=/vendor/etc/ loop.max_part=7 init=/init bootconfig panic=-1 console=hvc0 earlycon=uart8250,io,0x3f8 ramoops.mem_address=0x138000000 ramoops.mem_size=0x200000 console=ttyS0 earlyprintk=ttyS0,115200 ignore_loglevel
[    0.000000] BIOS-provided physical RAM map:
[    0.000000] BIOS-e820: [mem 0x0000000000000000-0x000000000009ffff] usable
[    0.000000] BIOS-e820: [mem 0x00000000000a0000-0x00000000000fffff] reserved
[    0.000000] BIOS-e820: [mem 0x0000000000100000-0x00000000ced69fff] usable
[    0.000000] BIOS-e820: [mem 0x00000000ced6a000-0x00000000cfffffff] reserved
[    0.000000] BIOS-e820: [mem 0x00000000e0000000-0x00000000efffffff] reserved
[    0.000000] BIOS-e820: [mem 0x0000000100000000-0x000000012fffffff] usable
[    0.000000] stackdepot: disabled
[    0.000000] earlycon: uart8250 at I/O port 0x3f8 (options '')
[    0.000000] printk: bootconsole [uart8250] enabled
[    0.000000] printk: bootconsole [earlyser0] enabled
[    0.000000] printk: debug: ignoring loglevel setting.
[    0.000000] printk: debug: ignoring loglevel setting.
[    0.000000] NX (Execute Disable) protection: active
[    0.000000] NX (Execute Disable) protection: active
[    0.000000] APIC: Static calls initialized
[    0.000000] APIC: Static calls initialized
[    0.000000] SMBIOS 3.2.0 present.
[    0.000000] SMBIOS 3.2.0 present.
[    0.000000] DMI: ChromiumOS crosvm, BIOS 0 
[    0.000000] DMI: ChromiumOS crosvm, BIOS 0 
[    0.000000] Hypervisor detected: KVM
[    0.000000] Hypervisor detected: KVM
[    0.000000] kvm-clock: Using msrs 4b564d01 and 4b564d00
[    0.000000] kvm-clock: Using msrs 4b564d01 and 4b564d00
[    0.000002] kvm-clock: using sched offset of 821090496 cycles
[    0.000002] kvm-clock: using sched offset of 821090496 cycles
[    0.001562] clocksource: kvm-clock: mask: 0xffffffffffffffff max_cycles: 0x1cd42e4dffb, max_idle_ns: 881590591483 ns
[    0.001562] clocksource: kvm-clock: mask: 0xffffffffffffffff max_cycles: 0x1cd42e4dffb, max_idle_ns: 881590591483 ns
[    0.006436] tsc: Detected 2903.998 MHz processor
[    0.006436] tsc: Detected 2903.998 MHz processor
[    0.007993] e820: update [mem 0x00000000-0x00000fff] usable ==> reserved
[    0.007993] e820: update [mem 0x00000000-0x00000fff] usable ==> reserved
[    0.010013] e820: remove [mem 0x000a0000-0x000fffff] usable
[    0.010013] e820: remove [mem 0x000a0000-0x000fffff] usable
[    0.011531] last_pfn = 0x130000 max_arch_pfn = 0x400000000
[    0.011531] last_pfn = 0x130000 max_arch_pfn = 0x400000000
[    0.012846] MTRR map: 6 entries (3 fixed + 3 variable; max 19), built from 8 variable MTRRs
[    0.012846] MTRR map: 6 entries (3 fixed + 3 variable; max 19), built from 8 variable MTRRs
[    0.015042] x86/PAT: Configuration [0-7]: WB  WC  UC- UC  WB  WP  UC- WT  
[    0.015042] x86/PAT: Configuration [0-7]: WB  WC  UC- UC  WB  WP  UC- WT  
[    0.017189] mtrr: your BIOS has configured an incorrect mask, fixing it.
[    0.017189] mtrr: your BIOS has configured an incorrect mask, fixing it.
Memory KASLR using RDRAND RDTSC...
[    0.019763] last_pfn = 0xced6a max_arch_pfn = 0x400000000
[    0.019763] last_pfn = 0xced6a max_arch_pfn = 0x400000000
[    0.021445] found SMP MP-table at [mem 0x0009fff0-0x0009ffff]
[    0.021445] found SMP MP-table at [mem 0x0009fff0-0x0009ffff]
[    0.023192] Using GB pages for direct mapping
[    0.023192] Using GB pages for direct mapping
[    0.024714] RAMDISK: [mem 0x0e400000-0x11f4bfff]
[    0.024714] RAMDISK: [mem 0x0e400000-0x11f4bfff]
[    0.026096] ACPI: Early table checksum verification disabled
[    0.026096] ACPI: Early table checksum verification disabled
[    0.027711] ACPI: RSDP 0x00000000000E0000 000024 (v02 CROSVM)
[    0.027711] ACPI: RSDP 0x00000000000E0000 000024 (v02 CROSVM)
[    0.029425] ACPI: XSDT 0x00000000000E0C40 00003C (v01 CROSVM CROSVMDT 00000001 CROS 00000000)
[    0.029425] ACPI: XSDT 0x00000000000E0C40 00003C (v01 CROSVM CROSVMDT 00000001 CROS 00000000)
[    0.032107] ACPI: FACP 0x00000000000E0A00 000114 (v06 CROSVM CROSVMDT 00000001 CROS 00000000)
[    0.032107] ACPI: FACP 0x00000000000E0A00 000114 (v06 CROSVM CROSVMDT 00000001 CROS 00000000)
[    0.034701] ACPI: DSDT 0x00000000000E0080 000951 (v06 CROSVM CROSVMDT 00000001 CROS 00000000)
[    0.034701] ACPI: DSDT 0x00000000000E0080 000951 (v06 CROSVM CROSVMDT 00000001 CROS 00000000)
[    0.037292] ACPI: FACS 0x00000000000E0040 000040
[    0.037292] ACPI: FACS 0x00000000000E0040 000040
[    0.038702] ACPI: APIC 0x00000000000E0B40 000080 (v05 CROSVM CROSVMDT 00000001 CROS 00000000)
[    0.038702] ACPI: APIC 0x00000000000E0B40 000080 (v05 CROSVM CROSVMDT 00000001 CROS 00000000)
[    0.041267] ACPI: MCFG 0x00000000000E0BC0 00003C (v01 CROSVM CROSVMDT 00000001 CROS 00000000)
[    0.041267] ACPI: MCFG 0x00000000000E0BC0 00003C (v01 CROSVM CROSVMDT 00000001 CROS 00000000)
[    0.043836] ACPI: Reserving FACP table memory at [mem 0xe0a00-0xe0b13]
[    0.043836] ACPI: Reserving FACP table memory at [mem 0xe0a00-0xe0b13]
[    0.045801] ACPI: Reserving DSDT table memory at [mem 0xe0080-0xe09d0]
[    0.045801] ACPI: Reserving DSDT table memory at [mem 0xe0080-0xe09d0]
[    0.047763] ACPI: Reserving FACS table memory at [mem 0xe0040-0xe007f]
[    0.047763] ACPI: Reserving FACS table memory at [mem 0xe0040-0xe007f]
[    0.049722] ACPI: Reserving APIC table memory at [mem 0xe0b40-0xe0bbf]
[    0.049722] ACPI: Reserving APIC table memory at [mem 0xe0b40-0xe0bbf]
[    0.051688] ACPI: Reserving MCFG table memory at [mem 0xe0bc0-0xe0bfb]
[    0.051688] ACPI: Reserving MCFG table memory at [mem 0xe0bc0-0xe0bfb]
[    0.053765] Zone ranges:
[    0.053765] Zone ranges:
[    0.054542]   DMA32    [mem 0x0000000000001000-0x00000000ffffffff]
[    0.054542]   DMA32    [mem 0x0000000000001000-0x00000000ffffffff]
[    0.056423]   Normal   [mem 0x0000000100000000-0x000000012fffffff]
[    0.056423]   Normal   [mem 0x0000000100000000-0x000000012fffffff]
[    0.058291] Movable zone start for each node
[    0.058291] Movable zone start for each node
[    0.059578] NoSplit zone start for each node
[    0.059578] NoSplit zone start for each node
[    0.060857] NoMerge zone start for each node
[    0.060857] NoMerge zone start for each node
[    0.062137] Early memory node ranges
[    0.062137] Early memory node ranges
[    0.063207]   node   0: [mem 0x0000000000001000-0x000000000009ffff]
[    0.063207]   node   0: [mem 0x0000000000001000-0x000000000009ffff]
[    0.065086]   node   0: [mem 0x0000000000100000-0x00000000ced69fff]
[    0.065086]   node   0: [mem 0x0000000000100000-0x00000000ced69fff]
[    0.066970]   node   0: [mem 0x0000000100000000-0x000000012fffffff]
[    0.066970]   node   0: [mem 0x0000000100000000-0x000000012fffffff]
[    0.068852] Initmem setup node 0 [mem 0x0000000000001000-0x000000012fffffff]
[    0.068852] Initmem setup node 0 [mem 0x0000000000001000-0x000000012fffffff]
[    0.071029] On node 0, zone DMA32: 1 pages in unavailable ranges
[    0.071029] On node 0, zone DMA32: 1 pages in unavailable ranges
[    0.114339] On node 0, zone DMA32: 96 pages in unavailable ranges
[    0.114339] On node 0, zone DMA32: 96 pages in unavailable ranges
[    0.126403] On node 0, zone Normal: 4758 pages in unavailable ranges
[    0.126403] On node 0, zone Normal: 4758 pages in unavailable ranges
[    0.129822] IOAPIC[0]: apic_id 0, version 17, address 0xfec00000, GSI 0-23
[    0.129822] IOAPIC[0]: apic_id 0, version 17, address 0xfec00000, GSI 0-23
[    0.133880] ACPI: INT_SRC_OVR (bus 0 bus_irq 9 global_irq 9 low level)
[    0.133880] ACPI: INT_SRC_OVR (bus 0 bus_irq 9 global_irq 9 low level)
[    0.135844] ACPI: INT_SRC_OVR (bus 0 bus_irq 10 global_irq 10 low level)
[    0.135844] ACPI: INT_SRC_OVR (bus 0 bus_irq 10 global_irq 10 low level)
[    0.137871] ACPI: INT_SRC_OVR (bus 0 bus_irq 11 global_irq 11 low level)
[    0.137871] ACPI: INT_SRC_OVR (bus 0 bus_irq 11 global_irq 11 low level)
[    0.139913] ACPI: INT_SRC_OVR (bus 0 bus_irq 12 global_irq 12 low level)
[    0.139913] ACPI: INT_SRC_OVR (bus 0 bus_irq 12 global_irq 12 low level)
[    0.141948] ACPI: Using ACPI (MADT) for SMP configuration information
[    0.141948] ACPI: Using ACPI (MADT) for SMP configuration information
[    0.143897] TSC deadline timer available
[    0.143897] TSC deadline timer available
[    0.145071] smpboot: Allowing 4 CPUs, 0 hotplug CPUs
[    0.145071] smpboot: Allowing 4 CPUs, 0 hotplug CPUs
[    0.146583] kvm-guest: APIC: eoi() replaced with kvm_guest_apic_eoi_write()
[    0.146583] kvm-guest: APIC: eoi() replaced with kvm_guest_apic_eoi_write()
[    0.148700] kvm-guest: KVM setup pv remote TLB flush
[    0.148700] kvm-guest: KVM setup pv remote TLB flush
[    0.150188] kvm-guest: setup PV sched yield
[    0.150188] kvm-guest: setup PV sched yield
[    0.151465] [mem 0xd0000000-0xdfffffff] available for PCI devices
[    0.151465] [mem 0xd0000000-0xdfffffff] available for PCI devices
[    0.153297] Booting paravirtualized kernel on KVM
[    0.153297] Booting paravirtualized kernel on KVM
[    0.154757] clocksource: refined-jiffies: mask: 0xffffffff max_cycles: 0xffffffff, max_idle_ns: 7645519600211568 ns
[    0.154757] clocksource: refined-jiffies: mask: 0xffffffff max_cycles: 0xffffffff, max_idle_ns: 7645519600211568 ns
[    0.157742] Load bootconfig: 2661 bytes 132 nodes
[    0.157742] Load bootconfig: 2661 bytes 132 nodes
[    0.158849] setup_percpu: NR_CPUS:32 nr_cpumask_bits:4 nr_cpu_ids:4 nr_node_ids:1
[    0.158849] setup_percpu: NR_CPUS:32 nr_cpumask_bits:4 nr_cpu_ids:4 nr_node_ids:1
[    0.162359] percpu: Embedded 78 pages/cpu s192872 r8192 d118424 u524288
[    0.162359] percpu: Embedded 78 pages/cpu s192872 r8192 d118424 u524288
[    0.163981] pcpu-alloc: s192872 r8192 d118424 u524288 alloc=1*2097152
[    0.163981] pcpu-alloc: s192872 r8192 d118424 u524288 alloc=1*2097152
[    0.165512] pcpu-alloc: [0] 0 1 2 3 
[    0.165512] pcpu-alloc: [0] 0 1 2 3 
[    0.166506] Kernel command line: vmw_vsock_virtio_transport_common.virtio_transport_max_vsock_pkt_buf_size="16384" console=ttynull stack_depot_disable=on cgroup_disable=pressure bootconfig  printk.devkmsg=on audit=1 panic=-1 8250.nr_uarts=1 binder.impl=rust cma=0 firmware_class.path=/vendor/etc/ loop.max_part=7 init=/init bootconfig panic=-1 console=hvc0 earlycon=uart8250,io,0x3f8 ramoops.mem_address=0x138000000 ramoops.mem_size=0x200000 console=ttyS0 earlyprintk=ttyS0,115200 ignore_loglevel
[    0.166506] Kernel command line: vmw_vsock_virtio_transport_common.virtio_transport_max_vsock_pkt_buf_size="16384" console=ttynull stack_depot_disable=on cgroup_disable=pressure bootconfig  printk.devkmsg=on audit=1 panic=-1 8250.nr_uarts=1 binder.impl=rust cma=0 firmware_class.path=/vendor/etc/ loop.max_part=7 init=/init bootconfig panic=-1 console=hvc0 earlycon=uart8250,io,0x3f8 ramoops.mem_address=0x138000000 ramoops.mem_size=0x200000 console=ttyS0 earlyprintk=ttyS0,115200 ignore_loglevel
[    0.178836] cgroup: Disabling pressure control group feature
[    0.178836] cgroup: Disabling pressure control group feature
[    0.180541] audit: enabled (after initialization)
[    0.180541] audit: enabled (after initialization)
[    0.182073] Lockdown: swapper: unsafe module parameters is restricted; see man kernel_lockdown.7
[    0.182073] Lockdown: swapper: unsafe module parameters is restricted; see man kernel_lockdown.7
[    0.184723] Booting kernel: `0x138000000' invalid for parameter `ramoops.mem_address'
[    0.184723] Booting kernel: `0x138000000' invalid for parameter `ramoops.mem_address'
[    0.187244] random: crng init done
[    0.187244] random: crng init done
[    0.188258] printk: log buffer data + meta data: 131072 + 458752 = 589824 bytes
[    0.188258] printk: log buffer data + meta data: 131072 + 458752 = 589824 bytes
[    0.194929] Dentry cache hash table entries: 524288 (order: 10, 4194304 bytes, linear)
[    0.194929] Dentry cache hash table entries: 524288 (order: 10, 4194304 bytes, linear)
[    0.198851] Inode-cache hash table entries: 262144 (order: 9, 2097152 bytes, linear)
[    0.198851] Inode-cache hash table entries: 262144 (order: 9, 2097152 bytes, linear)
[    0.200861] Built 1 zonelists, mobility grouping on.  Total pages: 1027253
[    0.200861] Built 1 zonelists, mobility grouping on.  Total pages: 1027253
[    0.203335] mem auto-init: stack:all(zero), heap alloc:on, heap free:off
[    0.203335] mem auto-init: stack:all(zero), heap alloc:on, heap free:off
[    0.205231] software IO TLB: area num 4.
[    0.205231] software IO TLB: area num 4.
[    0.291577] Memory: 3928172K/4174884K available (22528K kernel code, 2144K rwdata, 14364K rodata, 3064K init, 728K bss, 246452K reserved, 0K cma-reserved)
[    0.291577] Memory: 3928172K/4174884K available (22528K kernel code, 2144K rwdata, 14364K rodata, 3064K init, 728K bss, 246452K reserved, 0K cma-reserved)
[    0.295516] SLUB: HWalign=64, Order=0-3, MinObjects=0, CPUs=4, Nodes=1
[    0.295516] SLUB: HWalign=64, Order=0-3, MinObjects=0, CPUs=4, Nodes=1
Poking KASLR using RDRAND RDTSC...
[    0.297437] Lockdown: swapper: use of tracefs is restricted; see man kernel_lockdown.7
[    0.297437] Lockdown: swapper: use of tracefs is restricted; see man kernel_lockdown.7
[    0.299229] Tracing disabled due to lockdown
[    0.299229] Tracing disabled due to lockdown
[    0.300722] rcu: Preemptible hierarchical RCU implementation.
[    0.300722] rcu: Preemptible hierarchical RCU implementation.
[    0.302429] rcu: 	RCU event tracing is enabled.
[    0.302429] rcu: 	RCU event tracing is enabled.
[    0.303815] rcu: 	RCU restricting CPUs from NR_CPUS=32 to nr_cpu_ids=4.
[    0.303815] rcu: 	RCU restricting CPUs from NR_CPUS=32 to nr_cpu_ids=4.
[    0.305620] rcu: 	RCU priority boosting: priority 1 delay 500 ms.
[    0.305620] rcu: 	RCU priority boosting: priority 1 delay 500 ms.
[    0.307180] 	Trampoline variant of Tasks RCU enabled.
[    0.307180] 	Trampoline variant of Tasks RCU enabled.
[    0.308664] 	Tracing variant of Tasks RCU enabled.
[    0.308664] 	Tracing variant of Tasks RCU enabled.
[    0.309826] rcu: RCU calculated value of scheduler-enlistment delay is 25 jiffies.
[    0.309826] rcu: RCU calculated value of scheduler-enlistment delay is 25 jiffies.
[    0.311808] rcu: Adjusting geometry for rcu_fanout_leaf=16, nr_cpu_ids=4
[    0.311808] rcu: Adjusting geometry for rcu_fanout_leaf=16, nr_cpu_ids=4
[    0.313810] NR_IRQS: 4352, nr_irqs: 456, preallocated irqs: 16
[    0.313810] NR_IRQS: 4352, nr_irqs: 456, preallocated irqs: 16
[    0.315781] rcu: 	Offload RCU callbacks from CPUs: 0-3.
[    0.315781] rcu: 	Offload RCU callbacks from CPUs: 0-3.
[    0.317324] rcu: srcu_init: Setting srcu_struct sizes based on contention.
[    0.317324] rcu: srcu_init: Setting srcu_struct sizes based on contention.
[    0.319390] kfence: initialized - using 524288 bytes for 63 objects at 0x(____ptrval____)-0x(____ptrval____)
[    0.319390] kfence: initialized - using 524288 bytes for 63 objects at 0x(____ptrval____)-0x(____ptrval____)
[    0.322383] printk: console [ttyS0] enabled
[    0.322383] printk: console [ttyS0] enabled
[    0.322383] printk: console [ttyS0] enabled
[    0.324244] printk: bootconsole [uart8250] disabled
[    0.324244] printk: bootconsole [uart8250] disabled
[    0.324244] printk: bootconsole [uart8250] disabled
[    0.326414] printk: bootconsole [earlyser0] disabled
[    0.326414] printk: bootconsole [earlyser0] disabled
[    0.327901] ACPI: Core revision 20230628
[    0.328604] APIC: Switch to symmetric I/O mode setup
[    0.329522] x2apic enabled
[    0.330175] APIC: Switched APIC routing to: physical x2apic
[    0.331019] kvm-guest: APIC: send_IPI_mask() replaced with kvm_send_ipi_mask()
[    0.332106] kvm-guest: APIC: send_IPI_mask_allbutself() replaced with kvm_send_ipi_mask_allbutself()
[    0.333493] kvm-guest: setup PV IPIs
[    0.334767] clocksource: tsc-early: mask: 0xffffffffffffffff max_cycles: 0x29dc03c1beb, max_idle_ns: 440795205215 ns
[    0.336336] Calibrating delay loop (skipped) preset value.. 5807.99 BogoMIPS (lpj=11615992)
[    0.337690] x86/cpu: User Mode Instruction Prevention (UMIP) activated
[    0.338683] Last level iTLB entries: 4KB 64, 2MB 8, 4MB 8
[    0.339485] Last level dTLB entries: 4KB 64, 2MB 32, 4MB 32, 1GB 4
[    0.340333] Spectre V1 : Mitigation: usercopy/swapgs barriers and __user pointer sanitization
[    0.340333] Spectre V2 : WARNING: Unprivileged eBPF is enabled with eIBRS on, data leaks possible via Spectre v2 BHB attacks!
[    0.340333] Spectre V2 : Spectre BHI mitigation: SW BHB clearing on vm exit
[    0.340333] Spectre V2 : Spectre BHI mitigation: SW BHB clearing on syscall
[    0.340333] Spectre V2 : Mitigation: Enhanced / Automatic IBRS
[    0.340333] Spectre V2 : Spectre v2 / PBRSB-eIBRS: Retire a single CALL on VMEXIT
[    0.340333] RETBleed: Mitigation: Enhanced IBRS
[    0.340333] Spectre V2 : mitigation: Enabling conditional Indirect Branch Prediction Barrier
[    0.340333] Speculative Store Bypass: Mitigation: Speculative Store Bypass disabled via prctl
[    0.340333] MMIO Stale Data: Mitigation: Clear CPU buffers
[    0.340333] SRBDS: Unknown: Dependent on hypervisor status
[    0.340333] GDS: Unknown: Dependent on hypervisor status
[    0.340333] active return thunk: its_return_thunk
[    0.340333] ITS: Mitigation: Aligned branch/return thunks
[    0.340333] x86/fpu: Supporting XSAVE feature 0x001: 'x87 floating point registers'
[    0.340333] x86/fpu: Supporting XSAVE feature 0x002: 'SSE registers'
[    0.340333] x86/fpu: Supporting XSAVE feature 0x004: 'AVX registers'
[    0.340333] x86/fpu: Supporting XSAVE feature 0x008: 'MPX bounds registers'
[    0.340333] x86/fpu: Supporting XSAVE feature 0x010: 'MPX CSR'
[    0.340333] x86/fpu: xstate_offset[2]:  576, xstate_sizes[2]:  256
[    0.340333] x86/fpu: xstate_offset[3]:  832, xstate_sizes[3]:   64
[    0.340333] x86/fpu: xstate_offset[4]:  896, xstate_sizes[4]:   64
[    0.340333] x86/fpu: Enabled xstate features 0x1f, context size is 960 bytes, using 'compacted' format.
[    0.340333] SMP alternatives: Using kCFI
[    0.340333] Freeing SMP alternatives memory: 56K
[    0.340333] pid_max: default: 32768 minimum: 301
[    0.340333] LSM: initializing lsm=lockdown,capability,landlock,safesetid,selinux,bpf,integrity
[    0.340333] landlock: Up and running.
[    0.340333] SELinux:  Initializing.
[    0.340333] LSM support for eBPF active
[    0.340333] Mount-cache hash table entries: 8192 (order: 4, 65536 bytes, linear)
[    0.340333] Mountpoint-cache hash table entries: 8192 (order: 4, 65536 bytes, linear)
[    0.340333] smpboot: CPU0: Intel(R) Core(TM) i5-10400F CPU @ 2.90GHz (family: 0x6, model: 0xa5, stepping: 0x3)
[    0.340333] RCU Tasks: Setting shift to 2 and lim to 1 rcu_task_cb_adjust=1.
[    0.340333] RCU Tasks Trace: Setting shift to 2 and lim to 1 rcu_task_cb_adjust=1.
[    0.340333] Performance Events: Skylake events, 32-deep LBR, full-width counters, Intel PMU driver.
[    0.341458] ... version:                2
[    0.341930] ... bit width:              48
[    0.342422] ... generic registers:      4
[    0.342892] ... value mask:             0000ffffffffffff
[    0.343523] ... max period:             00007fffffffffff
[    0.344144] ... fixed-purpose events:   3
[    0.344343] ... event mask:             000000070000000f
[    0.345096] signal: max sigframe size: 2032
[    0.345670] rcu: Hierarchical SRCU implementation.
[    0.346243] rcu: 	Max phase no-delay instances is 1000.
[    0.347884] dyndbg: Ignore empty _ddebug table in a CONFIG_DYNAMIC_DEBUG_CORE build
[    0.348504] smp: Bringing up secondary CPUs ...
[    0.349324] smpboot: x86: Booting SMP configuration:
[    0.349910] .... node  #0, CPUs:      #1 #2 #3
[    0.020995] smpboot: CPU 1 Converting physical 0 to logical die 1
[    0.020995] smpboot: CPU 2 Converting physical 0 to logical die 2
[    0.020995] smpboot: CPU 3 Converting physical 0 to logical die 3
[    0.360507] smp: Brought up 1 node, 4 CPUs
[    0.361045] smpboot: Max logical packages: 4
[    0.361554] smpboot: Total of 4 processors activated (23231.98 BogoMIPS)
[    0.362619] clocksource: jiffies: mask: 0xffffffff max_cycles: 0xffffffff, max_idle_ns: 7645041785100000 ns
[    0.364394] futex hash table entries: 1024 (order: 4, 65536 bytes, linear)
[    0.367422] NET: Registered PF_NETLINK/PF_ROUTE protocol family
[    0.368354] audit: initializing netlink subsys (enabled)
[    0.369010] audit: type=2000 audit(1790634414.117:1): state=initialized audit_enabled=1 res=1
[    0.369010] ramoops: using module parameters
[    0.371502] pstore: Using crash dump compression: deflate
[    0.372134] printk: console [ramoops-1] enabled
[    0.372333] pstore: Registered ramoops as persistent store backend
[    0.372333] ramoops: using 0x200000@0x0, ecc: 0
[    0.372333] thermal_sys: Registered thermal governor 'bang_bang'
[    0.372333] thermal_sys: Registered thermal governor 'step_wise'
[    0.372333] thermal_sys: Registered thermal governor 'user_space'
[    0.376340] cpuidle: using governor menu
[    0.377161] PCI: MMCONFIG for domain 0000 [bus 00-3f] at [mem 0xf4000000-0xf7ffffff] (base 0xf4000000)
[    0.378234] PCI: not using MMCONFIG
[    0.378651] PCI: Using configuration type 1 for base access
[    0.379482] mtrr: your CPUs had inconsistent fixed MTRR settings
[    0.380190] mtrr: your CPUs had inconsistent variable MTRR settings
[    0.380338] mtrr: your CPUs had inconsistent MTRRdefType settings
[    0.381038] mtrr: probably your BIOS does not setup all CPUs.
[    0.381706] mtrr: corrected configuration.
[    0.382320] kprobes: kprobe jump-optimization is enabled. All kprobes are optimized if possible.
[    0.384418] cryptd: max_cpu_qlen set to 1000
[    0.384853] ACPI: Added _OSI(Module Device)
[    0.385151] ACPI: Added _OSI(Processor Device)
[    0.385697] ACPI: Added _OSI(Processor Aggregator Device)
[    0.386671] ACPI: 1 ACPI AML tables successfully acquired and loaded
[    0.388457] ACPI: _OSC evaluated successfully for all CPUs
[    0.389049] ACPI: Interpreter enabled
[    0.389535] ACPI: PM: (supports S0 S1 S5)
[    0.390090] ACPI: Using IOAPIC for interrupt routing
[    0.390688] PCI: MMCONFIG for domain 0000 [bus 00-3f] at [mem 0xf4000000-0xf7ffffff] (base 0xf4000000)
[    0.391806] PCI: MMCONFIG at [mem 0xf4000000-0xf7ffffff] reserved as ACPI motherboard resource
[    0.392346] PCI: Using host bridge windows from ACPI; if necessary, use "pci=nocrs" and report a bug
[    0.393405] PCI: Using E820 reservations for host bridge windows
[    0.395393] ACPI: PCI Root Bridge [PC00] (domain 0000 [bus 00-3f])
[    0.396143] acpi PNP0A08:00: _OSC: OS supports [ExtendedConfig ASPM ClockPM Segments MSI HPX-Type3]
[    0.396428] acpi PNP0A08:00: _OSC: OS now controls [PCIeHotplug PME PCIeCapability LTR]
[    0.397601] PCI host bridge to bus 0000:00
[    0.398101] pci_bus 0000:00: root bus resource [mem 0xd0000000-0xf7ffffff window]
[    0.398986] pci_bus 0000:00: root bus resource [mem 0x138200000-0x7fffffffff window]
[    0.399925] pci_bus 0000:00: root bus resource [bus 00-3f]
[    0.400435] pci 0000:00:00.0: [8086:1237] type 00 class 0x060000
[    0.401786] pci 0000:00:01.0: [1af4:107f] type 00 class 0x038000
[    0.402627] pci 0000:00:01.0: BAR 0 [mem 0xd0800000-0xd0807fff]
[    0.403500] pci 0000:00:01.0: BAR 2 [mem 0x200000000-0x2ffffffff 64bit pref]
[    0.405073] pci 0000:00:01.0: PME# supported from D0 D3hot D3cold
[    0.406399] pci 0000:00:01.1: [1af4:1041] type 00 class 0x028000
[    0.407232] pci 0000:00:01.1: BAR 0 [mem 0xd08e8000-0xd08effff]
[    0.408933] pci 0000:00:01.1: PME# supported from D0 D3hot D3cold
[    0.410244] pci 0000:00:01.2: [1af4:1041] type 00 class 0x028000
[    0.411124] pci 0000:00:01.2: BAR 0 [mem 0xd08f0000-0xd08f7fff]
[    0.412843] pci 0000:00:01.2: PME# supported from D0 D3hot D3cold
[    0.414125] pci 0000:00:01.3: [1af4:1052] type 00 class 0x098000
[    0.414982] pci 0000:00:01.3: BAR 0 [mem 0xd0908000-0xd090ffff]
[    0.416769] pci 0000:00:01.3: PME# supported from D0 D3hot D3cold
[    0.417995] pci 0000:00:01.4: [1af4:1052] type 00 class 0x098000
[    0.418938] pci 0000:00:01.4: BAR 0 [mem 0xd0910000-0xd0917fff]
[    0.420550] pci 0000:00:01.4: PME# supported from D0 D3hot D3cold
[    0.421788] pci 0000:00:01.5: [1af4:1052] type 00 class 0x098000
[    0.422653] pci 0000:00:01.5: BAR 0 [mem 0xd0918000-0xd091ffff]
[    0.424352] pci 0000:00:01.5: PME# supported from D0 D3hot D3cold
[    0.425538] pci 0000:00:01.6: [1af4:1052] type 00 class 0x098000
[    0.426469] pci 0000:00:01.6: BAR 0 [mem 0xd0920000-0xd0927fff]
[    0.428171] pci 0000:00:01.6: PME# supported from D0 D3hot D3cold
[    0.433127] pci 0000:00:01.7: [1af4:1053] type 00 class 0x028000
[    0.434063] pci 0000:00:01.7: BAR 0 [mem 0xd0928000-0xd092ffff]
[    0.435805] pci 0000:00:01.7: PME# supported from D0 D3hot D3cold
[    0.436899] pci 0000:00:02.0: [1af4:1050] type 00 class 0x038000
[    0.437787] pci 0000:00:02.0: BAR 0 [mem 0xd0808000-0xd080ffff]
[    0.438651] pci 0000:00:02.0: BAR 2 [mem 0x400000000-0x5ffffffff 64bit pref]
[    0.440332] pci 0000:00:02.0: PME# supported from D0 D3hot D3cold
[    0.441500] pci 0000:00:02.1: [1b36:0011] type 00 class 0xffff00
[    0.442331] pci 0000:00:02.1: BAR 0 [mem 0xd0930000-0xd093000f]
[    0.443795] pci 0000:00:02.2: [8086:3420] type 01 class 0x060400
[    0.444597] pci 0000:00:02.2: PCI bridge to [bus 01]
[    0.445772] pci 0000:00:02.2: PME# supported from D0 D3hot D3cold
[    0.446953] pci 0000:00:03.0: [1af4:1043] type 00 class 0x078000
[    0.447850] pci 0000:00:03.0: BAR 0 [mem 0xd0810000-0xd0817fff]
[    0.449435] pci 0000:00:03.0: PME# supported from D0 D3hot D3cold
[    0.450867] pci 0000:00:04.0: [1af4:1043] type 00 class 0x078000
[    0.451831] pci 0000:00:04.0: BAR 0 [mem 0xd0818000-0xd081ffff]
[    0.453231] pci 0000:00:04.0: PME# supported from D0 D3hot D3cold
[    0.454409] pci 0000:00:05.0: [1af4:1043] type 00 class 0x078000
[    0.455299] pci 0000:00:05.0: BAR 0 [mem 0xd0820000-0xd0827fff]
[    0.456936] pci 0000:00:05.0: PME# supported from D0 D3hot D3cold
[    0.458203] pci 0000:00:06.0: [1af4:1043] type 00 class 0x078000
[    0.459058] pci 0000:00:06.0: BAR 0 [mem 0xd0828000-0xd082ffff]
[    0.460747] pci 0000:00:06.0: PME# supported from D0 D3hot D3cold
[    0.462072] pci 0000:00:07.0: [1af4:1043] type 00 class 0x078000
[    0.462894] pci 0000:00:07.0: BAR 0 [mem 0xd0830000-0xd0837fff]
[    0.464635] pci 0000:00:07.0: PME# supported from D0 D3hot D3cold
[    0.465954] pci 0000:00:08.0: [1af4:1043] type 00 class 0x078000
[    0.466940] pci 0000:00:08.0: BAR 0 [mem 0xd0838000-0xd083ffff]
[    0.468659] pci 0000:00:08.0: PME# supported from D0 D3hot D3cold
[    0.470007] pci 0000:00:09.0: [1af4:1043] type 00 class 0x078000
[    0.470829] pci 0000:00:09.0: BAR 0 [mem 0xd0840000-0xd0847fff]
[    0.472406] pci 0000:00:09.0: PME# supported from D0 D3hot D3cold
[    0.473562] pci 0000:00:0a.0: [1af4:1043] type 00 class 0x078000
[    0.474383] pci 0000:00:0a.0: BAR 0 [mem 0xd0848000-0xd084ffff]
[    0.475969] pci 0000:00:0a.0: PME# supported from D0 D3hot D3cold
[    0.476836] pci 0000:00:0b.0: [1af4:1043] type 00 class 0x078000
[    0.477730] pci 0000:00:0b.0: BAR 0 [mem 0xd0850000-0xd0857fff]
[    0.479433] pci 0000:00:0b.0: PME# supported from D0 D3hot D3cold
[    0.480669] pci 0000:00:0c.0: [1af4:1043] type 00 class 0x078000
[    0.481657] pci 0000:00:0c.0: BAR 0 [mem 0xd0858000-0xd085ffff]
[    0.483403] pci 0000:00:0c.0: PME# supported from D0 D3hot D3cold
[    0.484620] pci 0000:00:0d.0: [1af4:1043] type 00 class 0x078000
[    0.485463] pci 0000:00:0d.0: BAR 0 [mem 0xd0860000-0xd0867fff]
[    0.487047] pci 0000:00:0d.0: PME# supported from D0 D3hot D3cold
[    0.488216] pci 0000:00:0e.0: [1af4:1043] type 00 class 0x078000
[    0.488458] pci 0000:00:0e.0: BAR 0 [mem 0xd0868000-0xd086ffff]
[    0.490038] pci 0000:00:0e.0: PME# supported from D0 D3hot D3cold
[    0.491229] pci 0000:00:0f.0: [1af4:1043] type 00 class 0x078000
[    0.492054] pci 0000:00:0f.0: BAR 0 [mem 0xd0870000-0xd0877fff]
[    0.493229] pci 0000:00:0f.0: PME# supported from D0 D3hot D3cold
[    0.494397] pci 0000:00:10.0: [1af4:1043] type 00 class 0x078000
[    0.495224] pci 0000:00:10.0: BAR 0 [mem 0xd0878000-0xd087ffff]
[    0.496877] pci 0000:00:10.0: PME# supported from D0 D3hot D3cold
[    0.498200] pci 0000:00:11.0: [1af4:1043] type 00 class 0x078000
[    0.499037] pci 0000:00:11.0: BAR 0 [mem 0xd0880000-0xd0887fff]
[    0.500712] pci 0000:00:11.0: PME# supported from D0 D3hot D3cold
[    0.501931] pci 0000:00:12.0: [1af4:1043] type 00 class 0x078000
[    0.502786] pci 0000:00:12.0: BAR 0 [mem 0xd0888000-0xd088ffff]
[    0.504413] pci 0000:00:12.0: PME# supported from D0 D3hot D3cold
[    0.505576] pci 0000:00:13.0: [1af4:1043] type 00 class 0x078000
[    0.506462] pci 0000:00:13.0: BAR 0 [mem 0xd0890000-0xd0897fff]
[    0.508089] pci 0000:00:13.0: PME# supported from D0 D3hot D3cold
[    0.508796] pci 0000:00:14.0: [1af4:1043] type 00 class 0x078000
[    0.509662] pci 0000:00:14.0: BAR 0 [mem 0xd0898000-0xd089ffff]
[    0.511265] pci 0000:00:14.0: PME# supported from D0 D3hot D3cold
[    0.512542] pci 0000:00:15.0: [1af4:1043] type 00 class 0x078000
[    0.513442] pci 0000:00:15.0: BAR 0 [mem 0xd08a0000-0xd08a7fff]
[    0.515290] pci 0000:00:15.0: PME# supported from D0 D3hot D3cold
[    0.516616] pci 0000:00:16.0: [1af4:1043] type 00 class 0x078000
[    0.517468] pci 0000:00:16.0: BAR 0 [mem 0xd08a8000-0xd08affff]
[    0.519100] pci 0000:00:16.0: PME# supported from D0 D3hot D3cold
[    0.520364] pci 0000:00:17.0: [1af4:1042] type 00 class 0x018000
[    0.521193] pci 0000:00:17.0: BAR 0 [mem 0xd08b0000-0xd08b7fff]
[    0.522822] pci 0000:00:17.0: PME# supported from D0 D3hot D3cold
[    0.524005] pci 0000:00:18.0: [1af4:1042] type 00 class 0x018000
[    0.524457] pci 0000:00:18.0: BAR 0 [mem 0xd08b8000-0xd08bffff]
[    0.526097] pci 0000:00:18.0: PME# supported from D0 D3hot D3cold
[    0.527303] pci 0000:00:19.0: [1af4:1042] type 00 class 0x018000
[    0.528154] pci 0000:00:19.0: BAR 0 [mem 0xd08c0000-0xd08c7fff]
[    0.529338] pci 0000:00:19.0: PME# supported from D0 D3hot D3cold
[    0.530637] pci 0000:00:1a.0: [1af4:105b] type 00 class 0x010800
[    0.531690] pci 0000:00:1a.0: BAR 0 [mem 0xd08c8000-0xd08cffff]
[    0.533286] pci 0000:00:1a.0: PME# supported from D0 D3hot D3cold
[    0.534601] pci 0000:00:1b.0: [1af4:105b] type 00 class 0x010800
[    0.535426] pci 0000:00:1b.0: BAR 0 [mem 0xd08d0000-0xd08d7fff]
[    0.537029] pci 0000:00:1b.0: PME# supported from D0 D3hot D3cold
[    0.538309] pci 0000:00:1c.0: [1af4:1044] type 00 class 0x088000
[    0.539141] pci 0000:00:1c.0: BAR 0 [mem 0xd08d8000-0xd08dffff]
[    0.540737] pci 0000:00:1c.0: PME# supported from D0 D3hot D3cold
[    0.542072] pci 0000:00:1d.0: [1af4:1045] type 00 class 0x088000
[    0.542901] pci 0000:00:1d.0: BAR 0 [mem 0xd08e0000-0xd08e7fff]
[    0.544657] pci 0000:00:1d.0: PME# supported from D0 D3hot D3cold
[    0.546126] pci 0000:00:1e.0: [1af4:1059] type 00 class 0x040100
[    0.547058] pci 0000:00:1e.0: BAR 0 [mem 0xd08f8000-0xd08fffff]
[    0.548808] pci 0000:00:1e.0: PME# supported from D0 D3hot D3cold
[    0.550204] pci 0000:00:1f.0: [1af4:105d] type 00 class 0x0d8000
[    0.551036] pci 0000:00:1f.0: BAR 0 [mem 0xd0900000-0xd0907fff]
[    0.552623] pci 0000:00:1f.0: PME# supported from D0 D3hot D3cold
[    0.553957] pci 0000:00:02.2: PCI bridge to [bus 01]
[    0.554687] pci_bus 0000:00: on NUMA node 0
[    0.555442] iommu: Default domain type: Translated
[    0.556017] iommu: DMA domain TLB invalidation policy: lazy mode
[    0.560586] SCSI subsystem initialized
[    0.561111] ACPI: bus type USB registered
[    0.561696] usbcore: registered new interface driver usbfs
[    0.562357] usbcore: registered new interface driver hub
[    0.563097] usbcore: registered new device driver usb
[    0.563761] mc: Linux media interface: v0.10
[    0.564305] videodev: Linux video capture interface: v2.00
[    0.564384] EDAC MC: Ver: 3.0.0
[    0.565628] Advanced Linux Sound Architecture Driver Initialized.
[    0.565710] PCI: Using ACPI for IRQ routing
[    0.585810] PCI: pci_cache_line_size set to 64 bytes
[    0.587302] e820: reserve RAM buffer [mem 0xced6a000-0xcfffffff]
[    0.588196] vgaarb: loaded
[    0.588503] clocksource: Switched to clocksource kvm-clock
[    0.589156] Lockdown: swapper/0: use of tracefs is restricted; see man kernel_lockdown.7
[    0.590229] Tracing disabled due to lockdown
[    0.590738] Lockdown: swapper/0: use of tracefs is restricted; see man kernel_lockdown.7
[    0.591787] Tracing disabled due to lockdown
[    0.592308] Lockdown: swapper/0: use of tracefs is restricted; see man kernel_lockdown.7
[    0.593110] Tracing disabled due to lockdown
[    0.593725] Could not create tracefs 'synthetic_events' entry
[    0.594406] Lockdown: swapper/0: use of tracefs is restricted; see man kernel_lockdown.7
[    0.595409] Tracing disabled due to lockdown
[    0.595995] Lockdown: swapper/0: use of tracefs is restricted; see man kernel_lockdown.7
[    0.597109] Tracing disabled due to lockdown
[    0.597625] Lockdown: swapper/0: use of tracefs is restricted; see man kernel_lockdown.7
[    0.598589] Tracing disabled due to lockdown
[    0.599336] VFS: Disk quotas dquot_6.6.0
[    0.599824] VFS: Dquot-cache hash table entries: 512 (order 0, 4096 bytes)
[    0.601086] pnp: PnP ACPI init
[    0.601585] system 00:00: [mem 0xf4000000-0xf7ffffff] has been reserved
[    0.602384] pnp: PnP ACPI: found 1 devices
[    0.603105] NET: Registered PF_INET protocol family
[    0.604106] IP idents hash table entries: 65536 (order: 7, 524288 bytes, linear)
[    0.605741] tcp_listen_portaddr_hash hash table entries: 2048 (order: 3, 32768 bytes, linear)
[    0.607098] Table-perturb hash table entries: 65536 (order: 6, 262144 bytes, linear)
[    0.608206] TCP established hash table entries: 32768 (order: 6, 262144 bytes, linear)
[    0.609971] TCP bind hash table entries: 32768 (order: 8, 1048576 bytes, linear)
[    0.610979] TCP: Hash tables configured (established 32768 bind 32768)
[    0.612217] UDP hash table entries: 2048 (order: 4, 65536 bytes, linear)
[    0.613272] UDP-Lite hash table entries: 2048 (order: 4, 65536 bytes, linear)
[    0.614237] NET: Registered PF_UNIX/PF_LOCAL protocol family
[    0.615002] NET: Registered PF_XDP protocol family
[    0.615677] pci 0000:00:02.2: bridge window [io  0x1000-0x0fff] to [bus 01] add_size 1000
[    0.616755] pci 0000:00:02.2: bridge window [mem 0x00100000-0x000fffff 64bit pref] to [bus 01] add_size 200000 add_align 100000
[    0.619565] pci 0000:00:02.2: bridge window [mem 0x00100000-0x000fffff] to [bus 01] add_size 200000 add_align 100000
[    0.621458] pci 0000:00:02.2: bridge window [mem 0xd0000000-0xd01fffff]: assigned
[    0.622482] pci 0000:00:02.2: bridge window [mem 0x138200000-0x1383fffff 64bit pref]: assigned
[    0.623640] pci 0000:00:02.2: bridge window [io  size 0x1000]: can't assign; no space
[    0.624601] pci 0000:00:02.2: bridge window [io  size 0x1000]: failed to assign
[    0.625734] pci 0000:00:02.2: bridge window [io  size 0x1000]: can't assign; no space
[    0.626929] pci 0000:00:02.2: bridge window [io  size 0x1000]: failed to assign
[    0.627977] pci 0000:00:02.2: PCI bridge to [bus 01]
[    0.628808] pci 0000:00:02.2:   bridge window [mem 0xd0000000-0xd01fffff]
[    0.629911] pci 0000:00:02.2:   bridge window [mem 0x138200000-0x1383fffff 64bit pref]
[    0.631116] pci_bus 0000:00: resource 4 [mem 0xd0000000-0xf7ffffff window]
[    0.632118] pci_bus 0000:00: resource 5 [mem 0x138200000-0x7fffffffff window]
[    0.633159] pci_bus 0000:01: resource 1 [mem 0xd0000000-0xd01fffff]
[    0.634067] pci_bus 0000:01: resource 2 [mem 0x138200000-0x1383fffff 64bit pref]
[    0.635130] pci 0000:00:00.0: Limiting direct PCI/PCI transfers
[    0.636500] PCI: CLS 32 bytes, default 64
[    0.637823] PCI-DMA: Using software bounce buffering for IO (SWIOTLB)
[    0.638741] software IO TLB: mapped [mem 0x00000000cad6a000-0x00000000ced6a000] (64MB)
[    0.640151] Trying to unpack rootfs image as initramfs...
[    0.645732] RAPL PMU: API unit is 2^-32 Joules, 0 fixed counters, 10737418240 ms ovfl timer
[    0.655307] kvm_amd: CPU 2 isn't AMD or Hygon
[    0.655862] clocksource: tsc: mask: 0xffffffffffffffff max_cycles: 0x29dc03c1beb, max_idle_ns: 440795205215 ns
[    0.657311] clocksource: Switched to clocksource tsc
[    0.658055] platform rtc_cmos: registered platform RTC device (no PNP device found)
[    0.660236] Initialise system trusted keyrings
[    0.661109] workingset: timestamp_bits=46 max_order=20 bucket_order=0
[    0.662496] fuse: init (API version 7.39)
[    0.676787] Key type asymmetric registered
[    0.677320] Asymmetric key parser 'x509' registered
[    0.677970] Block layer SCSI generic (bsg) driver version 0.4 loaded (major 240)
[    0.678850] io scheduler mq-deadline registered
[    0.679389] io scheduler kyber registered
[    0.679870] io scheduler bfq registered
[    0.681278] pcieport 0000:00:02.2: PME: Signaling with IRQ 24
[    0.682060] pcieport 0000:00:02.2: pciehp: Slot #0 AttnBtn+ PwrCtrl- MRL- AttnInd+ PwrInd+ HotPlug+ Surprise+ Interlock- NoCompl- IbPresDis- LLActRep- (with Cmd Compl erratum)
[    0.684534] input: Power Button as /devices/LNXSYSTM:00/LNXPWRBN:00/input/input0
[    0.685502] ACPI: button: Power Button [PWRF]
[    0.686061] input: Sleep Button as /devices/LNXSYSTM:00/LNXSLPBN:00/input/input1
[    0.686958] ACPI: button: Sleep Button [SLPF]
[    0.719297] input: Cuttlefish Vhost User Multitouch Touchscreen 0 as /devices/pci0000:00/0000:00:01.3/virtio3/input/input2
[    0.723329] input: Cuttlefish Vhost User Rotary 0 as /devices/pci0000:00/0000:00:01.4/virtio4/input/input3
[    0.729265] input: Cuttlefish Vhost User Keyboard 0 as /devices/pci0000:00/0000:00:01.5/virtio5/input/input4
[    0.733224] input: Cuttlefish Vhost User Switches 0 as /devices/pci0000:00/0000:00:01.6/virtio6/input/input5
[    0.734472] Serial: 8250/16550 driver, 1 ports, IRQ sharing disabled
[    0.735449] serial8250: ttyS0 at I/O 0x3f8 (irq = 4, base_baud = 115200) is a 16550A
[    0.736538] printk: console [ttynull0] enabled
[    0.740839] printk: console [hvc0] enabled
[    0.799568] ACPI: bus type drm_connector registered
[    0.799568] ACPI: bus type drm_connector registered
[    0.802189] brd: module loaded
[    0.802189] brd: module loaded
[    0.807310] loop: module loaded
[    0.807310] loop: module loaded
[    0.807963] virtio_blk virtio29: 4/0/0 default/read/poll queues
[    0.807963] virtio_blk virtio29: 4/0/0 default/read/poll queues
[    0.811502] virtio_blk virtio29: [vda] 34245760 512-byte logical blocks (17.5 GB/16.3 GiB)
[    0.811502] virtio_blk virtio29: [vda] 34245760 512-byte logical blocks (17.5 GB/16.3 GiB)
[    0.814075]  vda: vda1 vda2 vda3 vda4 vda5 vda6 vda7 vda8 vda9 vda10 vda11 vda12 vda13 vda14 vda15 vda16 vda17 vda18
[    0.814075]  vda: vda1 vda2 vda3 vda4 vda5 vda6 vda7 vda8 vda9 vda10 vda11 vda12 vda13 vda14 vda15 vda16 vda17 vda18
[    0.815973] virtio_blk virtio30: 4/0/0 default/read/poll queues
[    0.815973] virtio_blk virtio30: 4/0/0 default/read/poll queues
[    0.824151] virtio_blk virtio30: [vdb] 2560 512-byte logical blocks (1.31 MB/1.25 MiB)
[    0.824151] virtio_blk virtio30: [vdb] 2560 512-byte logical blocks (1.31 MB/1.25 MiB)
[    0.826103]  vdb: vdb1 vdb2 vdb3 vdb4
[    0.826103]  vdb: vdb1 vdb2 vdb3 vdb4
[    0.826815] virtio_blk virtio31: 4/0/0 default/read/poll queues
[    0.826815] virtio_blk virtio31: 4/0/0 default/read/poll queues
[    0.829881] virtio_blk virtio31: [vdc] 4194304 512-byte logical blocks (2.15 GB/2.00 GiB)
[    0.829881] virtio_blk virtio31: [vdc] 4194304 512-byte logical blocks (2.15 GB/2.00 GiB)
[    0.832165]  vdc: vdc1
[    0.832165]  vdc: vdc1
[    0.833461] wireguard: WireGuard 1.0.0 loaded. See www.wireguard.com for information.
[    0.833461] wireguard: WireGuard 1.0.0 loaded. See www.wireguard.com for information.
[    0.834474] wireguard: Copyright (C) 2015-2019 Jason A. Donenfeld <Jason@zx2c4.com>. All Rights Reserved.
[    0.834474] wireguard: Copyright (C) 2015-2019 Jason A. Donenfeld <Jason@zx2c4.com>. All Rights Reserved.
[    0.836105] tun: Universal TUN/TAP device driver, 1.6
[    0.836105] tun: Universal TUN/TAP device driver, 1.6
[    0.845009] usbcore: registered new interface driver uas
[    0.845009] usbcore: registered new interface driver uas
[    0.845781] usbcore: registered new interface driver usb-storage
[    0.845781] usbcore: registered new interface driver usb-storage
[    0.846655] i8042: PNP: No PS/2 controller found.
[    0.846655] i8042: PNP: No PS/2 controller found.
[    0.847460] usbcore: registered new interface driver xpad
[    0.847460] usbcore: registered new interface driver xpad
[    0.848863] rtc_cmos rtc_cmos: registered as rtc0
[    0.848863] rtc_cmos rtc_cmos: registered as rtc0
[    0.849607] rtc_cmos rtc_cmos: setting system clock to 2026-09-28T22:26:54 UTC (1790634414)
[    0.849607] rtc_cmos rtc_cmos: setting system clock to 2026-09-28T22:26:54 UTC (1790634414)
[    0.850736] rtc_cmos rtc_cmos: alarms up to one year, y3k, 114 bytes nvram
[    0.850736] rtc_cmos rtc_cmos: alarms up to one year, y3k, 114 bytes nvram
[    0.851604] gspca_main: v2.14.0 registered
[    0.851604] gspca_main: v2.14.0 registered
[    0.852171] usbcore: registered new interface driver uvcvideo
[    0.852171] usbcore: registered new interface driver uvcvideo
[    0.853096] device-mapper: uevent: version 1.0.3
[    0.853096] device-mapper: uevent: version 1.0.3
[    0.853963] device-mapper: ioctl: 4.48.0-ioctl (2023-03-01) initialised: dm-devel@redhat.com
[    0.853963] device-mapper: ioctl: 4.48.0-ioctl (2023-03-01) initialised: dm-devel@redhat.com
[    0.855434] intel_pstate: CPU model not supported
[    0.855434] intel_pstate: CPU model not supported
[    0.856128] sdhci: Secure Digital Host Controller Interface driver
[    0.856128] sdhci: Secure Digital Host Controller Interface driver
[    0.856961] sdhci: Copyright(c) Pierre Ossman
[    0.856961] sdhci: Copyright(c) Pierre Ossman
[    0.857575] sdhci-pltfm: SDHCI platform and OF driver helper
[    0.857575] sdhci-pltfm: SDHCI platform and OF driver helper
[    0.858480] hid: raw HID events driver (C) Jiri Kosina
[    0.858480] hid: raw HID events driver (C) Jiri Kosina
[    0.859532] usbcore: registered new interface driver usbhid
[    0.859532] usbcore: registered new interface driver usbhid
[    0.860239] usbhid: USB HID core driver
[    0.860239] usbhid: USB HID core driver
[    0.860816] ashmem: initialized
[    0.860816] ashmem: initialized
[    0.861510] usbcore: registered new interface driver snd-usb-audio
[    0.861510] usbcore: registered new interface driver snd-usb-audio
[    0.862547] GACT probability on
[    0.862547] GACT probability on
[    0.862989] Mirror/redirect action on
[    0.862989] Mirror/redirect action on
[    0.863520] netem: version 1.3
[    0.863520] netem: version 1.3
[    0.863935] u32 classifier
[    0.863935] u32 classifier
[    0.864337]     input device check on
[    0.864337]     input device check on
[    0.864841]     Actions configured
[    0.864841]     Actions configured
[    0.868712] Freeing initrd memory: 60720K
[    0.868712] Freeing initrd memory: 60720K
[    0.876932] xt_time: kernel timezone is -0000
[    0.876932] xt_time: kernel timezone is -0000
[    0.877580] ipip: IPv4 and MPLS over IPv4 tunneling driver
[    0.877580] ipip: IPv4 and MPLS over IPv4 tunneling driver
[    0.878380] gre: GRE over IPv4 demultiplexor driver
[    0.878380] gre: GRE over IPv4 demultiplexor driver
[    0.879003] ip_gre: GRE over IPv4 tunneling driver
[    0.879003] ip_gre: GRE over IPv4 tunneling driver
[    0.879816] IPv4 over IPsec tunneling driver
[    0.879816] IPv4 over IPsec tunneling driver
[    0.880441] Initializing XFRM netlink socket
[    0.880441] Initializing XFRM netlink socket
[    0.880989] IPsec XFRM device driver
[    0.880989] IPsec XFRM device driver
[    0.881495] NET: Registered PF_INET6 protocol family
[    0.881495] NET: Registered PF_INET6 protocol family
[    0.882605] Segment Routing with IPv6
[    0.882605] Segment Routing with IPv6
[    0.883089] In-situ OAM (IOAM) with IPv6
[    0.883089] In-situ OAM (IOAM) with IPv6
[    0.883637] mip6: Mobile IPv6
[    0.883637] mip6: Mobile IPv6
[    0.884171] sit: IPv6, IPv4 and MPLS over IPv4 tunneling driver
[    0.884171] sit: IPv6, IPv4 and MPLS over IPv4 tunneling driver
[    0.885169] ip6_gre: GRE over IPv6 tunneling driver
[    0.885169] ip6_gre: GRE over IPv6 tunneling driver
[    0.885913] NET: Registered PF_PACKET protocol family
[    0.885913] NET: Registered PF_PACKET protocol family
[    0.886653] NET: Registered PF_KEY protocol family
[    0.886653] NET: Registered PF_KEY protocol family
[    0.887474] NET: Registered PF_VSOCK protocol family
[    0.887474] NET: Registered PF_VSOCK protocol family
[    0.891476] IPI shorthand broadcast: enabled
[    0.891476] IPI shorthand broadcast: enabled
[    0.892057] AVX2 version of gcm_enc/dec engaged.
[    0.892057] AVX2 version of gcm_enc/dec engaged.
[    0.892846] AES CTR mode by8 optimization enabled
[    0.892846] AES CTR mode by8 optimization enabled
[    0.895750] sched_clock: Marking stable (876426756, 16995901)->(1034893660, -141471003)
[    0.895750] sched_clock: Marking stable (876426756, 16995901)->(1034893660, -141471003)
[    0.897112] registered taskstats version 1
[    0.897112] registered taskstats version 1
[    0.897711] Loading compiled-in X.509 certificates
[    0.897711] Loading compiled-in X.509 certificates
[    0.898717] Loaded X.509 cert 'Build time autogenerated kernel key: f1c72b8064eeeae48b70b6e9a5675c4cb3b4f3bc'
[    0.898717] Loaded X.509 cert 'Build time autogenerated kernel key: f1c72b8064eeeae48b70b6e9a5675c4cb3b4f3bc'
[    0.905272] page_owner is disabled
[    0.905272] page_owner is disabled
[    0.905817] Key type .fscrypt registered
[    0.905817] Key type .fscrypt registered
[    0.906320] Key type fscrypt-provisioning registered
[    0.906320] Key type fscrypt-provisioning registered
[    0.907178] ALSA device list:
[    0.907178] ALSA device list:
[    0.907560]   No soundcards found.
[    0.907560]   No soundcards found.
[    0.909029] Freeing unused kernel image (initmem) memory: 3064K
[    0.909029] Freeing unused kernel image (initmem) memory: 3064K
[    0.909491] Write protecting the kernel read-only data: 38912k
[    0.909491] Write protecting the kernel read-only data: 38912k
[    0.910347] Freeing unused kernel image (rodata/data gap) memory: 2020K
[    0.910347] Freeing unused kernel image (rodata/data gap) memory: 2020K
[    0.910851] Run /init as init process
[    0.910851] Run /init as init process
[    0.911148]   with arguments:
[    0.911148]   with arguments:
[    0.911387]     /init
[    0.911387]     /init
[    0.911571]   with environment:
[    0.911571]   with environment:
[    0.911824]     HOME=/
[    0.911824]     HOME=/
[    0.912017]     TERM=linux
[    0.912017]     TERM=linux
[    0.913536] init: init first stage started!
[    0.913536] init: init first stage started!
[    0.914067] init: Release specific kernel module dir 6.6.142-gc905c29016dd found, loading modules from here with no fallbacks.
[    0.914067] init: Release specific kernel module dir 6.6.142-gc905c29016dd found, loading modules from here with no fallbacks.
[    0.916709] init: Copied ramdisk prop to /second_stage_resources/system/etc/ramdisk/build.prop
[    0.916709] init: Copied ramdisk prop to /second_stage_resources/system/etc/ramdisk/build.prop
[    0.917429] init: Using generic ramdisk copy of snapuserd /system/bin/snapuserd_ramdisk
[    0.917429] init: Using generic ramdisk copy of snapuserd /system/bin/snapuserd_ramdisk
[    0.918161] init: hard linking /system/bin/snapuserd_ramdisk to /first_stage_ramdisk/system/bin/snapuserd succeeded
[    0.918161] init: hard linking /system/bin/snapuserd_ramdisk to /first_stage_ramdisk/system/bin/snapuserd succeeded
[    0.919067] init: Switching root to '/first_stage_ramdisk'
[    0.919067] init: Switching root to '/first_stage_ramdisk'
[    0.919868] init: [libfstab] Using Android DT directory /proc/device-tree/firmware/android/
[    0.919868] init: [libfstab] Using Android DT directory /proc/device-tree/firmware/android/
[    0.924715] init: [libfs_mgr] superblock s_max_mnt_count:65535,/dev/block/by-name/metadata
[    0.924715] init: [libfs_mgr] superblock s_max_mnt_count:65535,/dev/block/by-name/metadata
[    0.925373] init: [libfs_mgr] Filesystem on /dev/block/by-name/metadata was not cleanly shutdown; state flags: 0x1, incompat feature flags: 0x46
[    0.925373] init: [libfs_mgr] Filesystem on /dev/block/by-name/metadata was not cleanly shutdown; state flags: 0x1, incompat feature flags: 0x46
[    0.945588] EXT4-fs (vda18): recovery complete
[    0.945588] EXT4-fs (vda18): recovery complete
[    0.951994] EXT4-fs (vda18): mounted filesystem 4603b648-801c-444c-ba09-48af3c616bad r/w with ordered data mode. Quota mode: none.
[    0.951994] EXT4-fs (vda18): mounted filesystem 4603b648-801c-444c-ba09-48af3c616bad r/w with ordered data mode. Quota mode: none.
[    0.953090] init: [libfs_mgr] check_fs(): mount(/dev/block/by-name/metadata,/metadata,ext4)=0: Success
[    0.953090] init: [libfs_mgr] check_fs(): mount(/dev/block/by-name/metadata,/metadata,ext4)=0: Success
[    0.954079] EXT4-fs (vda18): unmounting filesystem 4603b648-801c-444c-ba09-48af3c616bad.
[    0.954079] EXT4-fs (vda18): unmounting filesystem 4603b648-801c-444c-ba09-48af3c616bad.
[    0.960976] init: [libfs_mgr] umount_retry(): unmount(/metadata) succeeded
[    0.960976] init: [libfs_mgr] umount_retry(): unmount(/metadata) succeeded
[    0.961628] init: [libfs_mgr] Not running /system/bin/e2fsck on /dev/block/vda18 (executable not in system image)
[    0.961628] init: [libfs_mgr] Not running /system/bin/e2fsck on /dev/block/vda18 (executable not in system image)
[    0.962594] init: [libfs_mgr] fsck on /metadata took 36ms
[    0.962594] init: [libfs_mgr] fsck on /metadata took 36ms
[    0.969502] EXT4-fs (vda18): mounted filesystem 4603b648-801c-444c-ba09-48af3c616bad r/w with ordered data mode. Quota mode: none.
[    0.969502] EXT4-fs (vda18): mounted filesystem 4603b648-801c-444c-ba09-48af3c616bad r/w with ordered data mode. Quota mode: none.
[    0.970478] init: [libfs_mgr] __mount(source=/dev/block/by-name/metadata,target=/metadata,type=ext4)=0: Success
[    0.970478] init: [libfs_mgr] __mount(source=/dev/block/by-name/metadata,target=/metadata,type=ext4)=0: Success
[    0.971528] init: Failed to copy /avb into /metadata/gsi/dsu/avb/: No such file or directory
[    0.971528] init: Failed to copy /avb into /metadata/gsi/dsu/avb/: No such file or directory
[    0.972942] init: [libfs_mgr] Created logical partition product_a on device /dev/block/dm-0
[    0.972942] init: [libfs_mgr] Created logical partition product_a on device /dev/block/dm-0
[    0.973596] init: [libfs_mgr] Skipping zero-length logical partition: product_b
[    0.973596] init: [libfs_mgr] Skipping zero-length logical partition: product_b
[    0.974371] init: [libfs_mgr] Created logical partition system_a on device /dev/block/dm-1
[    0.974371] init: [libfs_mgr] Created logical partition system_a on device /dev/block/dm-1
[    0.975170] init: [libfs_mgr] Created logical partition system_b on device /dev/block/dm-2
[    0.975170] init: [libfs_mgr] Created logical partition system_b on device /dev/block/dm-2
[    0.975992] init: [libfs_mgr] Created logical partition system_ext_a on device /dev/block/dm-3
[    0.975992] init: [libfs_mgr] Created logical partition system_ext_a on device /dev/block/dm-3
[    0.976645] init: [libfs_mgr] Skipping zero-length logical partition: system_ext_b
[    0.976645] init: [libfs_mgr] Skipping zero-length logical partition: system_ext_b
[    0.977241] init: [libfs_mgr] Skipping zero-length logical partition: system_dlkm_b
[    0.977241] init: [libfs_mgr] Skipping zero-length logical partition: system_dlkm_b
[    0.978008] init: [libfs_mgr] Created logical partition odm_a on device /dev/block/dm-4
[    0.978008] init: [libfs_mgr] Created logical partition odm_a on device /dev/block/dm-4
[    0.978614] init: [libfs_mgr] Skipping zero-length logical partition: odm_b
[    0.978614] init: [libfs_mgr] Skipping zero-length logical partition: odm_b
[    0.979722] init: [libfs_mgr] Created logical partition vendor_a on device /dev/block/dm-5
[    0.979722] init: [libfs_mgr] Created logical partition vendor_a on device /dev/block/dm-5
[    0.980639] init: [libfs_mgr] Skipping zero-length logical partition: vendor_b
[    0.980639] init: [libfs_mgr] Skipping zero-length logical partition: vendor_b
[    0.981265] init: [libfs_mgr] Skipping zero-length logical partition: vendor_dlkm_b
[    0.981265] init: [libfs_mgr] Skipping zero-length logical partition: vendor_dlkm_b
[    0.982085] init: [libfs_mgr] Created logical partition odm_dlkm_a on device /dev/block/dm-6
[    0.982085] init: [libfs_mgr] Created logical partition odm_dlkm_a on device /dev/block/dm-6
[    0.982723] init: [libfs_mgr] Skipping zero-length logical partition: odm_dlkm_b
[    0.982723] init: [libfs_mgr] Skipping zero-length logical partition: odm_dlkm_b
[    0.983515] init: [libfs_mgr] Created logical partition vendor_dlkm_a on device /dev/block/dm-7
[    0.983515] init: [libfs_mgr] Created logical partition vendor_dlkm_a on device /dev/block/dm-7
[    0.984488] init: [libfs_mgr] Created logical partition system_dlkm_a on device /dev/block/dm-8
[    0.984488] init: [libfs_mgr] Created logical partition system_dlkm_a on device /dev/block/dm-8
[    0.985188] init: DSU not detected, proceeding with normal boot
[    0.985188] init: DSU not detected, proceeding with normal boot
[    0.989450] init: [libfs_avb] Returning avb_handle with status: Success
[    0.989450] init: [libfs_avb] Returning avb_handle with status: Success
[    0.990077] init: [libfs_avb] : Error verifying vbmeta image: OK_NOT_SIGNED
[    0.990077] init: [libfs_avb] : Error verifying vbmeta image: OK_NOT_SIGNED
[    0.990653] init: [libfs_avb] public key data shouldn't be empty for /system
[    0.990653] init: [libfs_avb] public key data shouldn't be empty for /system
[    0.991196] init: [libfs_avb] Found unknown public key used to sign /system
[    0.991196] init: [libfs_avb] Found unknown public key used to sign /system
[    0.991712] init: [libfs_avb] Returning avb_handle for '/system' with status: VerificationError
[    0.991712] init: [libfs_avb] Returning avb_handle for '/system' with status: VerificationError
[    0.992401] init: [libfs_avb] Built verity table: '1 /dev/block/dm-1 /dev/block/dm-1 4096 4096 228788 228788 sha256 3964dc37e5aeec4346ff7bda8d542ca5a582ed196de357b3c6d911da5933a21d 209d156d8b7216d8224676a424f22672683de224424387e0f24080f0230d2ea9 10 use_fec_from_device /dev/block/dm-1 fec_roots 2 fec_blocks 230591 fec_start 230591 restart_on_corruption ignore_zero_blocks'
[    0.992401] init: [libfs_avb] Built verity table: '1 /dev/block/dm-1 /dev/block/dm-1 4096 4096 228788 228788 sha256 3964dc37e5aeec4346ff7bda8d542ca5a582ed196de357b3c6d911da5933a21d 209d156d8b7216d8224676a424f22672683de224424387e0f24080f0230d2ea9 10 use_fec_from_device /dev/block/dm-1 fec_roots 2 fec_blocks 230591 fec_start 230591 restart_on_corruption ignore_zero_blocks'
[    0.994889] device-mapper: verity: sha256 using shash "sha256-avx2"
[    0.994889] device-mapper: verity: sha256 using shash "sha256-avx2"
[    0.996567] erofs: (device dm-9): initialized per-cpu workers successfully.
[    0.996567] erofs: (device dm-9): initialized per-cpu workers successfully.
[    0.997152] erofs: (device dm-9): mounted with root inode @ nid 55.
[    0.997152] erofs: (device dm-9): mounted with root inode @ nid 55.
[    0.997666] init: [libfs_mgr] __mount(source=/dev/block/dm-9,target=/system,type=erofs)=0: Success
[    0.997666] init: [libfs_mgr] __mount(source=/dev/block/dm-9,target=/system,type=erofs)=0: Success
[    0.998563] init: Switching root to '/system'
[    0.998563] init: Switching root to '/system'
[    0.999320] init: [libfs_avb] Built verity table: '1 /dev/block/dm-4 /dev/block/dm-4 4096 4096 105 105 sha256 22ead761863d206415014fb679cbb484cb32dd0a6a1f3874e12841d49ff614bf 209d156d8b7216d8224676a424f22672683de224424387e0f24080f0230d2ea9 10 use_fec_from_device /dev/block/dm-4 fec_roots 2 fec_blocks 106 fec_start 106 restart_on_corruption ignore_zero_blocks'
[    0.999320] init: [libfs_avb] Built verity table: '1 /dev/block/dm-4 /dev/block/dm-4 4096 4096 105 105 sha256 22ead761863d206415014fb679cbb484cb32dd0a6a1f3874e12841d49ff614bf 209d156d8b7216d8224676a424f22672683de224424387e0f24080f0230d2ea9 10 use_fec_from_device /dev/block/dm-4 fec_roots 2 fec_blocks 106 fec_start 106 restart_on_corruption ignore_zero_blocks'
[    1.001824] device-mapper: verity: sha256 using shash "sha256-avx2"
[    1.001824] device-mapper: verity: sha256 using shash "sha256-avx2"
[    1.002893] erofs: (device dm-10): mounted with root inode @ nid 38.
[    1.002893] erofs: (device dm-10): mounted with root inode @ nid 38.
[    1.003408] init: [libfs_mgr] __mount(source=/dev/block/dm-10,target=/odm,type=erofs)=0: Success
[    1.003408] init: [libfs_mgr] __mount(source=/dev/block/dm-10,target=/odm,type=erofs)=0: Success
[    1.004234] init: [libfs_avb] Built verity table: '1 /dev/block/dm-0 /dev/block/dm-0 4096 4096 69962 69962 sha256 897b3e7b347475a2e3013f8c3650f0923996346d13476579772e8973313cb950 209d156d8b7216d8224676a424f22672683de224424387e0f24080f0230d2ea9 10 use_fec_from_device /dev/block/dm-0 fec_roots 2 fec_blocks 70515 fec_start 70515 restart_on_corruption ignore_zero_blocks'
[    1.004234] init: [libfs_avb] Built verity table: '1 /dev/block/dm-0 /dev/block/dm-0 4096 4096 69962 69962 sha256 897b3e7b347475a2e3013f8c3650f0923996346d13476579772e8973313cb950 209d156d8b7216d8224676a424f22672683de224424387e0f24080f0230d2ea9 10 use_fec_from_device /dev/block/dm-0 fec_roots 2 fec_blocks 70515 fec_start 70515 restart_on_corruption ignore_zero_blocks'
[    1.006715] device-mapper: verity: sha256 using shash "sha256-avx2"
[    1.006715] device-mapper: verity: sha256 using shash "sha256-avx2"
[    1.008348] erofs: (device dm-11): mounted with root inode @ nid 40.
[    1.008348] erofs: (device dm-11): mounted with root inode @ nid 40.
[    1.008957] init: [libfs_mgr] __mount(source=/dev/block/dm-11,target=/product,type=erofs)=0: Success
[    1.008957] init: [libfs_mgr] __mount(source=/dev/block/dm-11,target=/product,type=erofs)=0: Success
[    1.009821] init: [libfs_avb] Built verity table: '1 /dev/block/dm-3 /dev/block/dm-3 4096 4096 63748 63748 blake2b-256 06590b84ce6949d804bf7b17fb7af02cd5a377cbc2561f426ceed114bf1afedf 209d156d8b7216d8224676a424f22672683de224424387e0f24080f0230d2ea9 10 use_fec_from_device /dev/block/dm-3 fec_roots 2 fec_blocks 64252 fec_start 64252 restart_on_corruption ignore_zero_blocks'
[    1.009821] init: [libfs_avb] Built verity table: '1 /dev/block/dm-3 /dev/block/dm-3 4096 4096 63748 63748 blake2b-256 06590b84ce6949d804bf7b17fb7af02cd5a377cbc2561f426ceed114bf1afedf 209d156d8b7216d8224676a424f22672683de224424387e0f24080f0230d2ea9 10 use_fec_from_device /dev/block/dm-3 fec_roots 2 fec_blocks 64252 fec_start 64252 restart_on_corruption ignore_zero_blocks'
[    1.012502] device-mapper: verity: blake2b-256 using shash "blake2b-256-generic"
[    1.012502] device-mapper: verity: blake2b-256 using shash "blake2b-256-generic"
[    1.014550] erofs: (device dm-12): mounted with root inode @ nid 39.
[    1.014550] erofs: (device dm-12): mounted with root inode @ nid 39.
[    1.015096] init: [libfs_mgr] __mount(source=/dev/block/dm-12,target=/system_ext,type=erofs)=0: Success
[    1.015096] init: [libfs_mgr] __mount(source=/dev/block/dm-12,target=/system_ext,type=erofs)=0: Success
[    1.016054] init: [libfs_avb] Built verity table: '1 /dev/block/dm-5 /dev/block/dm-5 4096 4096 68954 68954 sha256 b8cb9c96c14326646bbae0cd284b03b9aa6b7089b4eef65662ff8958339c5374 209d156d8b7216d8224676a424f22672683de224424387e0f24080f0230d2ea9 10 use_fec_from_device /dev/block/dm-5 fec_roots 2 fec_blocks 69499 fec_start 69499 restart_on_corruption ignore_zero_blocks'
[    1.016054] init: [libfs_avb] Built verity table: '1 /dev/block/dm-5 /dev/block/dm-5 4096 4096 68954 68954 sha256 b8cb9c96c14326646bbae0cd284b03b9aa6b7089b4eef65662ff8958339c5374 209d156d8b7216d8224676a424f22672683de224424387e0f24080f0230d2ea9 10 use_fec_from_device /dev/block/dm-5 fec_roots 2 fec_blocks 69499 fec_start 69499 restart_on_corruption ignore_zero_blocks'
[    1.018679] device-mapper: verity: sha256 using shash "sha256-avx2"
[    1.018679] device-mapper: verity: sha256 using shash "sha256-avx2"
[    1.020528] erofs: (device dm-13): mounted with root inode @ nid 48.
[    1.020528] erofs: (device dm-13): mounted with root inode @ nid 48.
[    1.021047] init: [libfs_mgr] __mount(source=/dev/block/dm-13,target=/vendor,type=erofs)=0: Success
[    1.021047] init: [libfs_mgr] __mount(source=/dev/block/dm-13,target=/vendor,type=erofs)=0: Success
[    1.021920] init: [libfs_avb] Built verity table: '1 /dev/block/dm-7 /dev/block/dm-7 4096 4096 4098 4098 sha256 df7d19029802ca36c13e67c27ac2ff068733a1c10d7cf4fa02b4a535dff5120e 62bbaaa0e4bd99e783ac 10 use_fec_from_device /dev/block/dm-7 fec_roots 2 fec_blocks 4132 fec_start 4132 restart_on_corruption ignore_zero_blocks'
[    1.021920] init: [libfs_avb] Built verity table: '1 /dev/block/dm-7 /dev/block/dm-7 4096 4096 4098 4098 sha256 df7d19029802ca36c13e67c27ac2ff068733a1c10d7cf4fa02b4a535dff5120e 62bbaaa0e4bd99e783ac 10 use_fec_from_device /dev/block/dm-7 fec_roots 2 fec_blocks 4132 fec_start 4132 restart_on_corruption ignore_zero_blocks'
[    1.024189] device-mapper: verity: sha256 using shash "sha256-avx2"
[    1.024189] device-mapper: verity: sha256 using shash "sha256-avx2"
[    1.025739] erofs: (device dm-14): erofs_read_superblock: cannot find valid erofs superblock
[    1.025739] erofs: (device dm-14): erofs_read_superblock: cannot find valid erofs superblock
[    1.026490] init: [libfs_mgr] __mount(source=/dev/block/dm-14,target=/vendor_dlkm,type=erofs)=-1: Invalid argument
[    1.026490] init: [libfs_mgr] __mount(source=/dev/block/dm-14,target=/vendor_dlkm,type=erofs)=-1: Invalid argument
[    1.027444] init: [libfs_mgr] superblock s_max_mnt_count:65535,/dev/block/dm-14
[    1.027444] init: [libfs_mgr] superblock s_max_mnt_count:65535,/dev/block/dm-14
[    1.028417] EXT4-fs (dm-14): mounted filesystem cb09b942-ed4e-46a1-81dd-7d535bf6c4b1 ro with ordered data mode. Quota mode: none.
[    1.028417] EXT4-fs (dm-14): mounted filesystem cb09b942-ed4e-46a1-81dd-7d535bf6c4b1 ro with ordered data mode. Quota mode: none.
[    1.029408] init: [libfs_mgr] __mount(source=/dev/block/dm-14,target=/vendor_dlkm,type=ext4)=0: Success
[    1.029408] init: [libfs_mgr] __mount(source=/dev/block/dm-14,target=/vendor_dlkm,type=ext4)=0: Success
[    1.030292] init: [libfs_avb] Built verity table: '1 /dev/block/dm-6 /dev/block/dm-6 4096 4096 2 2 sha256 a49fbd1068ae07071e7744afc6d3e26fa016d08276454dab118adc0a160b2f4e 209d156d8b7216d8224676a424f22672683de224424387e0f24080f0230d2ea9 10 use_fec_from_device /dev/block/dm-6 fec_roots 2 fec_blocks 3 fec_start 3 restart_on_corruption ignore_zero_blocks'
[    1.030292] init: [libfs_avb] Built verity table: '1 /dev/block/dm-6 /dev/block/dm-6 4096 4096 2 2 sha256 a49fbd1068ae07071e7744afc6d3e26fa016d08276454dab118adc0a160b2f4e 209d156d8b7216d8224676a424f22672683de224424387e0f24080f0230d2ea9 10 use_fec_from_device /dev/block/dm-6 fec_roots 2 fec_blocks 3 fec_start 3 restart_on_corruption ignore_zero_blocks'
[    1.032759] device-mapper: verity: sha256 using shash "sha256-avx2"
[    1.032759] device-mapper: verity: sha256 using shash "sha256-avx2"
[    1.034140] erofs: (device dm-15): mounted with root inode @ nid 38.
[    1.034140] erofs: (device dm-15): mounted with root inode @ nid 38.
[    1.034758] init: [libfs_mgr] __mount(source=/dev/block/dm-15,target=/odm_dlkm,type=erofs)=0: Success
[    1.034758] init: [libfs_mgr] __mount(source=/dev/block/dm-15,target=/odm_dlkm,type=erofs)=0: Success
[    1.035696] init: [libfs_avb] : Error verifying vbmeta image: OK_NOT_SIGNED
[    1.035696] init: [libfs_avb] : Error verifying vbmeta image: OK_NOT_SIGNED
[    1.036326] init: [libfs_avb] public key data shouldn't be empty for /system_dlkm
[    1.036326] init: [libfs_avb] public key data shouldn't be empty for /system_dlkm
[    1.036968] init: [libfs_avb] Found unknown public key used to sign /system_dlkm
[    1.036968] init: [libfs_avb] Found unknown public key used to sign /system_dlkm
[    1.037542] init: [libfs_avb] Returning avb_handle for '/system_dlkm' with status: VerificationError
[    1.037542] init: [libfs_avb] Returning avb_handle for '/system_dlkm' with status: VerificationError
[    1.038271] init: Image rollback detected for /system_dlkm, SPL switches from '' to ''
[    1.038271] init: Image rollback detected for /system_dlkm, SPL switches from '' to ''
[    1.038993] init: Allowing rollbacked standalone image when the device is unlocked
[    1.038993] init: Allowing rollbacked standalone image when the device is unlocked
[    1.039611] init: [libfs_avb] Built verity table: '1 /dev/block/dm-8 /dev/block/dm-8 4096 4096 4097 4097 sha256 d0f822b2d9a9196961e4507a2cc96f239937af26250d74499e106f387854ec8b 62bbaaa0e4bd99e783ac 10 use_fec_from_device /dev/block/dm-8 fec_roots 2 fec_blocks 4131 fec_start 4131 restart_on_corruption ignore_zero_blocks'
[    1.039611] init: [libfs_avb] Built verity table: '1 /dev/block/dm-8 /dev/block/dm-8 4096 4096 4097 4097 sha256 d0f822b2d9a9196961e4507a2cc96f239937af26250d74499e106f387854ec8b 62bbaaa0e4bd99e783ac 10 use_fec_from_device /dev/block/dm-8 fec_roots 2 fec_blocks 4131 fec_start 4131 restart_on_corruption ignore_zero_blocks'
[    1.041923] device-mapper: verity: sha256 using shash "sha256-avx2"
[    1.041923] device-mapper: verity: sha256 using shash "sha256-avx2"
[    1.043547] erofs: (device dm-16): erofs_read_superblock: cannot find valid erofs superblock
[    1.043547] erofs: (device dm-16): erofs_read_superblock: cannot find valid erofs superblock
[    1.044206] init: [libfs_mgr] __mount(source=/dev/block/dm-16,target=/system_dlkm,type=erofs)=-1: Invalid argument
[    1.044206] init: [libfs_mgr] __mount(source=/dev/block/dm-16,target=/system_dlkm,type=erofs)=-1: Invalid argument
[    1.045117] init: [libfs_mgr] superblock s_max_mnt_count:65535,/dev/block/dm-16
[    1.045117] init: [libfs_mgr] superblock s_max_mnt_count:65535,/dev/block/dm-16
[    1.046254] EXT4-fs (dm-16): mounted filesystem cb09b942-ed4e-46a1-81dd-7d535bf6c4b1 ro with ordered data mode. Quota mode: none.
[    1.046254] EXT4-fs (dm-16): mounted filesystem cb09b942-ed4e-46a1-81dd-7d535bf6c4b1 ro with ordered data mode. Quota mode: none.
[    1.047160] init: [libfs_mgr] __mount(source=/dev/block/dm-16,target=/system_dlkm,type=ext4)=0: Success
[    1.047160] init: [libfs_mgr] __mount(source=/dev/block/dm-16,target=/system_dlkm,type=ext4)=0: Success
[    1.058593] init: Skipped setting INIT_AVB_VERSION (not in recovery mode)
[    1.058593] init: Skipped setting INIT_AVB_VERSION (not in recovery mode)
[    1.104466] init: [libfstab] Using Android DT directory /proc/device-tree/firmware/android/
[    1.104466] init: [libfstab] Using Android DT directory /proc/device-tree/firmware/android/
[    1.106744] init: Opening SELinux policy
[    1.106744] init: Opening SELinux policy
[    1.110424] init: Loading SELinux policy
[    1.110424] init: Loading SELinux policy
[    1.120456] SELinux:  policy capability network_peer_controls=1
[    1.120456] SELinux:  policy capability network_peer_controls=1
[    1.120961] SELinux:  policy capability open_perms=1
[    1.120961] SELinux:  policy capability open_perms=1
[    1.121360] SELinux:  policy capability extended_socket_class=1
[    1.121360] SELinux:  policy capability extended_socket_class=1
[    1.121806] SELinux:  policy capability always_check_network=0
[    1.121806] SELinux:  policy capability always_check_network=0
[    1.122262] SELinux:  policy capability cgroup_seclabel=0
[    1.122262] SELinux:  policy capability cgroup_seclabel=0
[    1.122701] SELinux:  policy capability nnp_nosuid_transition=1
[    1.122701] SELinux:  policy capability nnp_nosuid_transition=1
[    1.123147] SELinux:  policy capability genfs_seclabel_symlinks=0
[    1.123147] SELinux:  policy capability genfs_seclabel_symlinks=0
[    1.123605] SELinux:  policy capability ioctl_skip_cloexec=0
[    1.123605] SELinux:  policy capability ioctl_skip_cloexec=0
[    1.124057] SELinux:  unknown policy capability 9
[    1.124057] SELinux:  unknown policy capability 9
[    1.124403] SELinux:  unknown policy capability 12
[    1.124403] SELinux:  unknown policy capability 12
[    1.124772] SELinux:  unknown policy capability 13
[    1.124772] SELinux:  unknown policy capability 13
[    1.127540] audit: type=1403 audit(1790634414.755:2): auid=4294967295 ses=4294967295 lsm=selinux res=1
[    1.127540] audit: type=1403 audit(1790634414.755:2): auid=4294967295 ses=4294967295 lsm=selinux res=1
[    1.128268] audit: type=1300 audit(1790634414.755:2): arch=c000003e syscall=1 success=yes exit=911737 a0=4 a1=78dfa58cd680 a2=de979 a3=0 items=0 ppid=0 pid=1 auid=4294967295 uid=0 gid=0 euid=0 suid=0 fsuid=0 egid=0 sgid=0 fsgid=0 tty=(none) ses=4294967295 comm="init" exe="/system/bin/init" subj=u:r:kernel:s0 key=(null)
[    1.129956] selinux: SELinux: Loaded file context from:
[    1.130232] audit: type=1327 audit(1790634414.755:2): proctitle=2F73797374656D2F62696E2F696E69740073656C696E75785F7365747570
[    1.130622] selinux: 		/system/etc/selinux/plat_file_contexts
[    1.131396] audit: type=1404 audit(1790634414.771:3): enforcing=1 old_enforcing=0 auid=4294967295 ses=4294967295 enabled=1 old-enabled=1 lsm=selinux res=1
[    1.131813] selinux: 		/system_ext/etc/selinux/system_ext_file_contexts
[    1.132756] audit: type=1300 audit(1790634414.771:3): arch=c000003e syscall=1 success=yes exit=1 a0=4 a1=7fffadeb65d0 a2=1 a3=0 items=0 ppid=0 pid=1 auid=4294967295 uid=0 gid=0 euid=0 suid=0 fsuid=0 egid=0 sgid=0 fsgid=0 tty=(none) ses=4294967295 comm="init" exe="/system/bin/init" subj=u:r:kernel:s0 key=(null)
[    1.133266] selinux: 		/product/etc/selinux/product_file_contexts
[    1.135141] audit: type=1327 audit(1790634414.771:3): proctitle=2F73797374656D2F62696E2F696E69740073656C696E75785F7365747570
[    1.135665] selinux: 		/vendor/etc/selinux/vendor_file_contexts
[    1.128268] audit: type=1300 audit(1790634414.755:2): arch=c000003e syscall=1 success=yes exit=911737 a0=4 a1=78dfa58cd680 a2=de979 a3=0 items=0 ppid=0 pid=1 auid=4294967295 uid=0 gid=0 euid=0 suid=0 fsuid=0 egid=0 sgid=0 fsgid=0 tty=(none) ses=4294967295 comm="init" exe="/system/bin/init" subj=u:r:kernel:s0 key=(null)
[    1.129956] selinux: SELinux: Loaded file context from:
[    1.130232] audit: type=1327 audit(1790634414.755:2): proctitle=2F73797374656D2F62696E2F696E69740073656C696E75785F7365747570
[    1.130622] selinux: 		/system/etc/selinux/plat_file_contexts
[    1.131396] audit: type=1404 audit(1790634414.771:3): enforcing=1 old_enforcing=0 auid=4294967295 ses=4294967295 enabled=1 old-enabled=1 lsm=selinux res=1
[    1.131813] selinux: 		/system_ext/etc/selinux/system_ext_file_contexts
[    1.132756] audit: type=1300 audit(1790634414.771:3): arch=c000003e syscall=1 success=yes exit=1 a0=4 a1=7fffadeb65d0 a2=1 a3=0 items=0 ppid=0 pid=1 auid=4294967295 uid=0 gid=0 euid=0 suid=0 fsuid=0 egid=0 sgid=0 fsgid=0 tty=(none) ses=4294967295 comm="init" exe="/system/bin/init" subj=u:r:kernel:s0 key=(null)
[    1.133266] selinux: 		/product/etc/selinux/product_file_contexts
[    1.135141] audit: type=1327 audit(1790634414.771:3): proctitle=2F73797374656D2F62696E2F696E69740073656C696E75785F7365747570
[    1.135665] selinux: 		/vendor/etc/selinux/vendor_file_contexts
[    1.137490] selinux: 		/odm/etc/selinux/odm_file_contexts
[    1.137490] selinux: 		/odm/etc/selinux/odm_file_contexts
[    1.146939] init: init second stage started!
[    1.146939] init: init second stage started!
[    1.155974] selinux: SELinux: Loaded file context from:
[    1.155974] selinux: SELinux: Loaded file context from:
[    1.156413] selinux: 		/system/etc/selinux/plat_file_contexts
[    1.156413] selinux: 		/system/etc/selinux/plat_file_contexts
[    1.156846] selinux: 		/system_ext/etc/selinux/system_ext_file_contexts
[    1.156846] selinux: 		/system_ext/etc/selinux/system_ext_file_contexts
[    1.157441] selinux: 		/product/etc/selinux/product_file_contexts
[    1.157441] selinux: 		/product/etc/selinux/product_file_contexts
[    1.157892] selinux: 		/vendor/etc/selinux/vendor_file_contexts
[    1.157892] selinux: 		/vendor/etc/selinux/vendor_file_contexts
[    1.158349] selinux: 		/odm/etc/selinux/odm_file_contexts
[    1.158349] selinux: 		/odm/etc/selinux/odm_file_contexts
[    1.178018] init: [libfstab] Using Android DT directory /proc/device-tree/firmware/android/
[    1.178018] init: [libfstab] Using Android DT directory /proc/device-tree/firmware/android/
[    1.181882] init: Overriding previous property 'ro.build.display.id':'generic_system-userdebug 17 CP2A.260605.016 16373615 test-keys' with new value 'aosp_cf_x86_64_only_phone-userdebug 17 CP2A.260605.016 16373615 test-keys'
[    1.181882] init: Overriding previous property 'ro.build.display.id':'generic_system-userdebug 17 CP2A.260605.016 16373615 test-keys' with new value 'aosp_cf_x86_64_only_phone-userdebug 17 CP2A.260605.016 16373615 test-keys'
[    1.183428] init: Overriding previous property 'ro.build.flavor':'generic_system-userdebug' with new value 'aosp_cf_x86_64_only_phone-userdebug'
[    1.183428] init: Overriding previous property 'ro.build.flavor':'generic_system-userdebug' with new value 'aosp_cf_x86_64_only_phone-userdebug'
[    1.184468] init: Overriding previous property 'ro.build.description':'generic_system-userdebug 17 CP2A.260605.016 16373615 test-keys' with new value 'aosp_cf_x86_64_only_phone-userdebug 17 CP2A.260605.016 16373615 test-keys'
[    1.184468] init: Overriding previous property 'ro.build.description':'generic_system-userdebug 17 CP2A.260605.016 16373615 test-keys' with new value 'aosp_cf_x86_64_only_phone-userdebug 17 CP2A.260605.016 16373615 test-keys'
[    1.186231] init: Overriding previous property 'ro.config.notification_sound':'OnTheHunt.ogg' with new value 'pixiedust.ogg'
[    1.186231] init: Overriding previous property 'ro.config.notification_sound':'OnTheHunt.ogg' with new value 'pixiedust.ogg'
[    1.187569] init: Overriding previous property 'ro.com.android.dataroaming':'false' with new value 'true'
[    1.187569] init: Overriding previous property 'ro.com.android.dataroaming':'false' with new value 'true'
[    1.189595] init: Setting product property ro.product.brand to 'generic' (from ro.product.product.brand)
[    1.189595] init: Setting product property ro.product.brand to 'generic' (from ro.product.product.brand)
[    1.190348] init: Setting product property ro.product.device to 'vsoc_x86_64_only' (from ro.product.product.device)
[    1.190348] init: Setting product property ro.product.device to 'vsoc_x86_64_only' (from ro.product.product.device)
[    1.191132] init: Setting product property ro.product.manufacturer to 'Google' (from ro.product.product.manufacturer)
[    1.191132] init: Setting product property ro.product.manufacturer to 'Google' (from ro.product.product.manufacturer)
[    1.191909] init: Setting product property ro.product.model to 'Cuttlefish x86_64 phone 64-bit only' (from ro.product.product.model)
[    1.191909] init: Setting product property ro.product.model to 'Cuttlefish x86_64 phone 64-bit only' (from ro.product.product.model)
[    1.192783] init: Setting product property ro.product.name to 'aosp_cf_x86_64_only_phone' (from ro.product.product.name)
[    1.192783] init: Setting product property ro.product.name to 'aosp_cf_x86_64_only_phone' (from ro.product.product.name)
[    1.193616] init: Setting property 'ro.build.fingerprint' to 'generic/aosp_cf_x86_64_only_phone/vsoc_x86_64_only:17/CP2A.260605.016/16373615:userdebug/test-keys'
[    1.193616] init: Setting property 'ro.build.fingerprint' to 'generic/aosp_cf_x86_64_only_phone/vsoc_x86_64_only:17/CP2A.260605.016/16373615:userdebug/test-keys'
[    1.194787] init: Setting property 'ro.product.cpu.abilist' to 'x86_64,arm64-v8a'
[    1.194787] init: Setting property 'ro.product.cpu.abilist' to 'x86_64,arm64-v8a'
[    1.195402] init: Setting property 'ro.product.cpu.abilist32' to ''
[    1.195402] init: Setting property 'ro.product.cpu.abilist32' to ''
[    1.195894] init: Setting property 'ro.product.cpu.abilist64' to 'x86_64,arm64-v8a'
[    1.195894] init: Setting property 'ro.product.cpu.abilist64' to 'x86_64,arm64-v8a'
[    1.197198] init: Running restorecon...
[    1.197198] init: Running restorecon...
[    1.205317] init: Created socket '/dev/socket/property_service_for_system', mode 660, user 0, group 1000
[    1.205317] init: Created socket '/dev/socket/property_service_for_system', mode 660, user 0, group 1000
[    1.206221] init: Created socket '/dev/socket/property_service', mode 666, user 0, group 0
[    1.206221] init: Created socket '/dev/socket/property_service', mode 666, user 0, group 0
[    1.207362] init: [libfs_mgr] vendor overlay: vndk version not defined
[    1.207362] init: [libfs_mgr] vendor overlay: vndk version not defined
[    1.208476] init: SetupMountNamespaces done
[    1.208476] init: SetupMountNamespaces done
[    1.209527] init: Forked subcontext for 'u:r:vendor_init:s0' with pid 129
[    1.209527] init: Forked subcontext for 'u:r:vendor_init:s0' with pid 129
[    1.210284] init: Parsing file /system/etc/init/hw/init.rc...
[    1.210284] init: Parsing file /system/etc/init/hw/init.rc...
[    1.211044] init: Added '/init.environ.rc' to import list
[    1.211044] init: Added '/init.environ.rc' to import list
[    1.211465] init: Added '/system/etc/init/hw/init.usb.rc' to import list
[    1.211465] init: Added '/system/etc/init/hw/init.usb.rc' to import list
[    1.211967] init: Added '/init.cutf_cvm.rc' to import list
[    1.211967] init: Added '/init.cutf_cvm.rc' to import list
[    1.212464] init: Added '/vendor/etc/init/hw/init.cutf_cvm.rc' to import list
[    1.212464] init: Added '/vendor/etc/init/hw/init.cutf_cvm.rc' to import list
[    1.213118] init: Added '/system/etc/init/hw/init.usb.configfs.rc' to import list
[    1.213118] init: Added '/system/etc/init/hw/init.usb.configfs.rc' to import list
[    1.213745] init: Added '/system/etc/init/hw/init.zygote64.rc' to import list
[    1.213745] init: Added '/system/etc/init/hw/init.zygote64.rc' to import list
[    1.214718] init: Added '/system/etc/init/hw/init.boringssl.zygote64.rc' to import list
[    1.214718] init: Added '/system/etc/init/hw/init.boringssl.zygote64.rc' to import list
[    1.215733] init: Added '/system/etc/init/init-perfetto.rc' to import list
[    1.215733] init: Added '/system/etc/init/init-perfetto.rc' to import list
[    1.216421] init: Parsing file /init.environ.rc...
[    1.216421] init: Parsing file /init.environ.rc...
[    1.216926] init: Parsing file /system/etc/init/hw/init.usb.rc...
[    1.216926] init: Parsing file /system/etc/init/hw/init.usb.rc...
[    1.217645] init: Parsing file /init.cutf_cvm.rc...
[    1.217645] init: Parsing file /init.cutf_cvm.rc...
[    1.218099] init: Unable to read config file '/init.cutf_cvm.rc': open() failed: No such file or directory
[    1.218099] init: Unable to read config file '/init.cutf_cvm.rc': open() failed: No such file or directory
[    1.219120] init: Parsing file /vendor/etc/init/hw/init.cutf_cvm.rc...
[    1.219120] init: Parsing file /vendor/etc/init/hw/init.cutf_cvm.rc...
[    1.219758] init: Unable to read config file '/vendor/etc/init/hw/init.cutf_cvm.rc': open() failed: No such file or directory
[    1.219758] init: Unable to read config file '/vendor/etc/init/hw/init.cutf_cvm.rc': open() failed: No such file or directory
[    1.221178] init: Parsing file /system/etc/init/hw/init.usb.configfs.rc...
[    1.221178] init: Parsing file /system/etc/init/hw/init.usb.configfs.rc...
[    1.222102] init: Parsing file /system/etc/init/hw/init.zygote64.rc...
[    1.222102] init: Parsing file /system/etc/init/hw/init.zygote64.rc...
[    1.222789] init: Parsing file /system/etc/init/hw/init.boringssl.zygote64.rc...
[    1.222789] init: Parsing file /system/etc/init/hw/init.boringssl.zygote64.rc...
[    1.223448] init: Parsing file /system/etc/init/init-perfetto.rc...
[    1.223448] init: Parsing file /system/etc/init/init-perfetto.rc...
[    1.224055] init: Parsing directory /system/etc/init...
[    1.224055] init: Parsing directory /system/etc/init...
[    1.224493] init: Parsing file /system/etc/init/aconfigd.rc...
[    1.224493] init: Parsing file /system/etc/init/aconfigd.rc...
[    1.225080] init: Parsing file /system/etc/init/aisealhostservice.rc...
[    1.225080] init: Parsing file /system/etc/init/aisealhostservice.rc...
[    1.225658] init: Parsing file /system/etc/init/android.system.suspend-service.rc...
[    1.225658] init: Parsing file /system/etc/init/android.system.suspend-service.rc...
[    1.226398] init: Parsing file /system/etc/init/aoad.rc...
[    1.226398] init: Parsing file /system/etc/init/aoad.rc...
[    1.226881] init: Parsing file /system/etc/init/apexd.rc...
[    1.226881] init: Parsing file /system/etc/init/apexd.rc...
[    1.227343] init: Parsing file /system/etc/init/atrace.rc...
[    1.227343] init: Parsing file /system/etc/init/atrace.rc...
[    1.228143] init: Parsing file /system/etc/init/atrace_userdebug.rc...
[    1.228143] init: Parsing file /system/etc/init/atrace_userdebug.rc...
[    1.228789] init: Parsing file /system/etc/init/audioserver.rc...
[    1.228789] init: Parsing file /system/etc/init/audioserver.rc...
[    1.229664] init: Parsing file /system/etc/init/blank_screen.rc...
[    1.229664] init: Parsing file /system/etc/init/blank_screen.rc...
[    1.230374] init: Parsing file /system/etc/init/bootanim.rc...
[    1.230374] init: Parsing file /system/etc/init/bootanim.rc...
[    1.230911] init: Parsing file /system/etc/init/bootstat-debug.rc...
[    1.230911] init: Parsing file /system/etc/init/bootstat-debug.rc...
[    1.231426] init: Parsing file /system/etc/init/bootstat.rc...
[    1.231426] init: Parsing file /system/etc/init/bootstat.rc...
[    1.232009] init: Parsing file /system/etc/init/cameraserver.rc...
[    1.232009] init: Parsing file /system/etc/init/cameraserver.rc...
[    1.232521] init: Parsing file /system/etc/init/casefolding_remover.rc...
[    1.232521] init: Parsing file /system/etc/init/casefolding_remover.rc...
[    1.233080] init: Parsing file /system/etc/init/clean_scratch_files.rc...
[    1.233080] init: Parsing file /system/etc/init/clean_scratch_files.rc...
[    1.233617] init: Parsing file /system/etc/init/cppreopts.rc...
[    1.233617] init: Parsing file /system/etc/init/cppreopts.rc...
[    1.234229] init: Parsing file /system/etc/init/credstore.rc...
[    1.234229] init: Parsing file /system/etc/init/credstore.rc...
[    1.234756] init: Parsing file /system/etc/init/dmesgd.rc...
[    1.234756] init: Parsing file /system/etc/init/dmesgd.rc...
[    1.235248] init: Parsing file /system/etc/init/drmserver.rc...
[    1.235248] init: Parsing file /system/etc/init/drmserver.rc...
[    1.235754] init: Parsing file /system/etc/init/dumpstate.rc...
[    1.235754] init: Parsing file /system/etc/init/dumpstate.rc...
[    1.236581] init: Parsing file /system/etc/init/flags_health_check.rc...
[    1.236581] init: Parsing file /system/etc/init/flags_health_check.rc...
[    1.237586] init: Parsing file /system/etc/init/gatekeeperd.rc...
[    1.237586] init: Parsing file /system/etc/init/gatekeeperd.rc...
[    1.238247] init: Parsing file /system/etc/init/gpuservice.rc...
[    1.238247] init: Parsing file /system/etc/init/gpuservice.rc...
[    1.238785] init: Parsing file /system/etc/init/gsid.rc...
[    1.238785] init: Parsing file /system/etc/init/gsid.rc...
[    1.239270] init: Parsing file /system/etc/init/heapprofd.rc...
[    1.239270] init: Parsing file /system/etc/init/heapprofd.rc...
[    1.239762] init: Parsing file /system/etc/init/hidservice.rc...
[    1.239762] init: Parsing file /system/etc/init/hidservice.rc...
[    1.240281] init: Parsing file /system/etc/init/idmap2d.rc...
[    1.240281] init: Parsing file /system/etc/init/idmap2d.rc...
[    1.240752] init: Parsing file /system/etc/init/incidentd.rc...
[    1.240752] init: Parsing file /system/etc/init/incidentd.rc...
[    1.241299] init: Parsing file /system/etc/init/init-debug.rc...
[    1.241299] init: Parsing file /system/etc/init/init-debug.rc...
[    1.241891] init: Parsing file /system/etc/init/init-perfetto.rc...
[    1.241891] init: Parsing file /system/etc/init/init-perfetto.rc...
[    1.242410] init: Parsing file /system/etc/init/installd.rc...
[    1.242410] init: Parsing file /system/etc/init/installd.rc...
[    1.243070] init: Parsing file /system/etc/init/kcmdlinectrl.rc...
[    1.243070] init: Parsing file /system/etc/init/kcmdlinectrl.rc...
[    1.243605] init: Parsing file /system/etc/init/kcmdlinemodprobe.rc...
[    1.243605] init: Parsing file /system/etc/init/kcmdlinemodprobe.rc...
[    1.244133] init: Parsing file /system/etc/init/keystore2.rc...
[    1.244133] init: Parsing file /system/etc/init/keystore2.rc...
[    1.244622] init: Parsing file /system/etc/init/llkd-debuggable.rc...
[    1.244622] init: Parsing file /system/etc/init/llkd-debuggable.rc...
[    1.245159] init: Parsing file /system/etc/init/llkd.rc...
[    1.245159] init: Parsing file /system/etc/init/llkd.rc...
[    1.245727] init: Parsing file /system/etc/init/lmkd.rc...
[    1.245727] init: Parsing file /system/etc/init/lmkd.rc...
[    1.246377] init: Parsing file /system/etc/init/logcatd.rc...
[    1.246377] init: Parsing file /system/etc/init/logcatd.rc...
[    1.246893] init: Parsing file /system/etc/init/logd.rc...
[    1.246893] init: Parsing file /system/etc/init/logd.rc...
[    1.247472] init: Parsing file /system/etc/init/logtagd.rc...
[    1.247472] init: Parsing file /system/etc/init/logtagd.rc...
[    1.247990] init: Parsing file /system/etc/init/lpdumpd.rc...
[    1.247990] init: Parsing file /system/etc/init/lpdumpd.rc...
[    1.248540] init: Parsing file /system/etc/init/mdnsd.rc...
[    1.248540] init: Parsing file /system/etc/init/mdnsd.rc...
[    1.248988] init: Parsing file /system/etc/init/media.codeclist.generator.rc...
[    1.248988] init: Parsing file /system/etc/init/media.codeclist.generator.rc...
[    1.249582] init: Parsing file /system/etc/init/mediaextractor.rc...
[    1.249582] init: Parsing file /system/etc/init/mediaextractor.rc...
[    1.250105] init: Parsing file /system/etc/init/mediametrics.rc...
[    1.250105] init: Parsing file /system/etc/init/mediametrics.rc...
[    1.250704] init: Parsing file /system/etc/init/mediaserver.rc...
[    1.250704] init: Parsing file /system/etc/init/mediaserver.rc...
[    1.251245] init: Parsing file /system/etc/init/misctrl.rc...
[    1.251245] init: Parsing file /system/etc/init/misctrl.rc...
[    1.251715] init: Parsing file /system/etc/init/mmd.rc...
[    1.251715] init: Parsing file /system/etc/init/mmd.rc...
[    1.252187] init: Parsing file /system/etc/init/mtectrl.rc...
[    1.252187] init: Parsing file /system/etc/init/mtectrl.rc...
[    1.252975] init: Parsing file /system/etc/init/netbpfload.rc...
[    1.252975] init: Parsing file /system/etc/init/netbpfload.rc...
[    1.253625] init: Parsing file /system/etc/init/netd.rc...
[    1.253625] init: Parsing file /system/etc/init/netd.rc...
[    1.254310] init: Parsing file /system/etc/init/odsign.rc...
[    1.254310] init: Parsing file /system/etc/init/odsign.rc...
[    1.254794] init: Parsing file /system/etc/init/perfetto.rc...
[    1.254794] init: Parsing file /system/etc/init/perfetto.rc...
[    1.255533] init: Parsing file /system/etc/init/pmgd.rc...
[    1.255533] init: Parsing file /system/etc/init/pmgd.rc...
[    1.256063] init: Parsing file /system/etc/init/prefetch.rc...
[    1.256063] init: Parsing file /system/etc/init/prefetch.rc...
[    1.256554] init: Parsing file /system/etc/init/prng_seeder.rc...
[    1.256554] init: Parsing file /system/etc/init/prng_seeder.rc...
[    1.257070] init: Parsing file /system/etc/init/profcollectd.rc...
[    1.257070] init: Parsing file /system/etc/init/profcollectd.rc...
[    1.257694] init: Parsing file /system/etc/init/recovery-persist.rc...
[    1.257694] init: Parsing file /system/etc/init/recovery-persist.rc...
[    1.258233] init: Parsing file /system/etc/init/recovery-refresh.rc...
[    1.258233] init: Parsing file /system/etc/init/recovery-refresh.rc...
[    1.258731] init: Parsing file /system/etc/init/rss_hwm_reset.rc...
[    1.258731] init: Parsing file /system/etc/init/rss_hwm_reset.rc...
[    1.259265] init: Parsing file /system/etc/init/servicemanager.rc...
[    1.259265] init: Parsing file /system/etc/init/servicemanager.rc...
[    1.259843] init: Parsing file /system/etc/init/simpleperf.rc...
[    1.259843] init: Parsing file /system/etc/init/simpleperf.rc...
[    1.260331] init: Parsing file /system/etc/init/snapuserd.rc...
[    1.260331] init: Parsing file /system/etc/init/snapuserd.rc...
[    1.260809] init: Parsing file /system/etc/init/storaged.rc...
[    1.260809] init: Parsing file /system/etc/init/storaged.rc...
[    1.261311] init: Parsing file /system/etc/init/surfaceflinger.rc...
[    1.261311] init: Parsing file /system/etc/init/surfaceflinger.rc...
[    1.261809] init: Parsing file /system/etc/init/tombstoned.rc...
[    1.261809] init: Parsing file /system/etc/init/tombstoned.rc...
[    1.262438] init: Parsing file /system/etc/init/traced_perf.rc...
[    1.262438] init: Parsing file /system/etc/init/traced_perf.rc...
[    1.262943] init: Parsing file /system/etc/init/tradeinmode.rc...
[    1.262943] init: Parsing file /system/etc/init/tradeinmode.rc...
[    1.263512] init: Parsing file /system/etc/init/uncrypt.rc...
[    1.263512] init: Parsing file /system/etc/init/uncrypt.rc...
[    1.264056] init: Parsing file /system/etc/init/update_engine.rc...
[    1.264056] init: Parsing file /system/etc/init/update_engine.rc...
[    1.264564] init: Parsing file /system/etc/init/update_verifier.rc...
[    1.264564] init: Parsing file /system/etc/init/update_verifier.rc...
[    1.265095] init: Parsing file /system/etc/init/usbd.rc...
[    1.265095] init: Parsing file /system/etc/init/usbd.rc...
[    1.265630] init: Parsing file /system/etc/init/virtual_camera.hal.rc...
[    1.265630] init: Parsing file /system/etc/init/virtual_camera.hal.rc...
[    1.266210] init: Parsing file /system/etc/init/vold.rc...
[    1.266210] init: Parsing file /system/etc/init/vold.rc...
[    1.266643] init: Parsing file /system/etc/init/wifi.rc...
[    1.266643] init: Parsing file /system/etc/init/wifi.rc...
[    1.267200] init: Parsing file /system/etc/init/zygote_next.rc...
[    1.267200] init: Parsing file /system/etc/init/zygote_next.rc...
[    1.267743] init: Parsing directory /system_ext/etc/init...
[    1.267743] init: Parsing directory /system_ext/etc/init...
[    1.268200] init: Parsing file /system_ext/etc/init/aidl_lazy_cb_test_server.rc...
[    1.268200] init: Parsing file /system_ext/etc/init/aidl_lazy_cb_test_server.rc...
[    1.269051] init: Parsing file /system_ext/etc/init/aidl_lazy_test_server.rc...
[    1.269051] init: Parsing file /system_ext/etc/init/aidl_lazy_test_server.rc...
[    1.269704] init: Parsing file /system_ext/etc/init/android.hardware.audio.parameter_parser.example_service.rc...
[    1.269704] init: Parsing file /system_ext/etc/init/android.hardware.audio.parameter_parser.example_service.rc...
[    1.270612] init: Parsing file /system_ext/etc/init/android.hidl.allocator@1.0-service.rc...
[    1.270612] init: Parsing file /system_ext/etc/init/android.hidl.allocator@1.0-service.rc...
[    1.271315] init: Parsing file /system_ext/etc/init/hwservicemanager.rc...
[    1.271315] init: Parsing file /system_ext/etc/init/hwservicemanager.rc...
[    1.271896] init: Parsing file /system_ext/etc/init/rpmb_dev.system.rc...
[    1.271896] init: Parsing file /system_ext/etc/init/rpmb_dev.system.rc...
[    1.272613] init: Parsing file /system_ext/etc/init/rpmb_dev.test.system.rc...
[    1.272613] init: Parsing file /system_ext/etc/init/rpmb_dev.test.system.rc...
[    1.273425] init: Parsing file /system_ext/etc/init/set_adb.rc...
[    1.273425] init: Parsing file /system_ext/etc/init/set_adb.rc...
[    1.273986] init: Parsing file /system_ext/etc/init/trusty_security_vm_launcher.rc...
[    1.273986] init: Parsing file /system_ext/etc/init/trusty_security_vm_launcher.rc...
[    1.274673] init: Parsing directory /vendor/etc/init...
[    1.274673] init: Parsing directory /vendor/etc/init...
[    1.275104] init: Parsing file /vendor/etc/init/android.hardware.security.keymint-service.cf_trusty_system_vm.rc...
[    1.275104] init: Parsing file /vendor/etc/init/android.hardware.security.keymint-service.cf_trusty_system_vm.rc...
[    1.276163] init: Parsing file /vendor/etc/init/android.hardware.security.keymint-service.trusty_tee.cpp.rc...
[    1.276163] init: Parsing file /vendor/etc/init/android.hardware.security.keymint-service.trusty_tee.cpp.rc...
[    1.276923] init: Parsing file /vendor/etc/init/android.hardware.security.keymint-service.trusty_tee.nonsecure.rc...
[    1.276923] init: Parsing file /vendor/etc/init/android.hardware.security.keymint-service.trusty_tee.nonsecure.rc...
[    1.277797] init: Parsing file /vendor/etc/init/android.hardware.sensors-service-multihal.rc...
[    1.277797] init: Parsing file /vendor/etc/init/android.hardware.sensors-service-multihal.rc...
[    1.278482] init: Parsing file /vendor/etc/init/boringssl_self_test.rc...
[    1.278482] init: Parsing file /vendor/etc/init/boringssl_self_test.rc...
[    1.279055] init: Added '/vendor/etc/boringssl_self_test.zygote64.rc' to import list
[    1.279055] init: Added '/vendor/etc/boringssl_self_test.zygote64.rc' to import list
[    1.279739] init: Parsing file /vendor/etc/boringssl_self_test.zygote64.rc...
[    1.279739] init: Parsing file /vendor/etc/boringssl_self_test.zygote64.rc...
[    1.280365] init: Parsing file /vendor/etc/init/face-default.rc...
[    1.280365] init: Parsing file /vendor/etc/init/face-default.rc...
[    1.280896] init: Parsing file /vendor/etc/init/fingerprint-default.rc...
[    1.280896] init: Parsing file /vendor/etc/init/fingerprint-default.rc...
[    1.281491] init: Parsing file /vendor/etc/init/init.cutf_cvm.rc...
[    1.281491] init: Parsing file /vendor/etc/init/init.cutf_cvm.rc...
[    1.282226] init: Parsing file /vendor/etc/init/init_graphics.vendor.rc...
[    1.282226] init: Parsing file /vendor/etc/init/init_graphics.vendor.rc...
[    1.282789] init: Parsing file /vendor/etc/init/motioncontext-service-default.rc...
[    1.282789] init: Parsing file /vendor/etc/init/motioncontext-service-default.rc...
[    1.283394] init: Parsing file /vendor/etc/init/seriallogging.rc...
[    1.283394] init: Parsing file /vendor/etc/init/seriallogging.rc...
[    1.283909] init: Parsing file /odm/etc/init...
[    1.283909] init: Parsing file /odm/etc/init...
[    1.284317] init: Unable to read config file '/odm/etc/init': open() failed: No such file or directory
[    1.284317] init: Unable to read config file '/odm/etc/init': open() failed: No such file or directory
[    1.285108] init: Parsing directory /product/etc/init...
[    1.285108] init: Parsing directory /product/etc/init...
[    1.285556] init: Parsing file /product/etc/init/init.rc...
[    1.285556] init: Parsing file /product/etc/init/init.rc...
[    1.286617] init: processing action (SetupCgroups) from (<Builtin Action>:0)
[    1.286617] init: processing action (SetupCgroups) from (<Builtin Action>:0)
[    1.288312] libprocessgroup: Using system/app isolation under: /sys/fs/cgroup
[    1.288312] libprocessgroup: Using system/app isolation under: /sys/fs/cgroup
[    1.293010] init: processing action (early-init) from (/system/etc/init/hw/init.rc:15)
[    1.293010] init: processing action (early-init) from (/system/etc/init/hw/init.rc:15)
[    1.295128] init: starting service 'ueventd'...
[    1.295128] init: starting service 'ueventd'...
[    1.297419] libprocessgroup: Created cgroup /sys/fs/cgroup/system/uid_0
[    1.297419] libprocessgroup: Created cgroup /sys/fs/cgroup/system/uid_0
[    1.298482] libprocessgroup: Created cgroup /sys/fs/cgroup/system/uid_0/pid_131
[    1.298482] libprocessgroup: Created cgroup /sys/fs/cgroup/system/uid_0/pid_131
[    1.300092] libprocessgroup: A JoinCgroup action in the SystemMemoryProcess profile is used for controller memory in the cgroup v2 hierarchy and will be ignored
[    1.300092] libprocessgroup: A JoinCgroup action in the SystemMemoryProcess profile is used for controller memory in the cgroup v2 hierarchy and will be ignored
[    1.301786] init: ... started service 'ueventd' has pid 131
[    1.301786] init: ... started service 'ueventd' has pid 131
[    1.302661] init: starting service 'init_dev_config'...
[    1.302661] init: starting service 'init_dev_config'...
[    1.304313] libprocessgroup: Created cgroup /sys/fs/cgroup/system/uid_1000
[    1.304313] libprocessgroup: Created cgroup /sys/fs/cgroup/system/uid_1000
[    1.305429] libprocessgroup: Created cgroup /sys/fs/cgroup/system/uid_1000/pid_132
[    1.305429] libprocessgroup: Created cgroup /sys/fs/cgroup/system/uid_1000/pid_132
[    1.306737] init: ... started service 'init_dev_config' has pid 132
[    1.306737] init: ... started service 'init_dev_config' has pid 132
[    1.307292] init: SVC_EXEC service 'init_dev_config' pid 132 (uid 1000 gid 0+0 context u:r:init_dev_config:s0) started; waiting...
[    1.307292] init: SVC_EXEC service 'init_dev_config' pid 132 (uid 1000 gid 0+0 context u:r:init_dev_config:s0) started; waiting...
[    1.310382] init: Service 'init_dev_config' (pid 132) exited with status 0 waiting took 0.006000 seconds
[    1.310545] ueventd: ueventd started!
[    1.311129] init: Sending SIGKILL to service 'init_dev_config' (pid 132) process group...
[    1.310382] init: Service 'init_dev_config' (pid 132) exited with status 0 waiting took 0.006000 seconds
[    1.310545] ueventd: ueventd started!
[    1.311129] init: Sending SIGKILL to service 'init_dev_config' (pid 132) process group...
[    1.312184] selinux: SELinux: Loaded file context from:
[    1.312265] libprocessgroup: Removed cgroup /sys/fs/cgroup/system/uid_1000/pid_132
[    1.312574] selinux: 		/system/etc/selinux/plat_file_contexts
[    1.312184] selinux: SELinux: Loaded file context from:
[    1.312265] libprocessgroup: Removed cgroup /sys/fs/cgroup/system/uid_1000/pid_132
[    1.312574] selinux: 		/system/etc/selinux/plat_file_contexts
[    1.313751] selinux: 		/system_ext/etc/selinux/system_ext_file_contexts
[    1.314053] init: starting service 'apexd-bootstrap'...
[    1.314240] selinux: 		/product/etc/selinux/product_file_contexts
[    1.313751] selinux: 		/system_ext/etc/selinux/system_ext_file_contexts
[    1.314053] init: starting service 'apexd-bootstrap'...
[    1.314240] selinux: 		/product/etc/selinux/product_file_contexts
[    1.315247] selinux: 		/vendor/etc/selinux/vendor_file_contexts
[    1.315577] libprocessgroup: Created cgroup /sys/fs/cgroup/system/uid_0/pid_134
[    1.315669] selinux: 		/odm/etc/selinux/odm_file_contexts
[    1.315247] selinux: 		/vendor/etc/selinux/vendor_file_contexts
[    1.315577] libprocessgroup: Created cgroup /sys/fs/cgroup/system/uid_0/pid_134
[    1.315669] selinux: 		/odm/etc/selinux/odm_file_contexts
[    1.317076] init: ... started service 'apexd-bootstrap' has pid 134
[    1.317077] ueventd: Parsing file /system/etc/ueventd.rc...
[    1.317597] init: SVC_EXEC service 'apexd-bootstrap' pid 134 (uid 0 gid 1000+0 context default) started; waiting...
[    1.317990] ueventd: Added '/vendor/etc/ueventd.rc' to import list
[    1.317076] init: ... started service 'apexd-bootstrap' has pid 134
[    1.317077] ueventd: Parsing file /system/etc/ueventd.rc...
[    1.317597] init: SVC_EXEC service 'apexd-bootstrap' pid 134 (uid 0 gid 1000+0 context default) started; waiting...
[    1.317990] ueventd: Added '/vendor/etc/ueventd.rc' to import list
[    1.319279] ueventd: Added '/odm/etc/ueventd.rc' to import list
[    1.319279] ueventd: Added '/odm/etc/ueventd.rc' to import list
[    1.319884] ueventd: Parsing file /vendor/etc/ueventd.rc...
[    1.319884] ueventd: Parsing file /vendor/etc/ueventd.rc...
[    1.320354] ueventd: Parsing file /odm/etc/ueventd.rc...
[    1.320354] ueventd: Parsing file /odm/etc/ueventd.rc...
[    1.320764] ueventd: Unable to read config file '/odm/etc/ueventd.rc': open() failed: No such file or directory
[    1.320764] ueventd: Unable to read config file '/odm/etc/ueventd.rc': open() failed: No such file or directory
[    1.341071] apexd: Started. subcommand = --bootstrap
[    1.341071] apexd: Started. subcommand = --bootstrap
[    1.341855] erofs: Unknown parameter 'fsoffset'
[    1.341855] erofs: Unknown parameter 'fsoffset'
[    1.342470] apexd: File-backed mount is disabled due to test mount failure (mount): Invalid argument
[    1.342470] apexd: File-backed mount is disabled due to test mount failure (mount): Invalid argument
[    1.343477] cutils-trace: Error opening trace file: No such file or directory (2)
[    1.343477] cutils-trace: Error opening trace file: No such file or directory (2)
[    1.344174] apexd-bootstrap: Scanning /system/apex for pre-installed ApexFiles
[    1.344174] apexd-bootstrap: Scanning /system/apex for pre-installed ApexFiles
[    1.345003] apexd-bootstrap: Found pre-installed APEX /system/apex/com.android.adbd.apex
[    1.345003] apexd-bootstrap: Found pre-installed APEX /system/apex/com.android.adbd.apex
[    1.345632] apexd-bootstrap: Found pre-installed APEX /system/apex/com.android.adservices.apex
[    1.345632] apexd-bootstrap: Found pre-installed APEX /system/apex/com.android.adservices.apex
[    1.346277] apexd-bootstrap: Found pre-installed APEX /system/apex/com.android.apex.cts.shim.apex
[    1.346277] apexd-bootstrap: Found pre-installed APEX /system/apex/com.android.apex.cts.shim.apex
[    1.346928] apexd-bootstrap: Found pre-installed APEX /system/apex/com.android.appsearch.apex
[    1.346928] apexd-bootstrap: Found pre-installed APEX /system/apex/com.android.appsearch.apex
[    1.347569] apexd-bootstrap: Found pre-installed APEX /system/apex/com.android.art.apex
[    1.347569] apexd-bootstrap: Found pre-installed APEX /system/apex/com.android.art.apex
[    1.348177] apexd-bootstrap: Found pre-installed APEX /system/apex/com.android.bt.apex
[    1.348177] apexd-bootstrap: Found pre-installed APEX /system/apex/com.android.bt.apex
[    1.348757] apexd-bootstrap: Found pre-installed APEX /system/apex/com.android.cellbroadcast.apex
[    1.348757] apexd-bootstrap: Found pre-installed APEX /system/apex/com.android.cellbroadcast.apex
[    1.349481] apexd-bootstrap: Found pre-installed APEX /system/apex/com.android.configinfrastructure.apex
[    1.349481] apexd-bootstrap: Found pre-installed APEX /system/apex/com.android.configinfrastructure.apex
[    1.350198] apexd-bootstrap: Found pre-installed APEX /system/apex/com.android.conscrypt.apex
[    1.350198] apexd-bootstrap: Found pre-installed APEX /system/apex/com.android.conscrypt.apex
[    1.350836] apexd-bootstrap: Found pre-installed APEX /system/apex/com.android.crashrecovery.apex
[    1.350836] apexd-bootstrap: Found pre-installed APEX /system/apex/com.android.crashrecovery.apex
[    1.351628] apexd-bootstrap: Found pre-installed APEX /system/apex/com.android.devicelock.apex
[    1.351628] apexd-bootstrap: Found pre-installed APEX /system/apex/com.android.devicelock.apex
[    1.352295] apexd-bootstrap: Found pre-installed APEX /system/apex/com.android.extservices.apex
[    1.352295] apexd-bootstrap: Found pre-installed APEX /system/apex/com.android.extservices.apex
[    1.352930] apexd-bootstrap: Found pre-installed APEX /system/apex/com.android.healthfitness.apex
[    1.352930] apexd-bootstrap: Found pre-installed APEX /system/apex/com.android.healthfitness.apex
[    1.354069] apexd-bootstrap: Found pre-installed APEX /system/apex/com.android.i18n.apex
[    1.354069] apexd-bootstrap: Found pre-installed APEX /system/apex/com.android.i18n.apex
[    1.354671] apexd-bootstrap: Found pre-installed APEX /system/apex/com.android.ipsec.apex
[    1.354671] apexd-bootstrap: Found pre-installed APEX /system/apex/com.android.ipsec.apex
[    1.355297] apexd-bootstrap: Found pre-installed APEX /system/apex/com.android.media.apex
[    1.355297] apexd-bootstrap: Found pre-installed APEX /system/apex/com.android.media.apex
[    1.355898] apexd-bootstrap: Found pre-installed APEX /system/apex/com.android.media.swcodec.apex
[    1.355898] apexd-bootstrap: Found pre-installed APEX /system/apex/com.android.media.swcodec.apex
[    1.356562] apexd-bootstrap: Found pre-installed APEX /system/apex/com.android.mediaprovider.apex
[    1.356562] apexd-bootstrap: Found pre-installed APEX /system/apex/com.android.mediaprovider.apex
[    1.357254] apexd-bootstrap: Found pre-installed APEX /system/apex/com.android.neuralnetworks.apex
[    1.357254] apexd-bootstrap: Found pre-installed APEX /system/apex/com.android.neuralnetworks.apex
[    1.358014] apexd-bootstrap: Found pre-installed APEX /system/apex/com.android.nfcservices.apex
[    1.358014] apexd-bootstrap: Found pre-installed APEX /system/apex/com.android.nfcservices.apex
[    1.358661] apexd-bootstrap: Found pre-installed APEX /system/apex/com.android.npumanager.apex
[    1.358661] apexd-bootstrap: Found pre-installed APEX /system/apex/com.android.npumanager.apex
[    1.359317] apexd-bootstrap: Found pre-installed APEX /system/apex/com.android.ondevicepersonalization.apex
[    1.359317] apexd-bootstrap: Found pre-installed APEX /system/apex/com.android.ondevicepersonalization.apex
[    1.360029] apexd-bootstrap: Found pre-installed APEX /system/apex/com.android.os.statsd.apex
[    1.360029] apexd-bootstrap: Found pre-installed APEX /system/apex/com.android.os.statsd.apex
[    1.360775] apexd-bootstrap: Found pre-installed APEX /system/apex/com.android.permission.apex
[    1.360775] apexd-bootstrap: Found pre-installed APEX /system/apex/com.android.permission.apex
[    1.361429] apexd-bootstrap: Found pre-installed APEX /system/apex/com.android.profiling.apex
[    1.361429] apexd-bootstrap: Found pre-installed APEX /system/apex/com.android.profiling.apex
[    1.362060] apexd-bootstrap: Found pre-installed APEX /system/apex/com.android.resolv.apex
[    1.362060] apexd-bootstrap: Found pre-installed APEX /system/apex/com.android.resolv.apex
[    1.362663] apexd-bootstrap: Found pre-installed APEX /system/apex/com.android.rkpd.apex
[    1.362663] apexd-bootstrap: Found pre-installed APEX /system/apex/com.android.rkpd.apex
[    1.363280] apexd-bootstrap: Found pre-installed APEX /system/apex/com.android.runtime.apex
[    1.363280] apexd-bootstrap: Found pre-installed APEX /system/apex/com.android.runtime.apex
[    1.363975] apexd-bootstrap: Found pre-installed APEX /system/apex/com.android.scheduling.apex
[    1.363975] apexd-bootstrap: Found pre-installed APEX /system/apex/com.android.scheduling.apex
[    1.364618] apexd-bootstrap: Found pre-installed APEX /system/apex/com.android.sdkext.apex
[    1.364618] apexd-bootstrap: Found pre-installed APEX /system/apex/com.android.sdkext.apex
[    1.365238] apexd-bootstrap: Found pre-installed APEX /system/apex/com.android.telephonycore.apex
[    1.365238] apexd-bootstrap: Found pre-installed APEX /system/apex/com.android.telephonycore.apex
[    1.365882] apexd-bootstrap: Found pre-installed APEX /system/apex/com.android.tethering.apex
[    1.365882] apexd-bootstrap: Found pre-installed APEX /system/apex/com.android.tethering.apex
[    1.366538] apexd-bootstrap: Found pre-installed APEX /system/apex/com.android.tzdata.apex
[    1.366538] apexd-bootstrap: Found pre-installed APEX /system/apex/com.android.tzdata.apex
[    1.367179] apexd-bootstrap: Found pre-installed APEX /system/apex/com.android.uprobestats.apex
[    1.367179] apexd-bootstrap: Found pre-installed APEX /system/apex/com.android.uprobestats.apex
[    1.367829] apexd-bootstrap: Found pre-installed APEX /system/apex/com.android.uwb.apex
[    1.367829] apexd-bootstrap: Found pre-installed APEX /system/apex/com.android.uwb.apex
[    1.368423] apexd-bootstrap: Found pre-installed APEX /system/apex/com.android.virt.apex
[    1.368423] apexd-bootstrap: Found pre-installed APEX /system/apex/com.android.virt.apex
[    1.369028] apexd-bootstrap: Found pre-installed APEX /system/apex/com.android.webapp.apex
[    1.369028] apexd-bootstrap: Found pre-installed APEX /system/apex/com.android.webapp.apex
[    1.369752] apexd-bootstrap: Found pre-installed APEX /system/apex/com.android.wifi.apex
[    1.369752] apexd-bootstrap: Found pre-installed APEX /system/apex/com.android.wifi.apex
[    1.370352] apexd-bootstrap: Scanning /system_ext/apex for pre-installed ApexFiles
[    1.370352] apexd-bootstrap: Scanning /system_ext/apex for pre-installed ApexFiles
[    1.370948] apexd-bootstrap: Found pre-installed APEX /system_ext/apex/com.android.compos.apex
[    1.370948] apexd-bootstrap: Found pre-installed APEX /system_ext/apex/com.android.compos.apex
[    1.371608] apexd-bootstrap: Found pre-installed APEX /system_ext/apex/com.android.hardware.biometrics.face.virtual.apex
[    1.371608] apexd-bootstrap: Found pre-installed APEX /system_ext/apex/com.android.hardware.biometrics.face.virtual.apex
[    1.372425] apexd-bootstrap: Found pre-installed APEX /system_ext/apex/com.android.hardware.biometrics.fingerprint.virtual.apex
[    1.372425] apexd-bootstrap: Found pre-installed APEX /system_ext/apex/com.android.hardware.biometrics.fingerprint.virtual.apex
[    1.373274] apexd-bootstrap: Found pre-installed APEX /system_ext/apex/com.android.vndk.v31.apex
[    1.373274] apexd-bootstrap: Found pre-installed APEX /system_ext/apex/com.android.vndk.v31.apex
[    1.374006] apexd-bootstrap: Found pre-installed APEX /system_ext/apex/com.android.vndk.v32.apex
[    1.374006] apexd-bootstrap: Found pre-installed APEX /system_ext/apex/com.android.vndk.v32.apex
[    1.374657] apexd-bootstrap: Found pre-installed APEX /system_ext/apex/com.android.vndk.v33.apex
[    1.374657] apexd-bootstrap: Found pre-installed APEX /system_ext/apex/com.android.vndk.v33.apex
[    1.375305] apexd-bootstrap: Found pre-installed APEX /system_ext/apex/com.android.vndk.v34.apex
[    1.375305] apexd-bootstrap: Found pre-installed APEX /system_ext/apex/com.android.vndk.v34.apex
[    1.375946] apexd-bootstrap: Scanning /product/apex for pre-installed ApexFiles
[    1.375946] apexd-bootstrap: Scanning /product/apex for pre-installed ApexFiles
[    1.376624] apexd-bootstrap: /product/apex does not exist. Skipping
[    1.376624] apexd-bootstrap: /product/apex does not exist. Skipping
[    1.377106] apexd-bootstrap: Scanning /vendor/apex for pre-installed ApexFiles
[    1.377106] apexd-bootstrap: Scanning /vendor/apex for pre-installed ApexFiles
[    1.377689] apexd-bootstrap: Found pre-installed APEX /vendor/apex/com.android.hardware.audio.apex
[    1.377689] apexd-bootstrap: Found pre-installed APEX /vendor/apex/com.android.hardware.audio.apex
[    1.378422] apexd-bootstrap: Found pre-installed APEX /vendor/apex/com.android.hardware.authsecret.apex
[    1.378422] apexd-bootstrap: Found pre-installed APEX /vendor/apex/com.android.hardware.authsecret.apex
[    1.379284] apexd-bootstrap: Found pre-installed APEX /vendor/apex/com.android.hardware.boot.apex
[    1.379284] apexd-bootstrap: Found pre-installed APEX /vendor/apex/com.android.hardware.boot.apex
[    1.379994] apexd-bootstrap: Found pre-installed APEX /vendor/apex/com.android.hardware.cas.apex
[    1.379994] apexd-bootstrap: Found pre-installed APEX /vendor/apex/com.android.hardware.cas.apex
[    1.380672] apexd-bootstrap: Found pre-installed APEX /vendor/apex/com.android.hardware.contexthub.apex
[    1.380672] apexd-bootstrap: Found pre-installed APEX /vendor/apex/com.android.hardware.contexthub.apex
[    1.381464] apexd-bootstrap: Found pre-installed APEX /vendor/apex/com.android.hardware.drm.clearkey.apex
[    1.381464] apexd-bootstrap: Found pre-installed APEX /vendor/apex/com.android.hardware.drm.clearkey.apex
[    1.382291] apexd-bootstrap: Found pre-installed APEX /vendor/apex/com.android.hardware.dumpstate.apex
[    1.382291] apexd-bootstrap: Found pre-installed APEX /vendor/apex/com.android.hardware.dumpstate.apex
[    1.382993] apexd-bootstrap: Found pre-installed APEX /vendor/apex/com.android.hardware.gatekeeper.cf_remote.apex
[    1.382993] apexd-bootstrap: Found pre-installed APEX /vendor/apex/com.android.hardware.gatekeeper.cf_remote.apex
[    1.383787] apexd-bootstrap: Found pre-installed APEX /vendor/apex/com.android.hardware.gatekeeper.nonsecure.apex
[    1.383787] apexd-bootstrap: Found pre-installed APEX /vendor/apex/com.android.hardware.gatekeeper.nonsecure.apex
[    1.384588] apexd-bootstrap: Found pre-installed APEX /vendor/apex/com.android.hardware.gnss.apex
[    1.384588] apexd-bootstrap: Found pre-installed APEX /vendor/apex/com.android.hardware.gnss.apex
[    1.385285] apexd-bootstrap: Found pre-installed APEX /vendor/apex/com.android.hardware.graphics.composer.drm_hwcomposer.apex
[    1.385285] apexd-bootstrap: Found pre-installed APEX /vendor/apex/com.android.hardware.graphics.composer.drm_hwcomposer.apex
[    1.386131] apexd-bootstrap: Found pre-installed APEX /vendor/apex/com.android.hardware.graphics.composer.ranchu.apex
[    1.386131] apexd-bootstrap: Found pre-installed APEX /vendor/apex/com.android.hardware.graphics.composer.ranchu.apex
[    1.386906] apexd-bootstrap: Found pre-installed APEX /vendor/apex/com.android.hardware.input.processor.apex
[    1.386906] apexd-bootstrap: Found pre-installed APEX /vendor/apex/com.android.hardware.input.processor.apex
[    1.387651] apexd-bootstrap: Found pre-installed APEX /vendor/apex/com.android.hardware.keymint.rust_cf_guest_trusty_nonsecure.apex
[    1.387651] apexd-bootstrap: Found pre-installed APEX /vendor/apex/com.android.hardware.keymint.rust_cf_guest_trusty_nonsecure.apex
[    1.388530] apexd-bootstrap: Found pre-installed APEX /vendor/apex/com.android.hardware.keymint.rust_cf_remote.apex
[    1.388530] apexd-bootstrap: Found pre-installed APEX /vendor/apex/com.android.hardware.keymint.rust_cf_remote.apex
[    1.389296] apexd-bootstrap: Found pre-installed APEX /vendor/apex/com.android.hardware.keymint.rust_nonsecure.apex
[    1.389296] apexd-bootstrap: Found pre-installed APEX /vendor/apex/com.android.hardware.keymint.rust_nonsecure.apex
[    1.390061] apexd-bootstrap: Found pre-installed APEX /vendor/apex/com.android.hardware.memtrack.apex
[    1.390061] apexd-bootstrap: Found pre-installed APEX /vendor/apex/com.android.hardware.memtrack.apex
[    1.390736] apexd-bootstrap: Found pre-installed APEX /vendor/apex/com.android.hardware.net.nlinterceptor.apex
[    1.390736] apexd-bootstrap: Found pre-installed APEX /vendor/apex/com.android.hardware.net.nlinterceptor.apex
[    1.391484] apexd-bootstrap: Found pre-installed APEX /vendor/apex/com.android.hardware.neuralnetworks.apex
[    1.391484] apexd-bootstrap: Found pre-installed APEX /vendor/apex/com.android.hardware.neuralnetworks.apex
[    1.392210] apexd-bootstrap: Found pre-installed APEX /vendor/apex/com.android.hardware.power.apex
[    1.392210] apexd-bootstrap: Found pre-installed APEX /vendor/apex/com.android.hardware.power.apex
[    1.392866] apexd-bootstrap: Found pre-installed APEX /vendor/apex/com.android.hardware.rebootescrow.apex
[    1.392866] apexd-bootstrap: Found pre-installed APEX /vendor/apex/com.android.hardware.rebootescrow.apex
[    1.393581] apexd-bootstrap: Found pre-installed APEX /vendor/apex/com.android.hardware.secure_element.apex
[    1.393581] apexd-bootstrap: Found pre-installed APEX /vendor/apex/com.android.hardware.secure_element.apex
[    1.394289] apexd-bootstrap: Found pre-installed APEX /vendor/apex/com.android.hardware.security.authgraph.apex
[    1.394289] apexd-bootstrap: Found pre-installed APEX /vendor/apex/com.android.hardware.security.authgraph.apex
[    1.395024] apexd-bootstrap: Found pre-installed APEX /vendor/apex/com.android.hardware.security.secretkeeper.apex
[    1.395024] apexd-bootstrap: Found pre-installed APEX /vendor/apex/com.android.hardware.security.secretkeeper.apex
[    1.395810] apexd-bootstrap: Found pre-installed APEX /vendor/apex/com.android.hardware.tetheroffload.apex
[    1.395810] apexd-bootstrap: Found pre-installed APEX /vendor/apex/com.android.hardware.tetheroffload.apex
[    1.396575] apexd-bootstrap: Found pre-installed APEX /vendor/apex/com.android.hardware.thermal.apex
[    1.396575] apexd-bootstrap: Found pre-installed APEX /vendor/apex/com.android.hardware.thermal.apex
[    1.397344] apexd-bootstrap: Found pre-installed APEX /vendor/apex/com.android.hardware.threadnetwork.apex
[    1.397344] apexd-bootstrap: Found pre-installed APEX /vendor/apex/com.android.hardware.threadnetwork.apex
[    1.398125] apexd-bootstrap: Found pre-installed APEX /vendor/apex/com.android.hardware.usb.apex
[    1.398125] apexd-bootstrap: Found pre-installed APEX /vendor/apex/com.android.hardware.usb.apex
[    1.398801] apexd-bootstrap: Found pre-installed APEX /vendor/apex/com.android.hardware.uwb.apex
[    1.398801] apexd-bootstrap: Found pre-installed APEX /vendor/apex/com.android.hardware.uwb.apex
[    1.399569] apexd-bootstrap: Found pre-installed APEX /vendor/apex/com.android.hardware.vibrator.apex
[    1.399569] apexd-bootstrap: Found pre-installed APEX /vendor/apex/com.android.hardware.vibrator.apex
[    1.400399] apexd-bootstrap: Found pre-installed APEX /vendor/apex/com.android.hardware.wifi.apex
[    1.400399] apexd-bootstrap: Found pre-installed APEX /vendor/apex/com.android.hardware.wifi.apex
[    1.401113] apexd-bootstrap: Found pre-installed APEX /vendor/apex/com.google.cf.bt.apex
[    1.401113] apexd-bootstrap: Found pre-installed APEX /vendor/apex/com.google.cf.bt.apex
[    1.401702] apexd-bootstrap: Found pre-installed APEX /vendor/apex/com.google.cf.confirmationui.apex
[    1.401702] apexd-bootstrap: Found pre-installed APEX /vendor/apex/com.google.cf.confirmationui.apex
[    1.402418] apexd-bootstrap: Found pre-installed APEX /vendor/apex/com.google.cf.disabled.apex
[    1.402418] apexd-bootstrap: Found pre-installed APEX /vendor/apex/com.google.cf.disabled.apex
[    1.403144] apexd-bootstrap: Found pre-installed APEX /vendor/apex/com.google.cf.gralloc.apex
[    1.403144] apexd-bootstrap: Found pre-installed APEX /vendor/apex/com.google.cf.gralloc.apex
[    1.403774] apexd-bootstrap: Found pre-installed APEX /vendor/apex/com.google.cf.health.apex
[    1.403774] apexd-bootstrap: Found pre-installed APEX /vendor/apex/com.google.cf.health.apex
[    1.404468] apexd-bootstrap: Found pre-installed APEX /vendor/apex/com.google.cf.identity.apex
[    1.404468] apexd-bootstrap: Found pre-installed APEX /vendor/apex/com.google.cf.identity.apex
[    1.405173] apexd-bootstrap: Found pre-installed APEX /vendor/apex/com.google.cf.input.config.apex
[    1.405173] apexd-bootstrap: Found pre-installed APEX /vendor/apex/com.google.cf.input.config.apex
[    1.405845] apexd-bootstrap: Found pre-installed APEX /vendor/apex/com.google.cf.ir.apex
[    1.405845] apexd-bootstrap: Found pre-installed APEX /vendor/apex/com.google.cf.ir.apex
[    1.406544] apexd-bootstrap: Found pre-installed APEX /vendor/apex/com.google.cf.light.apex
[    1.406544] apexd-bootstrap: Found pre-installed APEX /vendor/apex/com.google.cf.light.apex
[    1.407159] apexd-bootstrap: Found pre-installed APEX /vendor/apex/com.google.cf.nfc.apex
[    1.407159] apexd-bootstrap: Found pre-installed APEX /vendor/apex/com.google.cf.nfc.apex
[    1.407753] apexd-bootstrap: Found pre-installed APEX /vendor/apex/com.google.cf.oemlock.apex
[    1.407753] apexd-bootstrap: Found pre-installed APEX /vendor/apex/com.google.cf.oemlock.apex
[    1.408446] apexd-bootstrap: Found pre-installed APEX /vendor/apex/com.google.cf.rild.apex
[    1.408446] apexd-bootstrap: Found pre-installed APEX /vendor/apex/com.google.cf.rild.apex
[    1.409121] apexd-bootstrap: Found pre-installed APEX /vendor/apex/com.google.cf.vulkan.apex
[    1.409121] apexd-bootstrap: Found pre-installed APEX /vendor/apex/com.google.cf.vulkan.apex
[    1.409760] apexd-bootstrap: Found pre-installed APEX /vendor/apex/com.google.cf.wifi.apex
[    1.409760] apexd-bootstrap: Found pre-installed APEX /vendor/apex/com.google.cf.wifi.apex
[    1.410373] apexd-bootstrap: Found pre-installed APEX /vendor/apex/com.google.cf.wpa_supplicant.apex
[    1.410373] apexd-bootstrap: Found pre-installed APEX /vendor/apex/com.google.cf.wpa_supplicant.apex
[    1.411059] apexd-bootstrap: Found pre-installed APEX /vendor/apex/com.google.emulated.camera.provider.hal.apex
[    1.411059] apexd-bootstrap: Found pre-installed APEX /vendor/apex/com.google.emulated.camera.provider.hal.apex
[    1.411892] apexd-bootstrap: Found pre-installed APEX /vendor/apex/com.google.emulated.camera.provider.hal.v4l2.apex
[    1.411892] apexd-bootstrap: Found pre-installed APEX /vendor/apex/com.google.emulated.camera.provider.hal.v4l2.apex
[    1.412686] apexd-bootstrap: Scanning /odm/apex for pre-installed ApexFiles
[    1.412686] apexd-bootstrap: Scanning /odm/apex for pre-installed ApexFiles
[    1.413262] apexd-bootstrap: /odm/apex does not exist. Skipping
[    1.413262] apexd-bootstrap: /odm/apex does not exist. Skipping
[    1.440580] apexd-bootstrap: Skipping APEX at path /vendor/apex/com.android.hardware.gatekeeper.cf_remote.apex because it does not match expected multi-install APEX property for com.android.hardware.gatekeeper
[    1.440580] apexd-bootstrap: Skipping APEX at path /vendor/apex/com.android.hardware.gatekeeper.cf_remote.apex because it does not match expected multi-install APEX property for com.android.hardware.gatekeeper
[    1.442124] apexd-bootstrap: Skipping APEX at path /vendor/apex/com.android.hardware.graphics.composer.drm_hwcomposer.apex because it does not match expected multi-install APEX property for com.android.hardware.graphics.composer
[    1.442124] apexd-bootstrap: Skipping APEX at path /vendor/apex/com.android.hardware.graphics.composer.drm_hwcomposer.apex because it does not match expected multi-install APEX property for com.android.hardware.graphics.composer
[    1.443732] apexd-bootstrap: Skipping APEX at path /vendor/apex/com.android.hardware.keymint.rust_cf_guest_trusty_nonsecure.apex because it does not match expected multi-install APEX property for com.android.hardware.keymint
[    1.443732] apexd-bootstrap: Skipping APEX at path /vendor/apex/com.android.hardware.keymint.rust_cf_guest_trusty_nonsecure.apex because it does not match expected multi-install APEX property for com.android.hardware.keymint
[    1.445195] apexd-bootstrap: Skipping APEX at path /vendor/apex/com.android.hardware.keymint.rust_cf_remote.apex because it does not match expected multi-install APEX property for com.android.hardware.keymint
[    1.445195] apexd-bootstrap: Skipping APEX at path /vendor/apex/com.android.hardware.keymint.rust_cf_remote.apex because it does not match expected multi-install APEX property for com.android.hardware.keymint
[    1.446838] apexd-bootstrap: Skipping APEX at path /vendor/apex/com.google.cf.disabled.apex because it's disabled via sysprop.
[    1.446838] apexd-bootstrap: Skipping APEX at path /vendor/apex/com.google.cf.disabled.apex because it's disabled via sysprop.
[    1.447835] apexd-bootstrap: Skipping APEX at path /vendor/apex/com.google.emulated.camera.provider.hal.v4l2.apex because it does not match expected multi-install APEX property for com.google.emulated.camera.provider.hal
[    1.447835] apexd-bootstrap: Skipping APEX at path /vendor/apex/com.google.emulated.camera.provider.hal.v4l2.apex because it does not match expected multi-install APEX property for com.google.emulated.camera.provider.hal
[    1.449558] apexd-bootstrap: Successfully scanned 87 preinstalled APEXes duration=105ms
[    1.449558] apexd-bootstrap: Successfully scanned 87 preinstalled APEXes duration=105ms
[    1.450521] apexd-bootstrap: No sessions to revert/activate.
[    1.450521] apexd-bootstrap: No sessions to revert/activate.
[    1.451018] apexd-bootstrap: Successfully scanned 0 data APEXes duration=0ms
[    1.451018] apexd-bootstrap: Successfully scanned 0 data APEXes duration=0ms
[    1.452072] loop7: detected capacity change from 0 to 6184
[    1.452081] loop6: detected capacity change from 0 to 1008
[    1.452149] loop9: detected capacity change from 0 to 4232
[    1.452172] loop8: detected capacity change from 0 to 1008
[    1.452072] loop7: detected capacity change from 0 to 6184
[    1.452284] loop10: detected capacity change from 0 to 7136
[    1.452081] loop6: detected capacity change from 0 to 1008
[    1.452609] loop11: detected capacity change from 0 to 4184
[    1.452149] loop9: detected capacity change from 0 to 4232
[    1.452636] loop12: detected capacity change from 0 to 1120
[    1.452172] loop8: detected capacity change from 0 to 1008
[    1.452762] loop13: detected capacity change from 0 to 816
[    1.452854] loop14: detected capacity change from 0 to 3496
[    1.452897] loop0: detected capacity change from 0 to 71872
[    1.452284] loop10: detected capacity change from 0 to 7136
[    1.455208] EXT4-fs (loop8): mounted filesystem 7d1522e1-9dfa-5edb-a43e-98e3a4d20250 ro without journal. Quota mode: none.
[    1.452609] loop11: detected capacity change from 0 to 4184
[    1.455214] EXT4-fs (loop12): mounted filesystem 7d1522e1-9dfa-5edb-a43e-98e3a4d20250 ro without journal. Quota mode: none.
[    1.452636] loop12: detected capacity change from 0 to 1120
[    1.455792] EXT4-fs (loop14): mounted filesystem 7d1522e1-9dfa-5edb-a43e-98e3a4d20250 ro without journal. Quota mode: none.
[    1.452762] loop13: detected capacity change from 0 to 816
[    1.452854] loop14: detected capacity change from 0 to 3496
[    1.452897] loop0: detected capacity change from 0 to 71872
[    1.455208] EXT4-fs (loop8): mounted filesystem 7d1522e1-9dfa-5edb-a43e-98e3a4d20250 ro without journal. Quota mode: none.
[    1.455214] EXT4-fs (loop12): mounted filesystem 7d1522e1-9dfa-5edb-a43e-98e3a4d20250 ro without journal. Quota mode: none.
[    1.455792] EXT4-fs (loop14): mounted filesystem 7d1522e1-9dfa-5edb-a43e-98e3a4d20250 ro without journal. Quota mode: none.
[    1.460314] EXT4-fs (loop20): mounted filesystem 7d1522e1-9dfa-5edb-a43e-98e3a4d20250 ro without journal. Quota mode: none.
[    1.460314] EXT4-fs (loop20): mounted filesystem 7d1522e1-9dfa-5edb-a43e-98e3a4d20250 ro without journal. Quota mode: none.
[    1.461121] EXT4-fs (loop3): mounted filesystem 7d1522e1-9dfa-5edb-a43e-98e3a4d20250 ro without journal. Quota mode: none.
[    1.461258] EXT4-fs (loop16): mounted filesystem 7d1522e1-9dfa-5edb-a43e-98e3a4d20250 ro without journal. Quota mode: none.
[    1.461121] EXT4-fs (loop3): mounted filesystem 7d1522e1-9dfa-5edb-a43e-98e3a4d20250 ro without journal. Quota mode: none.
[    1.461259] EXT4-fs (loop7): mounted filesystem 7d1522e1-9dfa-5edb-a43e-98e3a4d20250 ro without journal. Quota mode: none.
[    1.461258] EXT4-fs (loop16): mounted filesystem 7d1522e1-9dfa-5edb-a43e-98e3a4d20250 ro without journal. Quota mode: none.
[    1.461355] EXT4-fs (loop15): mounted filesystem 7d1522e1-9dfa-5edb-a43e-98e3a4d20250 ro without journal. Quota mode: none.
[    1.461259] EXT4-fs (loop7): mounted filesystem 7d1522e1-9dfa-5edb-a43e-98e3a4d20250 ro without journal. Quota mode: none.
[    1.461355] EXT4-fs (loop15): mounted filesystem 7d1522e1-9dfa-5edb-a43e-98e3a4d20250 ro without journal. Quota mode: none.
[    1.465215] EXT4-fs (loop40): mounted filesystem 7d1522e1-9dfa-5edb-a43e-98e3a4d20250 ro without journal. Quota mode: none.
[    1.465215] EXT4-fs (loop40): mounted filesystem 7d1522e1-9dfa-5edb-a43e-98e3a4d20250 ro without journal. Quota mode: none.
[    1.468648] EXT4-fs (loop11): mounted filesystem 7d1522e1-9dfa-5edb-a43e-98e3a4d20250 ro without journal. Quota mode: none.
[    1.468648] EXT4-fs (loop11): mounted filesystem 7d1522e1-9dfa-5edb-a43e-98e3a4d20250 ro without journal. Quota mode: none.
[    1.477709] EXT4-fs (loop13): mounted filesystem 7d1522e1-9dfa-5edb-a43e-98e3a4d20250 ro without journal. Quota mode: none.
[    1.477709] EXT4-fs (loop13): mounted filesystem 7d1522e1-9dfa-5edb-a43e-98e3a4d20250 ro without journal. Quota mode: none.
[    1.494220] EXT4-fs (loop85): mounted filesystem 7d1522e1-9dfa-5edb-a43e-98e3a4d20250 ro without journal. Quota mode: none.
[    1.494220] EXT4-fs (loop85): mounted filesystem 7d1522e1-9dfa-5edb-a43e-98e3a4d20250 ro without journal. Quota mode: none.
[    1.497994] EXT4-fs (loop69): mounted filesystem 7d1522e1-9dfa-5edb-a43e-98e3a4d20250 ro without journal. Quota mode: none.
[    1.498443] EXT4-fs (loop45): mounted filesystem 7d1522e1-9dfa-5edb-a43e-98e3a4d20250 ro without journal. Quota mode: none.
[    1.498989] EXT4-fs (loop70): mounted filesystem 7d1522e1-9dfa-5edb-a43e-98e3a4d20250 ro without journal. Quota mode: none.
[    1.499905] EXT4-fs (loop83): mounted filesystem 7d1522e1-9dfa-5edb-a43e-98e3a4d20250 ro without journal. Quota mode: none.
[    1.497994] EXT4-fs (loop69): mounted filesystem 7d1522e1-9dfa-5edb-a43e-98e3a4d20250 ro without journal. Quota mode: none.
[    1.498443] EXT4-fs (loop45): mounted filesystem 7d1522e1-9dfa-5edb-a43e-98e3a4d20250 ro without journal. Quota mode: none.
[    1.498989] EXT4-fs (loop70): mounted filesystem 7d1522e1-9dfa-5edb-a43e-98e3a4d20250 ro without journal. Quota mode: none.
[    1.499905] EXT4-fs (loop83): mounted filesystem 7d1522e1-9dfa-5edb-a43e-98e3a4d20250 ro without journal. Quota mode: none.
[    1.501710] EXT4-fs (loop79): mounted filesystem 7d1522e1-9dfa-5edb-a43e-98e3a4d20250 ro without journal. Quota mode: none.
[    1.501869] EXT4-fs (loop78): mounted filesystem 7d1522e1-9dfa-5edb-a43e-98e3a4d20250 ro without journal. Quota mode: none.
[    1.502052] EXT4-fs (loop10): mounted filesystem 7d1522e1-9dfa-5edb-a43e-98e3a4d20250 ro without journal. Quota mode: none.
[    1.502565] EXT4-fs (loop46): mounted filesystem 7d1522e1-9dfa-5edb-a43e-98e3a4d20250 ro without journal. Quota mode: none.
[    1.502596] EXT4-fs (loop84): mounted filesystem 7d1522e1-9dfa-5edb-a43e-98e3a4d20250 ro without journal. Quota mode: none.
[    1.503095] EXT4-fs (loop33): mounted filesystem 7d1522e1-9dfa-5edb-a43e-98e3a4d20250 ro without journal. Quota mode: none.
[    1.504104] EXT4-fs (loop26): mounted filesystem 7d1522e1-9dfa-5edb-a43e-98e3a4d20250 ro without journal. Quota mode: none.
[    1.504511] EXT4-fs (loop39): mounted filesystem 7d1522e1-9dfa-5edb-a43e-98e3a4d20250 ro without journal. Quota mode: none.
[    1.504531] EXT4-fs (loop53): mounted filesystem 7d1522e1-9dfa-5edb-a43e-98e3a4d20250 ro without journal. Quota mode: none.
[    1.504819] EXT4-fs (loop65): mounted filesystem 7d1522e1-9dfa-5edb-a43e-98e3a4d20250 ro without journal. Quota mode: none.
[    1.505359] EXT4-fs (loop59): mounted filesystem 7d1522e1-9dfa-5edb-a43e-98e3a4d20250 ro without journal. Quota mode: none.
[    1.505489] EXT4-fs (loop54): mounted filesystem 7d1522e1-9dfa-5edb-a43e-98e3a4d20250 ro without journal. Quota mode: none.
[    1.505758] EXT4-fs (loop4): mounted filesystem 7d1522e1-9dfa-5edb-a43e-98e3a4d20250 ro without journal. Quota mode: none.
[    1.506076] EXT4-fs (loop71): mounted filesystem 7d1522e1-9dfa-5edb-a43e-98e3a4d20250 ro without journal. Quota mode: none.
[    1.506268] EXT4-fs (loop86): mounted filesystem 7d1522e1-9dfa-5edb-a43e-98e3a4d20250 ro without journal. Quota mode: none.
[    1.506327] EXT4-fs (loop49): mounted filesystem 7d1522e1-9dfa-5edb-a43e-98e3a4d20250 ro without journal. Quota mode: none.
[    1.506429] EXT4-fs (loop72): mounted filesystem 7d1522e1-9dfa-5edb-a43e-98e3a4d20250 ro without journal. Quota mode: none.
[    1.506714] EXT4-fs (loop81): mounted filesystem 7d1522e1-9dfa-5edb-a43e-98e3a4d20250 ro without journal. Quota mode: none.
[    1.507151] EXT4-fs (loop21): mounted filesystem 7d1522e1-9dfa-5edb-a43e-98e3a4d20250 ro without journal. Quota mode: none.
[    1.507221] EXT4-fs (loop74): mounted filesystem 7d1522e1-9dfa-5edb-a43e-98e3a4d20250 ro without journal. Quota mode: none.
[    1.501710] EXT4-fs (loop79): mounted filesystem 7d1522e1-9dfa-5edb-a43e-98e3a4d20250 ro without journal. Quota mode: none.
[    1.507958] EXT4-fs (loop34): mounted filesystem 7d1522e1-9dfa-5edb-a43e-98e3a4d20250 ro without journal. Quota mode: none.
[    1.501869] EXT4-fs (loop78): mounted filesystem 7d1522e1-9dfa-5edb-a43e-98e3a4d20250 ro without journal. Quota mode: none.
[    1.507968] EXT4-fs (loop5): mounted filesystem 7d1522e1-9dfa-5edb-a43e-98e3a4d20250 ro without journal. Quota mode: none.
[    1.502052] EXT4-fs (loop10): mounted filesystem 7d1522e1-9dfa-5edb-a43e-98e3a4d20250 ro without journal. Quota mode: none.
[    1.508888] EXT4-fs (loop73): mounted filesystem 7d1522e1-9dfa-5edb-a43e-98e3a4d20250 ro without journal. Quota mode: none.
[    1.502565] EXT4-fs (loop46): mounted filesystem 7d1522e1-9dfa-5edb-a43e-98e3a4d20250 ro without journal. Quota mode: none.
[    1.510281] EXT4-fs (loop62): mounted filesystem 7d1522e1-9dfa-5edb-a43e-98e3a4d20250 ro without journal. Quota mode: none.
[    1.502596] EXT4-fs (loop84): mounted filesystem 7d1522e1-9dfa-5edb-a43e-98e3a4d20250 ro without journal. Quota mode: none.
[    1.510656] EXT4-fs (loop36): mounted filesystem 7d1522e1-9dfa-5edb-a43e-98e3a4d20250 ro without journal. Quota mode: none.
[    1.503095] EXT4-fs (loop33): mounted filesystem 7d1522e1-9dfa-5edb-a43e-98e3a4d20250 ro without journal. Quota mode: none.
[    1.511515] EXT4-fs (loop41): mounted filesystem 7d1522e1-9dfa-5edb-a43e-98e3a4d20250 ro without journal. Quota mode: none.
[    1.504104] EXT4-fs (loop26): mounted filesystem 7d1522e1-9dfa-5edb-a43e-98e3a4d20250 ro without journal. Quota mode: none.
[    1.511526] EXT4-fs (loop47): mounted filesystem 7d1522e1-9dfa-5edb-a43e-98e3a4d20250 ro without journal. Quota mode: none.
[    1.504511] EXT4-fs (loop39): mounted filesystem 7d1522e1-9dfa-5edb-a43e-98e3a4d20250 ro without journal. Quota mode: none.
[    1.511622] EXT4-fs (loop56): mounted filesystem 7d1522e1-9dfa-5edb-a43e-98e3a4d20250 ro without journal. Quota mode: none.
[    1.504531] EXT4-fs (loop53): mounted filesystem 7d1522e1-9dfa-5edb-a43e-98e3a4d20250 ro without journal. Quota mode: none.
[    1.511700] EXT4-fs (loop38): mounted filesystem 7d1522e1-9dfa-5edb-a43e-98e3a4d20250 ro without journal. Quota mode: none.
[    1.504819] EXT4-fs (loop65): mounted filesystem 7d1522e1-9dfa-5edb-a43e-98e3a4d20250 ro without journal. Quota mode: none.
[    1.512125] EXT4-fs (loop25): mounted filesystem 7d1522e1-9dfa-5edb-a43e-98e3a4d20250 ro without journal. Quota mode: none.
[    1.505359] EXT4-fs (loop59): mounted filesystem 7d1522e1-9dfa-5edb-a43e-98e3a4d20250 ro without journal. Quota mode: none.
[    1.512516] EXT4-fs (loop29): mounted filesystem 7d1522e1-9dfa-5edb-a43e-98e3a4d20250 ro without journal. Quota mode: none.
[    1.505489] EXT4-fs (loop54): mounted filesystem 7d1522e1-9dfa-5edb-a43e-98e3a4d20250 ro without journal. Quota mode: none.
[    1.513045] EXT4-fs (loop63): mounted filesystem 7d1522e1-9dfa-5edb-a43e-98e3a4d20250 ro without journal. Quota mode: none.
[    1.505758] EXT4-fs (loop4): mounted filesystem 7d1522e1-9dfa-5edb-a43e-98e3a4d20250 ro without journal. Quota mode: none.
[    1.513061] EXT4-fs (loop19): mounted filesystem 7d1522e1-9dfa-5edb-a43e-98e3a4d20250 ro without journal. Quota mode: none.
[    1.506076] EXT4-fs (loop71): mounted filesystem 7d1522e1-9dfa-5edb-a43e-98e3a4d20250 ro without journal. Quota mode: none.
[    1.513815] EXT4-fs (loop37): mounted filesystem 7d1522e1-9dfa-5edb-a43e-98e3a4d20250 ro without journal. Quota mode: none.
[    1.506268] EXT4-fs (loop86): mounted filesystem 7d1522e1-9dfa-5edb-a43e-98e3a4d20250 ro without journal. Quota mode: none.
[    1.514651] EXT4-fs (loop18): mounted filesystem 7d1522e1-9dfa-5edb-a43e-98e3a4d20250 ro without journal. Quota mode: none.
[    1.506327] EXT4-fs (loop49): mounted filesystem 7d1522e1-9dfa-5edb-a43e-98e3a4d20250 ro without journal. Quota mode: none.
[    1.515459] EXT4-fs (loop75): mounted filesystem 7d1522e1-9dfa-5edb-a43e-98e3a4d20250 ro without journal. Quota mode: none.
[    1.506429] EXT4-fs (loop72): mounted filesystem 7d1522e1-9dfa-5edb-a43e-98e3a4d20250 ro without journal. Quota mode: none.
[    1.515510] EXT4-fs (loop28): mounted filesystem 7d1522e1-9dfa-5edb-a43e-98e3a4d20250 ro without journal. Quota mode: none.
[    1.506714] EXT4-fs (loop81): mounted filesystem 7d1522e1-9dfa-5edb-a43e-98e3a4d20250 ro without journal. Quota mode: none.
[    1.515897] EXT4-fs (loop52): mounted filesystem 7d1522e1-9dfa-5edb-a43e-98e3a4d20250 ro without journal. Quota mode: none.
[    1.507151] EXT4-fs (loop21): mounted filesystem 7d1522e1-9dfa-5edb-a43e-98e3a4d20250 ro without journal. Quota mode: none.
[    1.516107] EXT4-fs (loop77): mounted filesystem 7d1522e1-9dfa-5edb-a43e-98e3a4d20250 ro without journal. Quota mode: none.
[    1.507221] EXT4-fs (loop74): mounted filesystem 7d1522e1-9dfa-5edb-a43e-98e3a4d20250 ro without journal. Quota mode: none.
[    1.516505] EXT4-fs (loop6): mounted filesystem 7d1522e1-9dfa-5edb-a43e-98e3a4d20250 ro without journal. Quota mode: none.
[    1.507958] EXT4-fs (loop34): mounted filesystem 7d1522e1-9dfa-5edb-a43e-98e3a4d20250 ro without journal. Quota mode: none.
[    1.517059] EXT4-fs (loop23): mounted filesystem 7d1522e1-9dfa-5edb-a43e-98e3a4d20250 ro without journal. Quota mode: none.
[    1.507968] EXT4-fs (loop5): mounted filesystem 7d1522e1-9dfa-5edb-a43e-98e3a4d20250 ro without journal. Quota mode: none.
[    1.517122] EXT4-fs (loop42): mounted filesystem 7d1522e1-9dfa-5edb-a43e-98e3a4d20250 ro without journal. Quota mode: none.
[    1.508888] EXT4-fs (loop73): mounted filesystem 7d1522e1-9dfa-5edb-a43e-98e3a4d20250 ro without journal. Quota mode: none.
[    1.517253] EXT4-fs (loop67): mounted filesystem 7d1522e1-9dfa-5edb-a43e-98e3a4d20250 ro without journal. Quota mode: none.
[    1.538257] erofs: (device loop32): mounted with root inode @ nid 39.
[    1.510281] EXT4-fs (loop62): mounted filesystem 7d1522e1-9dfa-5edb-a43e-98e3a4d20250 ro without journal. Quota mode: none.
[    1.510656] EXT4-fs (loop36): mounted filesystem 7d1522e1-9dfa-5edb-a43e-98e3a4d20250 ro without journal. Quota mode: none.
[    1.511515] EXT4-fs (loop41): mounted filesystem 7d1522e1-9dfa-5edb-a43e-98e3a4d20250 ro without journal. Quota mode: none.
[    1.511526] EXT4-fs (loop47): mounted filesystem 7d1522e1-9dfa-5edb-a43e-98e3a4d20250 ro without journal. Quota mode: none.
[    1.511622] EXT4-fs (loop56): mounted filesystem 7d1522e1-9dfa-5edb-a43e-98e3a4d20250 ro without journal. Quota mode: none.
[    1.511700] EXT4-fs (loop38): mounted filesystem 7d1522e1-9dfa-5edb-a43e-98e3a4d20250 ro without journal. Quota mode: none.
[    1.512125] EXT4-fs (loop25): mounted filesystem 7d1522e1-9dfa-5edb-a43e-98e3a4d20250 ro without journal. Quota mode: none.
[    1.512516] EXT4-fs (loop29): mounted filesystem 7d1522e1-9dfa-5edb-a43e-98e3a4d20250 ro without journal. Quota mode: none.
[    1.513045] EXT4-fs (loop63): mounted filesystem 7d1522e1-9dfa-5edb-a43e-98e3a4d20250 ro without journal. Quota mode: none.
[    1.513061] EXT4-fs (loop19): mounted filesystem 7d1522e1-9dfa-5edb-a43e-98e3a4d20250 ro without journal. Quota mode: none.
[    1.513815] EXT4-fs (loop37): mounted filesystem 7d1522e1-9dfa-5edb-a43e-98e3a4d20250 ro without journal. Quota mode: none.
[    1.514651] EXT4-fs (loop18): mounted filesystem 7d1522e1-9dfa-5edb-a43e-98e3a4d20250 ro without journal. Quota mode: none.
[    1.515459] EXT4-fs (loop75): mounted filesystem 7d1522e1-9dfa-5edb-a43e-98e3a4d20250 ro without journal. Quota mode: none.
[    1.515510] EXT4-fs (loop28): mounted filesystem 7d1522e1-9dfa-5edb-a43e-98e3a4d20250 ro without journal. Quota mode: none.
[    1.515897] EXT4-fs (loop52): mounted filesystem 7d1522e1-9dfa-5edb-a43e-98e3a4d20250 ro without journal. Quota mode: none.
[    1.516107] EXT4-fs (loop77): mounted filesystem 7d1522e1-9dfa-5edb-a43e-98e3a4d20250 ro without journal. Quota mode: none.
[    1.516505] EXT4-fs (loop6): mounted filesystem 7d1522e1-9dfa-5edb-a43e-98e3a4d20250 ro without journal. Quota mode: none.
[    1.517059] EXT4-fs (loop23): mounted filesystem 7d1522e1-9dfa-5edb-a43e-98e3a4d20250 ro without journal. Quota mode: none.
[    1.517122] EXT4-fs (loop42): mounted filesystem 7d1522e1-9dfa-5edb-a43e-98e3a4d20250 ro without journal. Quota mode: none.
[    1.517253] EXT4-fs (loop67): mounted filesystem 7d1522e1-9dfa-5edb-a43e-98e3a4d20250 ro without journal. Quota mode: none.
[    1.538257] erofs: (device loop32): mounted with root inode @ nid 39.
[    1.546019] apexd-bootstrap: Activated 87 packages. duration=94ms
[    1.546019] apexd-bootstrap: Activated 87 packages. duration=94ms
[    1.547251] apexd-bootstrap: OnBootstrap done, duration=203
[    1.547251] apexd-bootstrap: OnBootstrap done, duration=203
[    1.609786] init: Service 'apexd-bootstrap' (pid 134) exited with status 0 waiting took 0.294000 seconds
[    1.609786] init: Service 'apexd-bootstrap' (pid 134) exited with status 0 waiting took 0.294000 seconds
[    1.610583] init: Sending SIGKILL to service 'apexd-bootstrap' (pid 134) process group...
[    1.610583] init: Sending SIGKILL to service 'apexd-bootstrap' (pid 134) process group...
[    1.611336] libprocessgroup: Removed cgroup /sys/fs/cgroup/system/uid_0/pid_134
[    1.611336] libprocessgroup: Removed cgroup /sys/fs/cgroup/system/uid_0/pid_134
[    1.612397] ueventd: Coldboot took 0.29 seconds
[    1.612397] ueventd: Coldboot took 0.29 seconds
[    1.622181] init: Parsing file /apex/com.android.adbd/etc/init.rc...
[    1.622181] init: Parsing file /apex/com.android.adbd/etc/init.rc...
[    1.622822] init: Parsing file /apex/com.android.art/etc/init.rc...
[    1.622822] init: Parsing file /apex/com.android.art/etc/init.rc...
[    1.623435] init: Parsing file /apex/com.android.compos/etc/init.rc...
[    1.623435] init: Parsing file /apex/com.android.compos/etc/init.rc...
[    1.624059] init: Parsing file /apex/com.android.configinfrastructure/etc/com.android.configinfrastrcture.init.rc...
[    1.624059] init: Parsing file /apex/com.android.configinfrastructure/etc/com.android.configinfrastrcture.init.rc...
[    1.624969] init: Parsing file /apex/com.android.hardware.audio/etc/android.hardware.audio.service-aidl.example.rc...
[    1.624969] init: Parsing file /apex/com.android.hardware.audio/etc/android.hardware.audio.service-aidl.example.rc...
[    1.625890] init: Parsing file /apex/com.android.hardware.authsecret/etc/android.hardware.authsecret-service.example.rc...
[    1.625890] init: Parsing file /apex/com.android.hardware.authsecret/etc/android.hardware.authsecret-service.example.rc...
[    1.626811] init: Parsing file /apex/com.android.hardware.biometrics.face.virtual/etc/face-virtual-apex.rc...
[    1.626811] init: Parsing file /apex/com.android.hardware.biometrics.face.virtual/etc/face-virtual-apex.rc...
[    1.627658] init: Parsing file /apex/com.android.hardware.biometrics.fingerprint.virtual/etc/fingerprint-virtual.rc...
[    1.627658] init: Parsing file /apex/com.android.hardware.biometrics.fingerprint.virtual/etc/fingerprint-virtual.rc...
[    1.628549] init: Parsing file /apex/com.android.hardware.boot/etc/android.hardware.boot-service.default.rc...
[    1.628549] init: Parsing file /apex/com.android.hardware.boot/etc/android.hardware.boot-service.default.rc...
[    1.629428] init: Parsing file /apex/com.android.hardware.cas/etc/cas-default.rc...
[    1.629428] init: Parsing file /apex/com.android.hardware.cas/etc/cas-default.rc...
[    1.630123] init: Parsing file /apex/com.android.hardware.contexthub/etc/android.hardware.contexthub-service.example.rc...
[    1.630123] init: Parsing file /apex/com.android.hardware.contexthub/etc/android.hardware.contexthub-service.example.rc...
[    1.631072] init: Parsing file /apex/com.android.hardware.drm.clearkey/etc/android.hardware.drm-service.clearkey.apex.rc...
[    1.631072] init: Parsing file /apex/com.android.hardware.drm.clearkey/etc/android.hardware.drm-service.clearkey.apex.rc...
[    1.631975] init: Parsing file /apex/com.android.hardware.dumpstate/etc/dumpstate-default.rc...
[    1.631975] init: Parsing file /apex/com.android.hardware.dumpstate/etc/dumpstate-default.rc...
[    1.632730] init: Parsing file /apex/com.android.hardware.gatekeeper/etc/android.hardware.gatekeeper-service.nonsecure.rc...
[    1.632730] init: Parsing file /apex/com.android.hardware.gatekeeper/etc/android.hardware.gatekeeper-service.nonsecure.rc...
[    1.633675] init: Parsing file /apex/com.android.hardware.gnss/etc/gnss-default.rc...
[    1.633675] init: Parsing file /apex/com.android.hardware.gnss/etc/gnss-default.rc...
[    1.634347] init: Parsing file /apex/com.android.hardware.graphics.composer/etc/hwc3-apex.rc...
[    1.634347] init: Parsing file /apex/com.android.hardware.graphics.composer/etc/hwc3-apex.rc...
[    1.635090] init: Parsing file /apex/com.android.hardware.input.processor/etc/inputprocessor-default.rc...
[    1.635090] init: Parsing file /apex/com.android.hardware.input.processor/etc/inputprocessor-default.rc...
[    1.635911] init: Parsing file /apex/com.android.hardware.ir/etc/android.hardware.ir-service.example.rc...
[    1.635911] init: Parsing file /apex/com.android.hardware.ir/etc/android.hardware.ir-service.example.rc...
[    1.636730] init: Parsing file /apex/com.android.hardware.keymint/etc/android.hardware.security.keymint-service.nonsecure.apex.rc...
[    1.636730] init: Parsing file /apex/com.android.hardware.keymint/etc/android.hardware.security.keymint-service.nonsecure.apex.rc...
[    1.637720] init: Parsing file /apex/com.android.hardware.memtrack/etc/memtrack-default-apex.rc...
[    1.637720] init: Parsing file /apex/com.android.hardware.memtrack/etc/memtrack-default-apex.rc...
[    1.638510] init: Parsing file /apex/com.android.hardware.net.nlinterceptor/etc/nlinterceptor.rc...
[    1.638510] init: Parsing file /apex/com.android.hardware.net.nlinterceptor/etc/nlinterceptor.rc...
[    1.639276] init: Parsing file /apex/com.android.hardware.neuralnetworks/etc/android.hardware.neuralnetworks-service-sample-all.rc...
[    1.639276] init: Parsing file /apex/com.android.hardware.neuralnetworks/etc/android.hardware.neuralnetworks-service-sample-all.rc...
[    1.640259] init: Parsing file /apex/com.android.hardware.neuralnetworks/etc/android.hardware.neuralnetworks-service-sample-limited.rc...
[    1.640259] init: Parsing file /apex/com.android.hardware.neuralnetworks/etc/android.hardware.neuralnetworks-service-sample-limited.rc...
[    1.641264] init: Parsing file /apex/com.android.hardware.neuralnetworks/etc/android.hardware.neuralnetworks-shim-service-sample.rc...
[    1.641264] init: Parsing file /apex/com.android.hardware.neuralnetworks/etc/android.hardware.neuralnetworks-shim-service-sample.rc...
[    1.642260] init: Parsing file /apex/com.android.hardware.power/etc/com.android.hardware.power.rc...
[    1.642260] init: Parsing file /apex/com.android.hardware.power/etc/com.android.hardware.power.rc...
[    1.643046] init: Parsing file /apex/com.android.hardware.rebootescrow/etc/rebootescrow-default.rc...
[    1.643046] init: Parsing file /apex/com.android.hardware.rebootescrow/etc/rebootescrow-default.rc...
[    1.643849] init: Parsing file /apex/com.android.hardware.secure_element/etc/secure_element.rc...
[    1.643849] init: Parsing file /apex/com.android.hardware.secure_element/etc/secure_element.rc...
[    1.644615] init: Parsing file /apex/com.android.hardware.security.authgraph/etc/authgraph.rc...
[    1.644615] init: Parsing file /apex/com.android.hardware.security.authgraph/etc/authgraph.rc...
[    1.645393] init: Parsing file /apex/com.android.hardware.security.secretkeeper/etc/secretkeeper.rc...
[    1.645393] init: Parsing file /apex/com.android.hardware.security.secretkeeper/etc/secretkeeper.rc...
[    1.646173] init: Parsing file /apex/com.android.hardware.tetheroffload/etc/tetheroffload-example.rc...
[    1.646173] init: Parsing file /apex/com.android.hardware.tetheroffload/etc/tetheroffload-example.rc...
[    1.646955] init: Parsing file /apex/com.android.hardware.thermal/etc/android.hardware.thermal.example.rc...
[    1.646955] init: Parsing file /apex/com.android.hardware.thermal/etc/android.hardware.thermal.example.rc...
[    1.647780] init: Parsing file /apex/com.android.hardware.threadnetwork/etc/threadnetwork-service.rc...
[    1.647780] init: Parsing file /apex/com.android.hardware.threadnetwork/etc/threadnetwork-service.rc...
[    1.648576] init: Parsing file /apex/com.android.hardware.usb/etc/com.android.hardware.usb.rc...
[    1.648576] init: Parsing file /apex/com.android.hardware.usb/etc/com.android.hardware.usb.rc...
[    1.649347] init: Parsing file /apex/com.android.hardware.uwb/etc/uwb-service.rc...
[    1.649347] init: Parsing file /apex/com.android.hardware.uwb/etc/uwb-service.rc...
[    1.650016] init: Parsing file /apex/com.android.hardware.vibrator/etc/com.android.hardware.vibrator.rc...
[    1.650016] init: Parsing file /apex/com.android.hardware.vibrator/etc/com.android.hardware.vibrator.rc...
[    1.650823] init: Parsing file /apex/com.android.hardware.wifi/etc/com.android.hardware.wifi.rc...
[    1.650823] init: Parsing file /apex/com.android.hardware.wifi/etc/com.android.hardware.wifi.rc...
[    1.651598] init: Parsing file /apex/com.android.media.swcodec/etc/mediaswcodec.32rc...
[    1.651598] init: Parsing file /apex/com.android.media.swcodec/etc/mediaswcodec.32rc...
[    1.652307] init: Parsing file /apex/com.android.media/etc/mediatranscoding.32rc...
[    1.652307] init: Parsing file /apex/com.android.media/etc/mediatranscoding.32rc...
[    1.652976] init: Parsing file /apex/com.android.os.statsd/etc/init.rc...
[    1.652976] init: Parsing file /apex/com.android.os.statsd/etc/init.rc...
[    1.653630] init: Parsing file /apex/com.android.sdkext/etc/derive_classpath.rc...
[    1.653630] init: Parsing file /apex/com.android.sdkext/etc/derive_classpath.rc...
[    1.654320] init: Parsing file /apex/com.android.sdkext/etc/derive_sdk.rc...
[    1.654320] init: Parsing file /apex/com.android.sdkext/etc/derive_sdk.rc...
[    1.654927] init: Parsing file /apex/com.android.tethering/etc/netbpfload.35rc...
[    1.654927] init: Parsing file /apex/com.android.tethering/etc/netbpfload.35rc...
[    1.655642] init: Parsing file /apex/com.android.tethering/etc/ot-daemon.34rc...
[    1.655642] init: Parsing file /apex/com.android.tethering/etc/ot-daemon.34rc...
[    1.656323] init: Parsing file /apex/com.android.uprobestats/etc/init.rc...
[    1.656323] init: Parsing file /apex/com.android.uprobestats/etc/init.rc...
[    1.656921] init: Parsing file /apex/com.android.virt/etc/vfio_handler.rc...
[    1.656921] init: Parsing file /apex/com.android.virt/etc/vfio_handler.rc...
[    1.657499] init: Parsing file /apex/com.android.virt/etc/virtualizationservice.rc...
[    1.657499] init: Parsing file /apex/com.android.virt/etc/virtualizationservice.rc...
[    1.658124] init: Parsing file /apex/com.android.virt/etc/vmnic.rc...
[    1.658124] init: Parsing file /apex/com.android.virt/etc/vmnic.rc...
[    1.658630] init: Parsing file /apex/com.android.wifi/etc/mainline_supplicant.rc...
[    1.658630] init: Parsing file /apex/com.android.wifi/etc/mainline_supplicant.rc...
[    1.659294] init: Parsing file /apex/com.google.cf.bt/etc/com.google.cf.bt.default.rc...
[    1.659294] init: Parsing file /apex/com.google.cf.bt/etc/com.google.cf.bt.default.rc...
[    1.660000] init: Parsing file /apex/com.google.cf.bt/etc/com.google.cf.bt.lpp.rc...
[    1.660000] init: Parsing file /apex/com.google.cf.bt/etc/com.google.cf.bt.lpp.rc...
[    1.660668] init: Parsing file /apex/com.google.cf.confirmationui/etc/android.hardware.confirmationui-service.cuttlefish.rc...
[    1.660668] init: Parsing file /apex/com.google.cf.confirmationui/etc/android.hardware.confirmationui-service.cuttlefish.rc...
[    1.661638] init: Parsing file /apex/com.google.cf.gralloc/etc/com.google.cf.gralloc.rc...
[    1.661638] init: Parsing file /apex/com.google.cf.gralloc/etc/com.google.cf.gralloc.rc...
[    1.662356] init: Parsing file /apex/com.google.cf.health/etc/android.hardware.health-service.cuttlefish.rc...
[    1.662356] init: Parsing file /apex/com.google.cf.health/etc/android.hardware.health-service.cuttlefish.rc...
[    1.663181] init: Parsing file /apex/com.google.cf.identity/etc/android.hardware.identity-service.remote.rc...
[    1.663181] init: Parsing file /apex/com.google.cf.identity/etc/android.hardware.identity-service.remote.rc...
[    1.664012] init: Parsing file /apex/com.google.cf.input.config/etc/com.google.cf.input.config.rc...
[    1.664012] init: Parsing file /apex/com.google.cf.input.config/etc/com.google.cf.input.config.rc...
[    1.664832] init: Parsing file /apex/com.google.cf.light/etc/lights-cuttlefish.rc...
[    1.664832] init: Parsing file /apex/com.google.cf.light/etc/lights-cuttlefish.rc...
[    1.665520] init: Parsing file /apex/com.google.cf.nfc/etc/nfc-service-cuttlefish.rc...
[    1.665520] init: Parsing file /apex/com.google.cf.nfc/etc/nfc-service-cuttlefish.rc...
[    1.666210] init: Parsing file /apex/com.google.cf.oemlock/etc/android.hardware.oemlock-service.remote.rc...
[    1.666210] init: Parsing file /apex/com.google.cf.oemlock/etc/android.hardware.oemlock-service.remote.rc...
[    1.667021] init: Parsing file /apex/com.google.cf.rild/etc/com.google.cf.rild.rc...
[    1.667021] init: Parsing file /apex/com.google.cf.rild/etc/com.google.cf.rild.rc...
[    1.667694] init: Parsing file /apex/com.google.cf.vulkan/etc/com.google.cf.vulkan.rc...
[    1.667694] init: Parsing file /apex/com.google.cf.vulkan/etc/com.google.cf.vulkan.rc...
[    1.668387] init: Parsing file /apex/com.google.cf.wifi/etc/com.google.cf.wifi.rc...
[    1.668387] init: Parsing file /apex/com.google.cf.wifi/etc/com.google.cf.wifi.rc...
[    1.669103] init: Parsing file /apex/com.google.cf.wpa_supplicant/etc/com.google.cf.wpa_supplicant.rc...
[    1.669103] init: Parsing file /apex/com.google.cf.wpa_supplicant/etc/com.google.cf.wpa_supplicant.rc...
[    1.669905] init: Parsing file /apex/com.google.emulated.camera.provider.hal/etc/com.google.emulated.camera.provider.hal.rc...
[    1.669905] init: Parsing file /apex/com.google.emulated.camera.provider.hal/etc/com.google.emulated.camera.provider.hal.rc...
[    1.730187] init: linkerconfig generated /linkerconfig with mounted APEX modules info
[    1.730187] init: linkerconfig generated /linkerconfig with mounted APEX modules info
[    1.730965] init: Command 'perform_apex_config' action=early-init (/system/etc/init/hw/init.rc:92) took 118ms and succeeded
[    1.730965] init: Command 'perform_apex_config' action=early-init (/system/etc/init/hw/init.rc:92) took 118ms and succeeded
[    1.733391] init: processing action (ro.boot.bootchart.enabled= && early-init) from (/system/etc/init/hw/init.rc:113)
[    1.733391] init: processing action (ro.boot.bootchart.enabled= && early-init) from (/system/etc/init/hw/init.rc:113)
[    1.734240] init: processing action (early-init) from (/init.environ.rc:2)
[    1.734240] init: processing action (early-init) from (/init.environ.rc:2)
[    1.734827] init: processing action (early-init) from (/system/etc/init/aconfigd.rc:26)
[    1.734827] init: processing action (early-init) from (/system/etc/init/aconfigd.rc:26)
[    1.735991] init: starting service 'early_system_aconfigd_platform_init'...
[    1.735991] init: starting service 'early_system_aconfigd_platform_init'...
[    1.737347] libprocessgroup: Created cgroup /sys/fs/cgroup/system/uid_1000/pid_420
[    1.737347] libprocessgroup: Created cgroup /sys/fs/cgroup/system/uid_1000/pid_420
[    1.738974] init: ... started service 'early_system_aconfigd_platform_init' has pid 420
[    1.738974] init: ... started service 'early_system_aconfigd_platform_init' has pid 420
[    1.739724] init: SVC_EXEC service 'early_system_aconfigd_platform_init' pid 420 (uid 1000 gid 1000+0 context default) started; waiting...
[    1.739724] init: SVC_EXEC service 'early_system_aconfigd_platform_init' pid 420 (uid 1000 gid 1000+0 context default) started; waiting...
[    1.769812] main[420]: Starting aconfigd_system command: EarlyPlatformInit
[    1.769812] main[420]: Starting aconfigd_system command: EarlyPlatformInit
[    1.770466] main[420]: Starting early-init platform init
[    1.770466] main[420]: Starting early-init platform init
[    1.771013] main[420]: Detected early init marker from previous boot; removing it.
[    1.771013] main[420]: Detected early init marker from previous boot; removing it.
[    1.771892] aconfigd_rust::utils[420]: build fingerprint is: generic/aosp_cf_x86_64_only_phone/vsoc_x86_64_only:17/CP2A.260605.016/16373615:userdebug/test-keys
[    1.771892] aconfigd_rust::utils[420]: build fingerprint is: generic/aosp_cf_x86_64_only_phone/vsoc_x86_64_only:17/CP2A.260605.016/16373615:userdebug/test-keys
[    1.772963] aconfigd_rust::aconfigd[420]: device build fingerprint generic/aosp_cf_x86_64_only_phone/vsoc_x86_64_only:17/CP2A.260605.016/16373615:userdebug/test-keys
[    1.772963] aconfigd_rust::aconfigd[420]: device build fingerprint generic/aosp_cf_x86_64_only_phone/vsoc_x86_64_only:17/CP2A.260605.016/16373615:userdebug/test-keys
[    1.774183] aconfigd_rust::utils[420]: security patch date is: 2026-06-05
[    1.774183] aconfigd_rust::utils[420]: security patch date is: 2026-06-05
[    1.774708] aconfigd_rust::aconfigd[420]: device security patch 2026-06-05
[    1.774708] aconfigd_rust::aconfigd[420]: device security patch 2026-06-05
[    1.776396] aconfigd_rust::storage_files[420]: create system storage files object from pb entry
[    1.776396] aconfigd_rust::storage_files[420]: create system storage files object from pb entry
[    1.777296] aconfigd_rust::storage_files[420]: create vendor storage files object from pb entry
[    1.777296] aconfigd_rust::storage_files[420]: create vendor storage files object from pb entry
[    1.777986] aconfigd_rust::storage_files[420]: create system_ext storage files object from pb entry
[    1.777986] aconfigd_rust::storage_files[420]: create system_ext storage files object from pb entry
[    1.778738] aconfigd_rust::storage_files[420]: create product storage files object from pb entry
[    1.778738] aconfigd_rust::storage_files[420]: create product storage files object from pb entry
[    1.779461] aconfigd_rust::aconfigd[420]: start initialize system flags
[    1.779461] aconfigd_rust::aconfigd[420]: start initialize system flags
[    1.781301] aconfigd_rust::storage_files_manager[420]: no need to update system, computed digest matches with record
[    1.781301] aconfigd_rust::storage_files_manager[420]: no need to update system, computed digest matches with record
[    1.782146] aconfigd_rust::aconfigd[420]: start initialize system_ext flags
[    1.782146] aconfigd_rust::aconfigd[420]: start initialize system_ext flags
[    1.782810] aconfigd_rust::storage_files_manager[420]: no need to update system_ext, computed digest matches with record
[    1.782810] aconfigd_rust::storage_files_manager[420]: no need to update system_ext, computed digest matches with record
[    1.783656] aconfigd_rust::aconfigd[420]: start initialize product flags
[    1.783656] aconfigd_rust::aconfigd[420]: start initialize product flags
[    1.784275] aconfigd_rust::storage_files_manager[420]: no need to update product, computed digest matches with record
[    1.784275] aconfigd_rust::storage_files_manager[420]: no need to update product, computed digest matches with record
[    1.785359] aconfigd_rust::aconfigd[420]: start initialize vendor flags
[    1.785359] aconfigd_rust::aconfigd[420]: start initialize vendor flags
[    1.786059] aconfigd_rust::storage_files_manager[420]: no need to update vendor, computed digest matches with record
[    1.786059] aconfigd_rust::storage_files_manager[420]: no need to update vendor, computed digest matches with record
[    1.787015] aconfigd_rust::storage_files_manager[420]: writing updated storage records /metadata/aconfig/platform_storage_records.pb
[    1.787015] aconfigd_rust::storage_files_manager[420]: writing updated storage records /metadata/aconfig/platform_storage_records.pb
[    1.789427] aconfigd_rust::storage_files_manager[420]: no OTA flags staged, skip
[    1.789427] aconfigd_rust::storage_files_manager[420]: no OTA flags staged, skip
[    1.790194] aconfigd_rust::storage_files[420]: reuse boot storage files for container system
[    1.790194] aconfigd_rust::storage_files[420]: reuse boot storage files for container system
[    1.790975] aconfigd_rust::storage_files[420]: reuse boot storage files for container system_ext
[    1.790975] aconfigd_rust::storage_files[420]: reuse boot storage files for container system_ext
[    1.792030] aconfigd_rust::storage_files[420]: reuse boot storage files for container product
[    1.792030] aconfigd_rust::storage_files[420]: reuse boot storage files for container product
[    1.792865] aconfigd_rust::storage_files[420]: reuse boot storage files for container vendor
[    1.792865] aconfigd_rust::storage_files[420]: reuse boot storage files for container vendor
[    1.794146] init: Service 'early_system_aconfigd_platform_init' (pid 420) exited with status 0 waiting took 0.056000 seconds
[    1.794146] init: Service 'early_system_aconfigd_platform_init' (pid 420) exited with status 0 waiting took 0.056000 seconds
[    1.795212] init: Sending SIGKILL to service 'early_system_aconfigd_platform_init' (pid 420) process group...
[    1.795212] init: Sending SIGKILL to service 'early_system_aconfigd_platform_init' (pid 420) process group...
[    1.796576] libprocessgroup: Removed cgroup /sys/fs/cgroup/system/uid_1000/pid_420
[    1.796576] libprocessgroup: Removed cgroup /sys/fs/cgroup/system/uid_1000/pid_420
[    1.797592] init: processing action (ro.product.debugfs_restrictions.enabled=true && early-init) from (/system/etc/init/init-debug.rc:10)
[    1.797592] init: processing action (ro.product.debugfs_restrictions.enabled=true && early-init) from (/system/etc/init/init-debug.rc:10)
[    1.799485] init: processing action (early-init) from (/system/etc/init/kcmdlinemodprobe.rc:16)
[    1.799485] init: processing action (early-init) from (/system/etc/init/kcmdlinemodprobe.rc:16)
[    1.800561] init: starting service 'exec 1 (/system/bin/kcmdlinemodprobe)'...
[    1.800561] init: starting service 'exec 1 (/system/bin/kcmdlinemodprobe)'...
[    1.802185] libprocessgroup: Created cgroup /sys/fs/cgroup/system/uid_0/pid_421
[    1.802185] libprocessgroup: Created cgroup /sys/fs/cgroup/system/uid_0/pid_421
[    1.803379] init: ... started service 'exec 1 (/system/bin/kcmdlinemodprobe)' has pid 421
[    1.803379] init: ... started service 'exec 1 (/system/bin/kcmdlinemodprobe)' has pid 421
[    1.804227] init: SVC_EXEC service 'exec 1 (/system/bin/kcmdlinemodprobe)' pid 421 (uid 0 gid 0+0 context default) started; waiting...
[    1.804227] init: SVC_EXEC service 'exec 1 (/system/bin/kcmdlinemodprobe)' pid 421 (uid 0 gid 0+0 context default) started; waiting...
[    1.809928] init: Service 'exec 1 (/system/bin/kcmdlinemodprobe)' (pid 421) exited with status 0 waiting took 0.007000 seconds
[    1.809928] init: Service 'exec 1 (/system/bin/kcmdlinemodprobe)' (pid 421) exited with status 0 waiting took 0.007000 seconds
[    1.810851] init: Sending SIGKILL to service 'exec 1 (/system/bin/kcmdlinemodprobe)' (pid 421) process group...
[    1.810851] init: Sending SIGKILL to service 'exec 1 (/system/bin/kcmdlinemodprobe)' (pid 421) process group...
[    1.811713] libprocessgroup: Removed cgroup /sys/fs/cgroup/system/uid_0/pid_421
[    1.811713] libprocessgroup: Removed cgroup /sys/fs/cgroup/system/uid_0/pid_421
[    1.812566] init: processing action (early-init) from (/system/etc/init/prng_seeder.rc:5)
[    1.812566] init: processing action (early-init) from (/system/etc/init/prng_seeder.rc:5)
[    1.813808] init: starting service 'prng_seeder'...
[    1.813808] init: starting service 'prng_seeder'...
[    1.814604] init: Created socket '/dev/socket/prng_seeder', mode 666, user 1092, group 1092
[    1.814604] init: Created socket '/dev/socket/prng_seeder', mode 666, user 1092, group 1092
[    1.816467] libprocessgroup: Created cgroup /sys/fs/cgroup/system/uid_1092
[    1.816467] libprocessgroup: Created cgroup /sys/fs/cgroup/system/uid_1092
[    1.817605] libprocessgroup: Created cgroup /sys/fs/cgroup/system/uid_1092/pid_422
[    1.817605] libprocessgroup: Created cgroup /sys/fs/cgroup/system/uid_1092/pid_422
[    1.818884] init: ... started service 'prng_seeder' has pid 422
[    1.818884] init: ... started service 'prng_seeder' has pid 422
[    1.819427] init: processing action (ro.product.cpu.abilist64=* && early-init) from (/vendor/etc/boringssl_self_test.zygote64.rc:1)
[    1.819427] init: processing action (ro.product.cpu.abilist64=* && early-init) from (/vendor/etc/boringssl_self_test.zygote64.rc:1)
[    1.820559] init: starting service 'boringssl_self_test64_vendor'...
[    1.820559] init: starting service 'boringssl_self_test64_vendor'...
[    1.821966] libprocessgroup: Created cgroup /sys/fs/cgroup/system/uid_0/pid_423
[    1.821966] libprocessgroup: Created cgroup /sys/fs/cgroup/system/uid_0/pid_423
[    1.823297] init: ... started service 'boringssl_self_test64_vendor' has pid 423
[    1.823297] init: ... started service 'boringssl_self_test64_vendor' has pid 423
[    1.823930] init: SVC_EXEC service 'boringssl_self_test64_vendor' pid 423 (uid 0 gid 0+0 context default) started; waiting...
[    1.823930] init: SVC_EXEC service 'boringssl_self_test64_vendor' pid 423 (uid 0 gid 0+0 context default) started; waiting...
[    1.840256] init: Service 'boringssl_self_test64_vendor' (pid 423) exited with status 0 waiting took 0.018000 seconds
[    1.840256] init: Service 'boringssl_self_test64_vendor' (pid 423) exited with status 0 waiting took 0.018000 seconds
[    1.841106] init: Sending SIGKILL to service 'boringssl_self_test64_vendor' (pid 423) process group...
[    1.841106] init: Sending SIGKILL to service 'boringssl_self_test64_vendor' (pid 423) process group...
[    1.841909] libprocessgroup: Removed cgroup /sys/fs/cgroup/system/uid_0/pid_423
[    1.841909] libprocessgroup: Removed cgroup /sys/fs/cgroup/system/uid_0/pid_423
[    1.842668] init: processing action (early-init) from (/vendor/etc/init/init.cutf_cvm.rc:1)
[    1.842668] init: processing action (early-init) from (/vendor/etc/init/init.cutf_cvm.rc:1)
[    1.844088] init: starting service 'vendor.dlkm_loader'...
[    1.844088] init: starting service 'vendor.dlkm_loader'...
[    1.845418] libprocessgroup: Created cgroup /sys/fs/cgroup/system/uid_0/pid_424
[    1.845418] libprocessgroup: Created cgroup /sys/fs/cgroup/system/uid_0/pid_424
[    1.846751] init: ... started service 'vendor.dlkm_loader' has pid 424
[    1.846751] init: ... started service 'vendor.dlkm_loader' has pid 424
[    1.847671] init: starting service 'exec 2 (/system/bin/modprobe -a -d /system/lib/modules zram.ko)'...
[    1.847671] init: starting service 'exec 2 (/system/bin/modprobe -a -d /system/lib/modules zram.ko)'...
[    1.849348] libprocessgroup: Created cgroup /sys/fs/cgroup/system/uid_0/pid_425
[    1.849348] libprocessgroup: Created cgroup /sys/fs/cgroup/system/uid_0/pid_425
[    1.850395] init: ... started service 'exec 2 (/system/bin/modprobe -a -d /system/lib/modules zram.ko)' has pid 425
[    1.850395] init: ... started service 'exec 2 (/system/bin/modprobe -a -d /system/lib/modules zram.ko)' has pid 425
[    1.851208] init: SVC_EXEC service 'exec 2 (/system/bin/modprobe -a -d /system/lib/modules zram.ko)' pid 425 (uid 0 gid 0+0 context u:r:modprobe:s0) started; waiting...
[    1.851208] init: SVC_EXEC service 'exec 2 (/system/bin/modprobe -a -d /system/lib/modules zram.ko)' pid 425 (uid 0 gid 0+0 context u:r:modprobe:s0) started; waiting...
[    1.852734] dlkm_loader: dlkm loader successfully initialized
[    1.852734] dlkm_loader: dlkm loader successfully initialized
[    1.854942] dlkm_loader: module load count is 0
[    1.854942] dlkm_loader: module load count is 0
[    1.855982] init: Service 'vendor.dlkm_loader' (pid 424) exited with status 0 oneshot service took 0.010000 seconds in background
[    1.855982] init: Service 'vendor.dlkm_loader' (pid 424) exited with status 0 oneshot service took 0.010000 seconds in background
[    1.856873] init: Sending SIGKILL to service 'vendor.dlkm_loader' (pid 424) process group...
[    1.856873] init: Sending SIGKILL to service 'vendor.dlkm_loader' (pid 424) process group...
[    1.857652] libprocessgroup: Removed cgroup /sys/fs/cgroup/system/uid_0/pid_424
[    1.857652] libprocessgroup: Removed cgroup /sys/fs/cgroup/system/uid_0/pid_424
[    1.858382] init: Service 'exec 2 (/system/bin/modprobe -a -d /system/lib/modules zram.ko)' (pid 425) exited with status 1 waiting took 0.009000 seconds
[    1.858382] init: Service 'exec 2 (/system/bin/modprobe -a -d /system/lib/modules zram.ko)' (pid 425) exited with status 1 waiting took 0.009000 seconds
[    1.859389] init: Sending SIGKILL to service 'exec 2 (/system/bin/modprobe -a -d /system/lib/modules zram.ko)' (pid 425) process group...
[    1.859389] init: Sending SIGKILL to service 'exec 2 (/system/bin/modprobe -a -d /system/lib/modules zram.ko)' (pid 425) process group...
[    1.860377] libprocessgroup: Removed cgroup /sys/fs/cgroup/system/uid_0/pid_425
[    1.860377] libprocessgroup: Removed cgroup /sys/fs/cgroup/system/uid_0/pid_425
[    6.868352] init: wait for '/dev/dri/card0' timed out and took 5007ms
[    6.868352] init: wait for '/dev/dri/card0' timed out and took 5007ms
[    6.868960] init: Command 'wait /dev/dri/card0' action=early-init (/vendor/etc/init/init.cutf_cvm.rc:13) took 5007ms and failed: wait_for_file() failed
[    6.868960] init: Command 'wait /dev/dri/card0' action=early-init (/vendor/etc/init/init.cutf_cvm.rc:13) took 5007ms and failed: wait_for_file() failed
[    6.870545] init: starting service 'exec 3 (/vendor/bin/modprobe -d /vendor/lib/modules vkms.ko create_default_dev=0)'...
[    6.870545] init: starting service 'exec 3 (/vendor/bin/modprobe -d /vendor/lib/modules vkms.ko create_default_dev=0)'...
[    6.872710] libprocessgroup: Created cgroup /sys/fs/cgroup/system/uid_0/pid_426
[    6.872710] libprocessgroup: Created cgroup /sys/fs/cgroup/system/uid_0/pid_426
[    6.874846] init: ... started service 'exec 3 (/vendor/bin/modprobe -d /vendor/lib/modules vkms.ko create_default_dev=0)' has pid 426
[    6.874846] init: ... started service 'exec 3 (/vendor/bin/modprobe -d /vendor/lib/modules vkms.ko create_default_dev=0)' has pid 426
[    6.876033] init: SVC_EXEC service 'exec 3 (/vendor/bin/modprobe -d /vendor/lib/modules vkms.ko create_default_dev=0)' pid 426 (uid 0 gid 0+0 context u:r:vendor_modprobe:s0) started; waiting...
[    6.876033] init: SVC_EXEC service 'exec 3 (/vendor/bin/modprobe -d /vendor/lib/modules vkms.ko create_default_dev=0)' pid 426 (uid 0 gid 0+0 context u:r:vendor_modprobe:s0) started; waiting...
[    6.883526] init: Service 'exec 3 (/vendor/bin/modprobe -d /vendor/lib/modules vkms.ko create_default_dev=0)' (pid 426) exited with status 1 waiting took 0.010000 seconds
[    6.883526] init: Service 'exec 3 (/vendor/bin/modprobe -d /vendor/lib/modules vkms.ko create_default_dev=0)' (pid 426) exited with status 1 waiting took 0.010000 seconds
[    6.884821] init: Sending SIGKILL to service 'exec 3 (/vendor/bin/modprobe -d /vendor/lib/modules vkms.ko create_default_dev=0)' (pid 426) process group...
[    6.884821] init: Sending SIGKILL to service 'exec 3 (/vendor/bin/modprobe -d /vendor/lib/modules vkms.ko create_default_dev=0)' (pid 426) process group...
[    6.886020] libprocessgroup: Removed cgroup /sys/fs/cgroup/system/uid_0/pid_426
[    6.886020] libprocessgroup: Removed cgroup /sys/fs/cgroup/system/uid_0/pid_426
[    6.886676] init: processing action (early-init) from (/vendor/etc/init/init.cutf_cvm.rc:132)
[    6.886676] init: processing action (early-init) from (/vendor/etc/init/init.cutf_cvm.rc:132)
[    6.887604] init: processing action (early-init) from (/vendor/etc/init/init.cutf_cvm.rc:135)
[    6.887604] init: processing action (early-init) from (/vendor/etc/init/init.cutf_cvm.rc:135)
[    6.888375] init: Command 'setprop ro.vendor.cuttlefish_service_bluetooth_checker ${ro.boot.cuttlefish_service_bluetooth_checker}' action=early-init (/vendor/etc/init/init.cutf_cvm.rc:136) took 0ms and failed: property 'ro.boot.cuttlefish_service_bluetooth_checker' doesn't exist while expanding '${ro.boot.cuttlefish_service_bluetooth_checker}'
[    6.888375] init: Command 'setprop ro.vendor.cuttlefish_service_bluetooth_checker ${ro.boot.cuttlefish_service_bluetooth_checker}' action=early-init (/vendor/etc/init/init.cutf_cvm.rc:136) took 0ms and failed: property 'ro.boot.cuttlefish_service_bluetooth_checker' doesn't exist while expanding '${ro.boot.cuttlefish_service_bluetooth_checker}'
[    6.890717] init: processing action (early-init) from (/vendor/etc/init/init_graphics.vendor.rc:1)
[    6.890717] init: processing action (early-init) from (/vendor/etc/init/init_graphics.vendor.rc:1)
[    6.892207] init: Command 'setprop ro.vendor.hwcomposer.mode ${ro.boot.hardware.hwcomposer.mode}' action=early-init (/vendor/etc/init/init_graphics.vendor.rc:11) took 0ms and failed: property 'ro.boot.hardware.hwcomposer.mode' doesn't exist while expanding '${ro.boot.hardware.hwcomposer.mode}'
[    6.892207] init: Command 'setprop ro.vendor.hwcomposer.mode ${ro.boot.hardware.hwcomposer.mode}' action=early-init (/vendor/etc/init/init_graphics.vendor.rc:11) took 0ms and failed: property 'ro.boot.hardware.hwcomposer.mode' doesn't exist while expanding '${ro.boot.hardware.hwcomposer.mode}'
[    6.894631] init: Command 'setprop debug.hwui.renderer ${ro.boot.hardware.guest_hwui_renderer}' action=early-init (/vendor/etc/init/init_graphics.vendor.rc:17) took 0ms and failed: property 'ro.boot.hardware.guest_hwui_renderer' doesn't exist while expanding '${ro.boot.hardware.guest_hwui_renderer}'
[    6.894631] init: Command 'setprop debug.hwui.renderer ${ro.boot.hardware.guest_hwui_renderer}' action=early-init (/vendor/etc/init/init_graphics.vendor.rc:17) took 0ms and failed: property 'ro.boot.hardware.guest_hwui_renderer' doesn't exist while expanding '${ro.boot.hardware.guest_hwui_renderer}'
[    6.896971] init: Command 'setprop ro.zygote.disable_gl_preload ${ro.boot.hardware.guest_disable_renderer_preload}' action=early-init (/vendor/etc/init/init_graphics.vendor.rc:18) took 0ms and failed: property 'ro.boot.hardware.guest_disable_renderer_preload' doesn't exist while expanding '${ro.boot.hardware.guest_disable_renderer_preload}'
[    6.896971] init: Command 'setprop ro.zygote.disable_gl_preload ${ro.boot.hardware.guest_disable_renderer_preload}' action=early-init (/vendor/etc/init/init_graphics.vendor.rc:18) took 0ms and failed: property 'ro.boot.hardware.guest_disable_renderer_preload' doesn't exist while expanding '${ro.boot.hardware.guest_disable_renderer_preload}'
[    6.899527] init: processing action (ConnectEarlyStageSnapuserd) from (<Builtin Action>:0)
[    6.899527] init: processing action (ConnectEarlyStageSnapuserd) from (<Builtin Action>:0)
[    6.900299] init: processing action (wait_for_coldboot_done) from (<Builtin Action>:0)
[    6.900299] init: processing action (wait_for_coldboot_done) from (<Builtin Action>:0)
[    6.900901] init: start_waiting_for_property("ro.cold_boot_done", "true"): already set
[    6.900901] init: start_waiting_for_property("ro.cold_boot_done", "true"): already set
[    6.901551] init: processing action (CheckTradeInModeStatus) from (<Builtin Action>:0)
[    6.901551] init: processing action (CheckTradeInModeStatus) from (<Builtin Action>:0)
[    6.902303] init: processing action (SetMmapRndBits) from (<Builtin Action>:0)
[    6.902303] init: processing action (SetMmapRndBits) from (<Builtin Action>:0)
[    6.902959] init: processing action (KeychordInit) from (<Builtin Action>:0)
[    6.902959] init: processing action (KeychordInit) from (<Builtin Action>:0)
[    6.903565] init: EVIOCSMASK not supported: Invalid argument
[    6.903565] init: EVIOCSMASK not supported: Invalid argument
[    6.904118] init: processing action (init) from (/system/etc/init/hw/init.rc:116)
[    6.904118] init: processing action (init) from (/system/etc/init/hw/init.rc:116)
[    6.907042] init: Command 'write /dev/blkio/blkio.weight 1000' action=init (/system/etc/init/hw/init.rc:218) took 0ms and failed: Unable to write to file '/dev/blkio/blkio.weight': open() failed: Permission denied
[    6.907042] init: Command 'write /dev/blkio/blkio.weight 1000' action=init (/system/etc/init/hw/init.rc:218) took 0ms and failed: Unable to write to file '/dev/blkio/blkio.weight': open() failed: Permission denied
[    6.908582] init: Command 'write /dev/blkio/background/blkio.weight 200' action=init (/system/etc/init/hw/init.rc:219) took 0ms and failed: Unable to write to file '/dev/blkio/background/blkio.weight': open() failed: Permission denied
[    6.908582] init: Command 'write /dev/blkio/background/blkio.weight 200' action=init (/system/etc/init/hw/init.rc:219) took 0ms and failed: Unable to write to file '/dev/blkio/background/blkio.weight': open() failed: Permission denied
[    6.910309] init: Command 'write /dev/blkio/blkio.group_idle 0' action=init (/system/etc/init/hw/init.rc:221) took 0ms and failed: Unable to write to file '/dev/blkio/blkio.group_idle': open() failed: Permission denied
[    6.910309] init: Command 'write /dev/blkio/blkio.group_idle 0' action=init (/system/etc/init/hw/init.rc:221) took 0ms and failed: Unable to write to file '/dev/blkio/blkio.group_idle': open() failed: Permission denied
[    6.911828] init: Command 'write /dev/blkio/background/blkio.group_idle 0' action=init (/system/etc/init/hw/init.rc:222) took 0ms and failed: Unable to write to file '/dev/blkio/background/blkio.group_idle': open() failed: Permission denied
[    6.911828] init: Command 'write /dev/blkio/background/blkio.group_idle 0' action=init (/system/etc/init/hw/init.rc:222) took 0ms and failed: Unable to write to file '/dev/blkio/background/blkio.group_idle': open() failed: Permission denied
[    6.924147] init: Command 'write /dev/cpu_variant:${ro.bionic.arch} ${ro.bionic.cpu_variant}' action=init (/system/etc/init/hw/init.rc:438) took 0ms and failed: property 'ro.bionic.cpu_variant' doesn't exist while expanding '${ro.bionic.cpu_variant}'
[    6.924147] init: Command 'write /dev/cpu_variant:${ro.bionic.arch} ${ro.bionic.cpu_variant}' action=init (/system/etc/init/hw/init.rc:438) took 0ms and failed: property 'ro.bionic.cpu_variant' doesn't exist while expanding '${ro.bionic.cpu_variant}'
[    6.925783] init: Command 'write /dev/cpu_variant:${ro.bionic.2nd_arch} ${ro.bionic.2nd_cpu_variant}' action=init (/system/etc/init/hw/init.rc:440) took 0ms and failed: property 'ro.bionic.2nd_arch' doesn't exist while expanding '/dev/cpu_variant:${ro.bionic.2nd_arch}'
[    6.925783] init: Command 'write /dev/cpu_variant:${ro.bionic.2nd_arch} ${ro.bionic.2nd_cpu_variant}' action=init (/system/etc/init/hw/init.rc:440) took 0ms and failed: property 'ro.bionic.2nd_arch' doesn't exist while expanding '/dev/cpu_variant:${ro.bionic.2nd_arch}'
[    6.927590] init: Command 'chmod 0444 /dev/cpu_variant:${ro.bionic.2nd_arch}' action=init (/system/etc/init/hw/init.rc:441) took 0ms and failed: property 'ro.bionic.2nd_arch' doesn't exist while expanding '/dev/cpu_variant:${ro.bionic.2nd_arch}'
[    6.927590] init: Command 'chmod 0444 /dev/cpu_variant:${ro.bionic.2nd_arch}' action=init (/system/etc/init/hw/init.rc:441) took 0ms and failed: property 'ro.bionic.2nd_arch' doesn't exist while expanding '/dev/cpu_variant:${ro.bionic.2nd_arch}'
[    6.929909] init: starting service 'logd'...
[    6.929909] init: starting service 'logd'...
[    6.930506] init: Created socket '/dev/socket/logd', mode 666, user 1036, group 1036
[    6.930506] init: Created socket '/dev/socket/logd', mode 666, user 1036, group 1036
[    6.931389] init: Created socket '/dev/socket/logdr', mode 666, user 1036, group 1036
[    6.931389] init: Created socket '/dev/socket/logdr', mode 666, user 1036, group 1036
[    6.932102] init: Created socket '/dev/socket/logdw', mode 222, user 1036, group 1036
[    6.932102] init: Created socket '/dev/socket/logdw', mode 222, user 1036, group 1036
[    6.934065] libprocessgroup: Created cgroup /sys/fs/cgroup/system/uid_1036
[    6.934065] libprocessgroup: Created cgroup /sys/fs/cgroup/system/uid_1036
[    6.935152] libprocessgroup: Created cgroup /sys/fs/cgroup/system/uid_1036/pid_427
[    6.935152] libprocessgroup: Created cgroup /sys/fs/cgroup/system/uid_1036/pid_427
[    6.936384] init: ... started service 'logd' has pid 427
[    6.936384] init: ... started service 'logd' has pid 427
[    6.937153] init: starting service 'lmkd'...
[    6.937153] init: starting service 'lmkd'...
[    6.937608] init: Created socket '/dev/socket/lmkd', mode 660, user 1000, group 1000
[    6.937608] init: Created socket '/dev/socket/lmkd', mode 660, user 1000, group 1000
[    6.938854] libprocessgroup: Created cgroup /sys/fs/cgroup/system/uid_1069
[    6.938854] libprocessgroup: Created cgroup /sys/fs/cgroup/system/uid_1069
[    6.939810] libprocessgroup: Created cgroup /sys/fs/cgroup/system/uid_1069/pid_428
[    6.939810] libprocessgroup: Created cgroup /sys/fs/cgroup/system/uid_1069/pid_428
[    6.941043] init: ... started service 'lmkd' has pid 428
[    6.941043] init: ... started service 'lmkd' has pid 428
[    6.941693] init: starting service 'servicemanager'...
[    6.941693] init: starting service 'servicemanager'...
[    6.942875] libprocessgroup: Created cgroup /sys/fs/cgroup/system/uid_1000/pid_429
[    6.942875] libprocessgroup: Created cgroup /sys/fs/cgroup/system/uid_1000/pid_429
[    6.944289] init: ... started service 'servicemanager' has pid 429
[    6.944289] init: ... started service 'servicemanager' has pid 429
[    6.945016] init: starting service 'hwservicemanager'...
[    6.945016] init: starting service 'hwservicemanager'...
[    6.947226] libprocessgroup: Created cgroup /sys/fs/cgroup/system/uid_1000/pid_430
[    6.947226] libprocessgroup: Created cgroup /sys/fs/cgroup/system/uid_1000/pid_430
[    6.948619] logd: libprocessgroup: A JoinCgroup action in the SystemMemoryProcess profile is used for controller memory in the cgroup v2 hierarchy and will be ignored
[    6.949009] init: ... started service 'hwservicemanager' has pid 430
[    6.948619] logd: libprocessgroup: A JoinCgroup action in the SystemMemoryProcess profile is used for controller memory in the cgroup v2 hierarchy and will be ignored
[    6.949009] init: ... started service 'hwservicemanager' has pid 430
[    6.951804] init: Command 'start vndservicemanager' action=init (/system/etc/init/hw/init.rc:466) took 0ms and failed: service vndservicemanager not found
[    6.951804] init: Command 'start vndservicemanager' action=init (/system/etc/init/hw/init.rc:466) took 0ms and failed: service vndservicemanager not found
[    6.954616] logd.auditd: start
[    6.954616] logd.auditd: start
[    6.954992] logd.klogd: 6937993317
[    6.955114] init: processing action (ro.debuggable=1 && init) from (/system/etc/init/hw/init.rc:1306)
[    6.954992] logd.klogd: 6937993317
[    6.955114] init: processing action (ro.debuggable=1 && init) from (/system/etc/init/hw/init.rc:1306)
[    6.956421] init: starting service 'console'...
[    6.956421] init: starting service 'console'...
[    6.957901] libprocessgroup: Created cgroup /sys/fs/cgroup/system/uid_2000
[    6.957901] libprocessgroup: Created cgroup /sys/fs/cgroup/system/uid_2000
[    6.959101] libprocessgroup: Created cgroup /sys/fs/cgroup/system/uid_2000/pid_439
[    6.959101] libprocessgroup: Created cgroup /sys/fs/cgroup/system/uid_2000/pid_439
[    6.960898] init: ... started service 'console' has pid 439
[    6.961148] servicemanager: Starting sm instance on /dev/binder
[    6.961484] init: processing action (ro.product.cpu.abilist64=* && init) from (/system/etc/init/hw/init.boringssl.zygote64.rc:1)
[    6.962006] logd: Loaded bug_map file: /system_ext/etc/selinux/bug_map
[    6.962982] init: starting service 'boringssl_self_test64'...
[    6.963747] logd: Loaded bug_map file: /vendor/etc/selinux/selinux_denial_metadata
[    6.963775] SELinux: Multiple same specifications for android.hardware.secure_element.ISecureElement/eSE1.
[    6.964657] SELinux: SELinux: Loaded service context from:
[    6.964979] logd: Loaded bug_map file: /system/etc/selinux/bug_map
[    6.960898] init: ... started service 'console' has pid 439
[    6.965267] libprocessgroup: Created cgroup /sys/fs/cgroup/system/uid_9999
[    6.961148] servicemanager: Starting sm instance on /dev/binder
[    6.965554] SELinux: 		/system/etc/selinux/plat_service_contexts
[    6.961484] init: processing action (ro.product.cpu.abilist64=* && init) from (/system/etc/init/hw/init.boringssl.zygote64.rc:1)
[    6.965772] libprocessgroup: Created cgroup /sys/fs/cgroup/system/uid_9999/pid_441
[    6.962006] logd: Loaded bug_map file: /system_ext/etc/selinux/bug_map
[    6.962982] init: starting service 'boringssl_self_test64'...
[    6.963747] logd: Loaded bug_map file: /vendor/etc/selinux/selinux_denial_metadata
[    6.963775] SELinux: Multiple same specifications for android.hardware.secure_element.ISecureElement/eSE1.
[    6.964657] SELinux: SELinux: Loaded service context from:
[    6.964979] logd: Loaded bug_map file: /system/etc/selinux/bug_map
[    6.965267] libprocessgroup: Created cgroup /sys/fs/cgroup/system/uid_9999
[    6.965554] SELinux: 		/system/etc/selinux/plat_service_contexts
[    6.965772] libprocessgroup: Created cgroup /sys/fs/cgroup/system/uid_9999/pid_441
[    6.969240] init: ... started service 'boringssl_self_test64' has pid 441
[    6.969583] SELinux: 		/system_ext/etc/selinux/system_ext_service_contexts
[    6.970050] init: SVC_EXEC service 'boringssl_self_test64' pid 441 (uid 9999 gid 0+0 context default) started; waiting...
[    6.970690] SELinux: 		/product/etc/selinux/product_service_contexts
[    6.969240] init: ... started service 'boringssl_self_test64' has pid 441
[    6.969583] SELinux: 		/system_ext/etc/selinux/system_ext_service_contexts
[    6.970050] init: SVC_EXEC service 'boringssl_self_test64' pid 441 (uid 9999 gid 0+0 context default) started; waiting...
[    6.970690] SELinux: 		/product/etc/selinux/product_service_contexts
[    6.972257] SELinux: 		/vendor/etc/selinux/vendor_service_contexts
[    6.972257] SELinux: 		/vendor/etc/selinux/vendor_service_contexts
[    6.972881] SELinux: 		/odm/etc/selinux/odm_service_contexts
[    6.972881] SELinux: 		/odm/etc/selinux/odm_service_contexts
[    6.973595] type=2000 audit(1790634414.117:1): state=initialized audit_enabled=1 res=1
[    6.973595] type=2000 audit(1790634414.117:1): state=initialized audit_enabled=1 res=1
[    6.974348] type=1403 audit(1790634414.755:2): auid=4294967295 ses=4294967295 lsm=selinux res=1
[    6.974348] type=1403 audit(1790634414.755:2): auid=4294967295 ses=4294967295 lsm=selinux res=1
[    6.975199] type=1300 audit(1790634414.755:2): arch=c000003e syscall=1 success=yes exit=911737 a0=4 a1=78dfa58cd680 a2=de979 a3=0 items=0 ppid=0 auid=4294967295 uid=0 gid=0 euid=0 suid=0 fsuid=0 egid=0 sgid=0 fsgid=0 tty=(none) ses=4294967295 comm="init" exe="/system/bin/init" subj=u:r:kernel:s0 key=(null)
[    6.977024] init: Service 'console' (pid 439) exited with status 0
[    6.977803] type=1327 audit(1790634414.755:2): proctitle=2F73797374656D2F62696E2F696E69740073656C696E75785F7365747570
[    6.978012] init: Sending SIGKILL to service 'console' (pid 439) process group...
[    6.978802] type=1320 audit(1790634414.755:2): 
[    6.979494] libprocessgroup: Removed cgroup /sys/fs/cgroup/system/uid_2000/pid_439
[    6.979790] type=1404 audit(1790634414.771:3): enforcing=1 old_enforcing=0 auid=4294967295 ses=4294967295 enabled=1 old-enabled=1 lsm=selinux res=1
[    6.980651] init: Service 'boringssl_self_test64' (pid 441) exited with status 0 waiting took 0.015000 seconds
[    6.981954] type=1300 audit(1790634414.771:3): arch=c000003e syscall=1 success=yes exit=1 a0=4 a1=7fffadeb65d0 a2=1 a3=0 items=0 ppid=0 auid=4294967295 uid=0 gid=0 euid=0 suid=0 fsuid=0 egid=0 sgid=0 fsgid=0 tty=(none) ses=4294967295 comm="init" exe="/system/bin/init" subj=u:r:kernel:s0 key=(null)
[    6.982580] init: Sending SIGKILL to service 'boringssl_self_test64' (pid 441) process group...
[    6.984759] type=1327 audit(1790634414.771:3): proctitle=2F73797374656D2F62696E2F696E69740073656C696E75785F7365747570
[    6.985470] libprocessgroup: Removed cgroup /sys/fs/cgroup/system/uid_9999/pid_441
[    6.986312] type=1320 audit(1790634414.771:3): 
[    6.987054] init: processing action (ro.board.api_level=202604 && init) from (/system/etc/init/android.system.suspend-service.rc:7)
[    6.987291] type=1305 audit(1790634420.599:4): op=set audit_pid=427 old=0 auid=4294967295 ses=4294967295 subj=u:r:logd:s0 res=1
[    6.988189] init: processing action (init) from (/system/etc/init/audioserver.rc:66)
[    6.989183] type=1300 audit(1790634420.599:4): arch=c000003e syscall=44 success=yes exit=60 a0=c a1=7ffd64a95800 a2=3c a3=0 items=0 ppid=1 auid=4294967295 uid=1036 gid=1036 euid=1036 suid=1036 fsuid=1036 egid=1036 sgid=1036 fsgid=1036 tty=(none) ses=4294967295 comm="logd" exe="/system/bin/logd" subj=u:r:logd:s0 key=(null)
[    6.989884] init: processing action (init) from (/system/etc/init/perfetto.rc:163)
[    6.992174] type=1327 audit(1790634420.599:4): proctitle="/system/bin/logd"
[    6.992990] init: processing action (init) from (/vendor/etc/init/init.cutf_cvm.rc:23)
[    6.993355] type=1320 audit(1790634420.599:4): 
[    6.975199] type=1300 audit(1790634414.755:2): arch=c000003e syscall=1 success=yes exit=911737 a0=4 a1=78dfa58cd680 a2=de979 a3=0 items=0 ppid=0 auid=4294967295 uid=0 gid=0 euid=0 suid=0 fsuid=0 egid=0 sgid=0 fsgid=0 tty=(none) ses=4294967295 comm="init" exe="/system/bin/init" subj=u:r:kernel:s0 key=(null)
[    6.977024] init: Service 'console' (pid 439) exited with status 0
[    6.977803] type=1327 audit(1790634414.755:2): proctitle=2F73797374656D2F62696E2F696E69740073656C696E75785F7365747570
[    6.978012] init: Sending SIGKILL to service 'console' (pid 439) process group...
[    6.978802] type=1320 audit(1790634414.755:2): 
[    6.979494] libprocessgroup: Removed cgroup /sys/fs/cgroup/system/uid_2000/pid_439
[    6.979790] type=1404 audit(1790634414.771:3): enforcing=1 old_enforcing=0 auid=4294967295 ses=4294967295 enabled=1 old-enabled=1 lsm=selinux res=1
[    6.980651] init: Service 'boringssl_self_test64' (pid 441) exited with status 0 waiting took 0.015000 seconds
[    6.981954] type=1300 audit(1790634414.771:3): arch=c000003e syscall=1 success=yes exit=1 a0=4 a1=7fffadeb65d0 a2=1 a3=0 items=0 ppid=0 auid=4294967295 uid=0 gid=0 euid=0 suid=0 fsuid=0 egid=0 sgid=0 fsgid=0 tty=(none) ses=4294967295 comm="init" exe="/system/bin/init" subj=u:r:kernel:s0 key=(null)
[    6.982580] init: Sending SIGKILL to service 'boringssl_self_test64' (pid 441) process group...
[    6.984759] type=1327 audit(1790634414.771:3): proctitle=2F73797374656D2F62696E2F696E69740073656C696E75785F7365747570
[    6.985470] libprocessgroup: Removed cgroup /sys/fs/cgroup/system/uid_9999/pid_441
[    6.986312] type=1320 audit(1790634414.771:3): 
[    6.987054] init: processing action (ro.board.api_level=202604 && init) from (/system/etc/init/android.system.suspend-service.rc:7)
[    6.987291] type=1305 audit(1790634420.599:4): op=set audit_pid=427 old=0 auid=4294967295 ses=4294967295 subj=u:r:logd:s0 res=1
[    6.988189] init: processing action (init) from (/system/etc/init/audioserver.rc:66)
[    6.989183] type=1300 audit(1790634420.599:4): arch=c000003e syscall=44 success=yes exit=60 a0=c a1=7ffd64a95800 a2=3c a3=0 items=0 ppid=1 auid=4294967295 uid=1036 gid=1036 euid=1036 suid=1036 fsuid=1036 egid=1036 sgid=1036 fsgid=1036 tty=(none) ses=4294967295 comm="logd" exe="/system/bin/logd" subj=u:r:logd:s0 key=(null)
[    6.989884] init: processing action (init) from (/system/etc/init/perfetto.rc:163)
[    6.992174] type=1327 audit(1790634420.599:4): proctitle="/system/bin/logd"
[    6.992990] init: processing action (init) from (/vendor/etc/init/init.cutf_cvm.rc:23)
[    6.993355] type=1320 audit(1790634420.599:4): 
[    6.997865] init: processing action (init) from (/apex/com.google.cf.vulkan/etc/com.google.cf.vulkan.rc:4)
[    6.997865] init: processing action (init) from (/apex/com.google.cf.vulkan/etc/com.google.cf.vulkan.rc:4)
[    6.999010] init: processing action (CopyRollbackLogs) from (<Builtin Action>:0)
[    6.999010] init: processing action (CopyRollbackLogs) from (<Builtin Action>:0)
[    6.999661] init: processing action (late-init) from (/system/etc/init/hw/init.rc:518)
[    6.999661] init: processing action (late-init) from (/system/etc/init/hw/init.rc:518)
[    7.000552] init: processing action (late-init) from (/system/etc/init/atrace.rc:3)
[    7.000552] init: processing action (late-init) from (/system/etc/init/atrace.rc:3)
[    7.003607] init: Command 'copy /system/etc/ftrace_synthetic_events.conf /sys/kernel/tracing/synthetic_events' action=late-init (/system/etc/init/atrace.rc:290) took 0ms and failed: Could not write to output file '/sys/kernel/tracing/synthetic_events': open() failed: Permission denied
[    7.003607] init: Command 'copy /system/etc/ftrace_synthetic_events.conf /sys/kernel/tracing/synthetic_events' action=late-init (/system/etc/init/atrace.rc:290) took 0ms and failed: Could not write to output file '/sys/kernel/tracing/synthetic_events': open() failed: Permission denied
[    7.006151] init: Command 'copy /system/etc/ftrace_synthetic_events.conf /sys/kernel/debug/tracing/synthetic_events' action=late-init (/system/etc/init/atrace.rc:291) took 0ms and failed: Could not write to output file '/sys/kernel/debug/tracing/synthetic_events': open() failed: No such file or directory
[    7.006151] init: Command 'copy /system/etc/ftrace_synthetic_events.conf /sys/kernel/debug/tracing/synthetic_events' action=late-init (/system/etc/init/atrace.rc:291) took 0ms and failed: Could not write to output file '/sys/kernel/debug/tracing/synthetic_events': open() failed: No such file or directory
[    7.008301] init: processing action (ro.boot.fastboot.boottrace= && late-init) from (/system/etc/init/atrace.rc:309)
[    7.008301] init: processing action (ro.boot.fastboot.boottrace= && late-init) from (/system/etc/init/atrace.rc:309)
[    7.009264] init: Command 'write /sys/kernel/tracing/tracing_on 0' action=ro.boot.fastboot.boottrace= && late-init (/system/etc/init/atrace.rc:311) took 0ms and failed: Unable to write to file '/sys/kernel/tracing/tracing_on': open() failed: Permission denied
[    7.009264] init: Command 'write /sys/kernel/tracing/tracing_on 0' action=ro.boot.fastboot.boottrace= && late-init (/system/etc/init/atrace.rc:311) took 0ms and failed: Unable to write to file '/sys/kernel/tracing/tracing_on': open() failed: Permission denied
[    7.011077] init: processing action (ro.boot.hypervisor.vm.supported=1 && late-init) from (/system/etc/init/atrace.rc:316)
[    7.011077] init: processing action (ro.boot.hypervisor.vm.supported=1 && late-init) from (/system/etc/init/atrace.rc:316)
[    7.014232] init: processing action (queue_property_triggers) from (<Builtin Action>:0)
[    7.014232] init: processing action (queue_property_triggers) from (<Builtin Action>:0)
[    7.015074] init: processing action (early-fs) from (/system/etc/init/hw/init.rc:551)
[    7.015074] init: processing action (early-fs) from (/system/etc/init/hw/init.rc:551)
[    7.016357] init: starting service 'vold'...
[    7.016357] init: starting service 'vold'...
[    7.017658] libprocessgroup: Created cgroup /sys/fs/cgroup/system/uid_0/pid_444
[    7.017658] libprocessgroup: Created cgroup /sys/fs/cgroup/system/uid_0/pid_444
[    7.019040] init: ... started service 'vold' has pid 444
[    7.019040] init: ... started service 'vold' has pid 444
[    7.019824] init: processing action (fs) from (/system/etc/init/logd.rc:29)
[    7.019824] init: processing action (fs) from (/system/etc/init/logd.rc:29)
[    7.020553] init: processing action (fs) from (/system/etc/init/wifi.rc:25)
[    7.020553] init: processing action (fs) from (/system/etc/init/wifi.rc:25)
[    7.021212] init: processing action (fs) from (/vendor/etc/init/init.cutf_cvm.rc:48)
[    7.021212] init: processing action (fs) from (/vendor/etc/init/init.cutf_cvm.rc:48)
[    7.025274] virtio-fs: tag <shared> not found
[    7.025274] virtio-fs: tag <shared> not found
[    7.025675] init: [libfs_mgr] __mount(source=shared,target=/mnt/vendor/shared,type=virtiofs)=-1: Invalid argument
[    7.025675] init: [libfs_mgr] __mount(source=shared,target=/mnt/vendor/shared,type=virtiofs)=-1: Invalid argument
[    7.026626] init: [libfs_mgr] fsck on /mnt/vendor/shared took 0ms
[    7.026626] init: [libfs_mgr] fsck on /mnt/vendor/shared took 0ms
[    7.027219] virtio-fs: tag <shared> not found
[    7.027219] virtio-fs: tag <shared> not found
[    7.027639] init: [libfs_mgr] __mount(source=shared,target=/mnt/vendor/shared,type=virtiofs)=-1: Invalid argument
[    7.027639] init: [libfs_mgr] __mount(source=shared,target=/mnt/vendor/shared,type=virtiofs)=-1: Invalid argument
[    7.028626] init: [libfs_mgr] Ignoring failure to mount an un-encryptable, interrupted, or wiped partition on shared at /mnt/vendor/shared options: : No such file or directory
[    7.028626] init: [libfs_mgr] Ignoring failure to mount an un-encryptable, interrupted, or wiped partition on shared at /mnt/vendor/shared options: : No such file or directory
[    7.030336] init: processing action (post-fs) from (/system/etc/init/hw/init.rc:555)
[    7.030336] init: processing action (post-fs) from (/system/etc/init/hw/init.rc:555)
[    7.031363] init: starting service 'exec 4 (/system/bin/vdc checkpoint markBootAttempt)'...
[    7.031363] init: starting service 'exec 4 (/system/bin/vdc checkpoint markBootAttempt)'...
[    7.033396] libprocessgroup: Created cgroup /sys/fs/cgroup/system/uid_1000/pid_445
[    7.033396] libprocessgroup: Created cgroup /sys/fs/cgroup/system/uid_1000/pid_445
[    7.034488] init: ... started service 'exec 4 (/system/bin/vdc checkpoint markBootAttempt)' has pid 445
[    7.034488] init: ... started service 'exec 4 (/system/bin/vdc checkpoint markBootAttempt)' has pid 445
[    7.035278] init: SVC_EXEC service 'exec 4 (/system/bin/vdc checkpoint markBootAttempt)' pid 445 (uid 1000 gid 1000+0 context default) started; waiting...
[    7.035278] init: SVC_EXEC service 'exec 4 (/system/bin/vdc checkpoint markBootAttempt)' pid 445 (uid 1000 gid 1000+0 context default) started; waiting...
[    7.044942] cutils-trace: Error opening trace file: No such file or directory (2)
[    7.044942] cutils-trace: Error opening trace file: No such file or directory (2)
[    7.045854] cutils-trace: Error opening trace file: No such file or directory (2)
[    7.045854] cutils-trace: Error opening trace file: No such file or directory (2)
[    7.047980] hw-ProcessState: HwBinder is not supported on this device but this process is calling setThreadPoolConfiguration
[    7.047980] hw-ProcessState: HwBinder is not supported on this device but this process is calling setThreadPoolConfiguration
[    7.049200] libbinder.BackendUnifiedServiceManager: Thread Pool max thread count is 0. Cannot cache binder as linkToDeath cannot be implemented. serviceName: vold
[    7.049200] libbinder.BackendUnifiedServiceManager: Thread Pool max thread count is 0. Cannot cache binder as linkToDeath cannot be implemented. serviceName: vold
[    7.050644] servicemanager: getDeviceHalManifest: Reading VINTF information.
[    7.050644] servicemanager: getDeviceHalManifest: Reading VINTF information.
[    7.052841] servicemanager: Loaded APEX Infos from /apex/apex-info-list.xml
[    7.052841] servicemanager: Loaded APEX Infos from /apex/apex-info-list.xml
[    7.055893] servicemanager: Loaded APEX Infos from /apex/apex-info-list.xml
[    7.055893] servicemanager: Loaded APEX Infos from /apex/apex-info-list.xml
[    7.056547] servicemanager: getDeviceHalManifest: Successfully processed VINTF information
[    7.056547] servicemanager: getDeviceHalManifest: Successfully processed VINTF information
[    7.057350] servicemanager: getFrameworkHalManifest: Reading VINTF information.
[    7.057350] servicemanager: getFrameworkHalManifest: Reading VINTF information.
[    7.058838] servicemanager: Loaded APEX Infos from /apex/apex-info-list.xml
[    7.058838] servicemanager: Loaded APEX Infos from /apex/apex-info-list.xml
[    7.059762] servicemanager: getFrameworkHalManifest: Successfully processed VINTF information
[    7.059762] servicemanager: getFrameworkHalManifest: Successfully processed VINTF information
[    7.060624] servicemanager: Caller(pid=444,uid=0,sid=u:r:vold:s0) Found android.system.vold.IVold/default in framework VINTF manifest.
[    7.060624] servicemanager: Caller(pid=444,uid=0,sid=u:r:vold:s0) Found android.system.vold.IVold/default in framework VINTF manifest.
[    7.061881] servicemanager: Caller(pid=444,uid=0,sid=u:r:vold:s0) Found android.system.vold.IVold/default in framework VINTF manifest.
[    7.062012] libbinder.BackendUnifiedServiceManager: Thread Pool max thread count is 0. Cannot cache binder as linkToDeath cannot be implemented. serviceName: vold
[    7.061881] servicemanager: Caller(pid=444,uid=0,sid=u:r:vold:s0) Found android.system.vold.IVold/default in framework VINTF manifest.
[    7.062012] libbinder.BackendUnifiedServiceManager: Thread Pool max thread count is 0. Cannot cache binder as linkToDeath cannot be implemented. serviceName: vold
[    7.064116] vdc: Waited 10ms for vold
[    7.064116] vdc: Waited 10ms for vold
[    7.065154] init: Service 'exec 4 (/system/bin/vdc checkpoint markBootAttempt)' (pid 445) exited with status 0 waiting took 0.031000 seconds
[    7.065154] init: Service 'exec 4 (/system/bin/vdc checkpoint markBootAttempt)' (pid 445) exited with status 0 waiting took 0.031000 seconds
[    7.066265] init: Sending SIGKILL to service 'exec 4 (/system/bin/vdc checkpoint markBootAttempt)' (pid 445) process group...
[    7.066265] init: Sending SIGKILL to service 'exec 4 (/system/bin/vdc checkpoint markBootAttempt)' (pid 445) process group...
[    7.067244] libprocessgroup: Removed cgroup /sys/fs/cgroup/system/uid_1000/pid_445
[    7.067244] libprocessgroup: Removed cgroup /sys/fs/cgroup/system/uid_1000/pid_445
[    7.071596] init: Command 'chown system cache /cache' action=post-fs (/system/etc/init/hw/init.rc:571) took 0ms and failed: lchown() failed: Read-only file system
[    7.071596] init: Command 'chown system cache /cache' action=post-fs (/system/etc/init/hw/init.rc:571) took 0ms and failed: lchown() failed: Read-only file system
[    7.073138] init: Command 'chmod 0770 /cache' action=post-fs (/system/etc/init/hw/init.rc:572) took 0ms and failed: fchmodat() failed: Read-only file system
[    7.073138] init: Command 'chmod 0770 /cache' action=post-fs (/system/etc/init/hw/init.rc:572) took 0ms and failed: fchmodat() failed: Read-only file system
[    7.075507] selinux: SELinux: Skipping restorecon on directory(/metadata)
[    7.075507] selinux: SELinux: Skipping restorecon on directory(/metadata)
[    7.076526] selinux: SELinux: Skipping restorecon on directory(/metadata/apex)
[    7.076526] selinux: SELinux: Skipping restorecon on directory(/metadata/apex)
[    7.077376] init: processing action (post-fs) from (/system/etc/init/aconfigd.rc:33)
[    7.077376] init: processing action (post-fs) from (/system/etc/init/aconfigd.rc:33)
[    7.078220] init: starting service 'system_aconfigd_platform_init'...
[    7.078220] init: starting service 'system_aconfigd_platform_init'...
[    7.080147] libprocessgroup: Created cgroup /sys/fs/cgroup/system/uid_1000/pid_450
[    7.080147] libprocessgroup: Created cgroup /sys/fs/cgroup/system/uid_1000/pid_450
[    7.081702] init: ... started service 'system_aconfigd_platform_init' has pid 450
[    7.081702] init: ... started service 'system_aconfigd_platform_init' has pid 450
[    7.082357] init: SVC_EXEC service 'system_aconfigd_platform_init' pid 450 (uid 1000 gid 1000+0 context default) started; waiting...
[    7.082357] init: SVC_EXEC service 'system_aconfigd_platform_init' pid 450 (uid 1000 gid 1000+0 context default) started; waiting...
[    7.099016] init: Service 'system_aconfigd_platform_init' (pid 450) exited with status 0 waiting took 0.019000 seconds
[    7.099016] init: Service 'system_aconfigd_platform_init' (pid 450) exited with status 0 waiting took 0.019000 seconds
[    7.100047] init: Sending SIGKILL to service 'system_aconfigd_platform_init' (pid 450) process group...
[    7.100047] init: Sending SIGKILL to service 'system_aconfigd_platform_init' (pid 450) process group...
[    7.100869] libprocessgroup: Removed cgroup /sys/fs/cgroup/system/uid_1000/pid_450
[    7.100869] libprocessgroup: Removed cgroup /sys/fs/cgroup/system/uid_1000/pid_450
[    7.101691] init: processing action (post-fs) from (/system/etc/init/atrace_userdebug.rc:7)
[    7.101691] init: processing action (post-fs) from (/system/etc/init/atrace_userdebug.rc:7)
[    7.102499] init: processing action (post-fs) from (/system/etc/init/gsid.rc:8)
[    7.102499] init: processing action (post-fs) from (/system/etc/init/gsid.rc:8)
[    7.103325] init: processing action (post-fs) from (/system/etc/init/recovery-refresh.rc:1)
[    7.103325] init: processing action (post-fs) from (/system/etc/init/recovery-refresh.rc:1)
[    7.104132] init: starting service 'exec 5 (/system/bin/recovery-refresh)'...
[    7.104132] init: starting service 'exec 5 (/system/bin/recovery-refresh)'...
[    7.105926] libprocessgroup: Created cgroup /sys/fs/cgroup/system/uid_1000/pid_451
[    7.105926] libprocessgroup: Created cgroup /sys/fs/cgroup/system/uid_1000/pid_451
[    7.107000] init: ... started service 'exec 5 (/system/bin/recovery-refresh)' has pid 451
[    7.107000] init: ... started service 'exec 5 (/system/bin/recovery-refresh)' has pid 451
[    7.107848] init: processing action (late-fs) from (/system/etc/init/hw/init.rc:635)
[    7.107848] init: processing action (late-fs) from (/system/etc/init/hw/init.rc:635)
[    7.111878] init: starting service 'system_suspend'...
[    7.111878] init: starting service 'system_suspend'...
[    7.114506] libprocessgroup: Created cgroup /sys/fs/cgroup/system/uid_1000/pid_452
[    7.114506] libprocessgroup: Created cgroup /sys/fs/cgroup/system/uid_1000/pid_452
[    7.115897] init: ... started service 'system_suspend' has pid 452
[    7.115897] init: ... started service 'system_suspend' has pid 452
[    7.116558] init: starting service 'keystore2'...
[    7.116558] init: starting service 'keystore2'...
[    7.118165] libprocessgroup: Created cgroup /sys/fs/cgroup/system/uid_1017
[    7.118165] libprocessgroup: Created cgroup /sys/fs/cgroup/system/uid_1017
[    7.119397] libprocessgroup: Created cgroup /sys/fs/cgroup/system/uid_1017/pid_453
[    7.119397] libprocessgroup: Created cgroup /sys/fs/cgroup/system/uid_1017/pid_453
[    7.120905] init: ... started service 'keystore2' has pid 453
[    7.120905] init: ... started service 'keystore2' has pid 453
[    7.123051] init: starting service 'suspend_blocker'...
[    7.123051] init: starting service 'suspend_blocker'...
[    7.124870] libprocessgroup: Created cgroup /sys/fs/cgroup/system/uid_0/pid_454
[    7.124870] libprocessgroup: Created cgroup /sys/fs/cgroup/system/uid_0/pid_454
[    7.132542] servicemanager: Caller(pid=452,uid=1000,sid=u:r:system_suspend:s0) Found android.system.suspend.ISystemSuspend/default in framework VINTF manifest.
[    7.132542] servicemanager: Caller(pid=452,uid=1000,sid=u:r:system_suspend:s0) Found android.system.suspend.ISystemSuspend/default in framework VINTF manifest.
[    7.135291] init: ... started service 'suspend_blocker' has pid 454
[    7.135291] init: ... started service 'suspend_blocker' has pid 454
[    7.136638] init: starting service 'vendor.boot-default'...
[    7.136638] init: starting service 'vendor.boot-default'...
[    7.140196] libprocessgroup: Created cgroup /sys/fs/cgroup/system/uid_0/pid_458
[    7.140196] libprocessgroup: Created cgroup /sys/fs/cgroup/system/uid_0/pid_458
[    7.142274] init: ... started service 'vendor.boot-default' has pid 458
[    7.142274] init: ... started service 'vendor.boot-default' has pid 458
[    7.148502] init: starting service 'vendor.gatekeeper_nonsecure'...
[    7.148502] init: starting service 'vendor.gatekeeper_nonsecure'...
[    7.156309] libprocessgroup: Created cgroup /sys/fs/cgroup/system/uid_1000/pid_459
[    7.156309] libprocessgroup: Created cgroup /sys/fs/cgroup/system/uid_1000/pid_459
[    7.167704] init: ... started service 'vendor.gatekeeper_nonsecure' has pid 459
[    7.168318] servicemanager: Caller(pid=454,uid=0,sid=u:r:suspend_blocker:s0) Found android.system.suspend.ISystemSuspend/default in framework VINTF manifest.
[    7.167704] init: ... started service 'vendor.gatekeeper_nonsecure' has pid 459
[    7.168318] servicemanager: Caller(pid=454,uid=0,sid=u:r:suspend_blocker:s0) Found android.system.suspend.ISystemSuspend/default in framework VINTF manifest.
[    7.174050] init: starting service 'vendor.keymint-default'...
[    7.174050] init: starting service 'vendor.keymint-default'...
[    7.178105] android.hardware.boot-service.default: [libfstab] Using Android DT directory /proc/device-tree/firmware/android/
[    7.178105] android.hardware.boot-service.default: [libfstab] Using Android DT directory /proc/device-tree/firmware/android/
[    7.181583] libprocessgroup: Created cgroup /sys/fs/cgroup/system/uid_9999/pid_460
[    7.181583] libprocessgroup: Created cgroup /sys/fs/cgroup/system/uid_9999/pid_460
[    7.184226] cutils-trace: Error opening trace file: No such file or directory (2)
[    7.184226] cutils-trace: Error opening trace file: No such file or directory (2)
[    7.186015] servicemanager: Caller(pid=458,uid=0,sid=u:r:hal_bootctl_default:s0) Found android.hardware.boot.IBootControl/default in device VINTF manifest.
[    7.186015] servicemanager: Caller(pid=458,uid=0,sid=u:r:hal_bootctl_default:s0) Found android.hardware.boot.IBootControl/default in device VINTF manifest.
[    7.188403] libbinder.BackendUnifiedServiceManager: Thread Pool max thread count is 0. Cannot cache binder as linkToDeath cannot be implemented. serviceName: android.hardware.boot.IBootControl/default
[    7.188403] libbinder.BackendUnifiedServiceManager: Thread Pool max thread count is 0. Cannot cache binder as linkToDeath cannot be implemented. serviceName: android.hardware.boot.IBootControl/default
[    7.191064] init: ... started service 'vendor.keymint-default' has pid 460
[    7.191064] init: ... started service 'vendor.keymint-default' has pid 460
[    7.191997] init: Command 'class_start early_hal' action=late-fs (/system/etc/init/hw/init.rc:642) took 82ms and succeeded
[    7.191997] init: Command 'class_start early_hal' action=late-fs (/system/etc/init/hw/init.rc:642) took 82ms and succeeded
[    7.195384] android.hardware.boot-service.default: IBootControl AIDL service running...
[    7.195384] android.hardware.boot-service.default: IBootControl AIDL service running...
[    7.198507] init: Service 'exec 5 (/system/bin/recovery-refresh)' (pid 451) exited with status 254 oneshot service took 0.092000 seconds in background
[    7.198507] init: Service 'exec 5 (/system/bin/recovery-refresh)' (pid 451) exited with status 254 oneshot service took 0.092000 seconds in background
[    7.201190] init: Sending SIGKILL to service 'exec 5 (/system/bin/recovery-refresh)' (pid 451) process group...
[    7.201190] init: Sending SIGKILL to service 'exec 5 (/system/bin/recovery-refresh)' (pid 451) process group...
[    7.212019] libprocessgroup: Removed cgroup /sys/fs/cgroup/system/uid_1000/pid_451
[    7.212019] libprocessgroup: Removed cgroup /sys/fs/cgroup/system/uid_1000/pid_451
[    7.213242] init: processing action (late-fs) from (/system/etc/init/hw/init.rc:649)
[    7.213242] init: processing action (late-fs) from (/system/etc/init/hw/init.rc:649)
[    7.215121] init: processing action (late-fs) from (/vendor/etc/init/init.cutf_cvm.rc:71)
[    7.215121] init: processing action (late-fs) from (/vendor/etc/init/init.cutf_cvm.rc:71)
[    7.217878] init: Calling: /system/bin/vdc checkpoint needsCheckpoint
[    7.217878] init: Calling: /system/bin/vdc checkpoint needsCheckpoint
[    7.233386] cutils-trace: Error opening trace file: No such file or directory (2)
[    7.233386] cutils-trace: Error opening trace file: No such file or directory (2)
[    7.234506] libbinder.BackendUnifiedServiceManager: Thread Pool max thread count is 0. Cannot cache binder as linkToDeath cannot be implemented. serviceName: vold
[    7.234506] libbinder.BackendUnifiedServiceManager: Thread Pool max thread count is 0. Cannot cache binder as linkToDeath cannot be implemented. serviceName: vold
[    7.236130] vdc: Waited 0ms for vold
[    7.236130] vdc: Waited 0ms for vold
[    7.238210] servicemanager: Caller(pid=444,uid=0,sid=u:r:vold:s0) Found android.hardware.boot.IBootControl/default in device VINTF manifest.
[    7.238210] servicemanager: Caller(pid=444,uid=0,sid=u:r:vold:s0) Found android.hardware.boot.IBootControl/default in device VINTF manifest.
[    7.243982] vdc: vdc terminated by exit(1)
[    7.243982] vdc: vdc terminated by exit(1)
[    7.244967] vdc: 
[    7.244967] vdc: 
[    7.247213] init: [libfs_mgr] Invalid f2fs superblock on '/dev/block/by-name/userdata'
[    7.247213] init: [libfs_mgr] Invalid f2fs superblock on '/dev/block/by-name/userdata'
[    7.248393] init: [libfs_mgr] mount_with_alternatives(): skipping mount due to invalid magic, mountpoint=/data blk_dev=/dev/block/vda17 rec[5].fs_type=f2fs
[    7.248393] init: [libfs_mgr] mount_with_alternatives(): skipping mount due to invalid magic, mountpoint=/data blk_dev=/dev/block/vda17 rec[5].fs_type=f2fs
[    7.250848] cutils-trace: Error opening trace file: No such file or directory (2)
[    7.250848] cutils-trace: Error opening trace file: No such file or directory (2)
[    7.251592] init: [libfs_mgr] Invalid ext4 superblock on '/dev/block/by-name/userdata'
[    7.251592] init: [libfs_mgr] Invalid ext4 superblock on '/dev/block/by-name/userdata'
[    7.252770] init: [libfs_mgr] mount_with_alternatives(): skipping mount due to invalid magic, mountpoint=/data blk_dev=/dev/block/vda17 rec[6].fs_type=ext4
[    7.253846] servicemanager: Caller(pid=459,uid=1000,sid=u:r:hal_gatekeeper_default:s0) Found android.hardware.security.sharedsecret.ISharedSecret/gatekeeper in device VINTF manifest.
[    7.254279] init: Calling: /system/bin/vdc cryptfs mountFstab /dev/block/by-name/userdata /data false 
[    7.255294] libbinder.BackendUnifiedServiceManager: Thread Pool max thread count is 0. Cannot cache binder as linkToDeath cannot be implemented. serviceName: android.hardware.security.sharedsecret.ISharedSecret/gatekeeper
[    7.252770] init: [libfs_mgr] mount_with_alternatives(): skipping mount due to invalid magic, mountpoint=/data blk_dev=/dev/block/vda17 rec[6].fs_type=ext4
[    7.253846] servicemanager: Caller(pid=459,uid=1000,sid=u:r:hal_gatekeeper_default:s0) Found android.hardware.security.sharedsecret.ISharedSecret/gatekeeper in device VINTF manifest.
[    7.254279] init: Calling: /system/bin/vdc cryptfs mountFstab /dev/block/by-name/userdata /data false 
[    7.255294] libbinder.BackendUnifiedServiceManager: Thread Pool max thread count is 0. Cannot cache binder as linkToDeath cannot be implemented. serviceName: android.hardware.security.sharedsecret.ISharedSecret/gatekeeper
[    7.257977] servicemanager: Caller(pid=459,uid=1000,sid=u:r:hal_gatekeeper_default:s0) Found android.hardware.gatekeeper.IGatekeeper/default in device VINTF manifest.
[    7.257977] servicemanager: Caller(pid=459,uid=1000,sid=u:r:hal_gatekeeper_default:s0) Found android.hardware.gatekeeper.IGatekeeper/default in device VINTF manifest.
[    7.259233] libbinder.BackendUnifiedServiceManager: Thread Pool max thread count is 0. Cannot cache binder as linkToDeath cannot be implemented. serviceName: android.hardware.gatekeeper.IGatekeeper/default
[    7.259233] libbinder.BackendUnifiedServiceManager: Thread Pool max thread count is 0. Cannot cache binder as linkToDeath cannot be implemented. serviceName: android.hardware.gatekeeper.IGatekeeper/default
[    7.268654] cutils-trace: Error opening trace file: No such file or directory (2)
[    7.269076] servicemanager: Caller(pid=460,uid=9999,sid=u:r:hal_keymint_default:s0) Found android.hardware.security.keymint.IKeyMintDevice/default in device VINTF manifest.
[    7.268654] cutils-trace: Error opening trace file: No such file or directory (2)
[    7.269076] servicemanager: Caller(pid=460,uid=9999,sid=u:r:hal_keymint_default:s0) Found android.hardware.security.keymint.IKeyMintDevice/default in device VINTF manifest.
[    7.270914] libbinder.BackendUnifiedServiceManager: Thread Pool max thread count is 0. Cannot cache binder as linkToDeath cannot be implemented. serviceName: vold
[    7.270914] libbinder.BackendUnifiedServiceManager: Thread Pool max thread count is 0. Cannot cache binder as linkToDeath cannot be implemented. serviceName: vold
[    7.272346] vdc: Waited 0ms for vold
[    7.272346] vdc: Waited 0ms for vold
[    7.273012] servicemanager: Caller(pid=460,uid=9999,sid=u:r:hal_keymint_default:s0) Found android.hardware.security.keymint.IRemotelyProvisionedComponent/default in device VINTF manifest.
[    7.273012] servicemanager: Caller(pid=460,uid=9999,sid=u:r:hal_keymint_default:s0) Found android.hardware.security.keymint.IRemotelyProvisionedComponent/default in device VINTF manifest.
[    7.274855] servicemanager: Caller(pid=444,uid=0,sid=u:r:vold:s0) Since 'android.system.keystore2.IKeystoreService/default' could not be found trying to start it as a lazy AIDL service. (if it's not configured to be a lazy service, it may be stuck starting or still starting).
[    7.274855] servicemanager: Caller(pid=444,uid=0,sid=u:r:vold:s0) Since 'android.system.keystore2.IKeystoreService/default' could not be found trying to start it as a lazy AIDL service. (if it's not configured to be a lazy service, it may be stuck starting or still starting).
[    7.277553] servicemanager: Caller(pid=460,uid=9999,sid=u:r:hal_keymint_default:s0) Found android.hardware.security.secureclock.ISecureClock/default in device VINTF manifest.
[    7.277553] servicemanager: Caller(pid=460,uid=9999,sid=u:r:hal_keymint_default:s0) Found android.hardware.security.secureclock.ISecureClock/default in device VINTF manifest.
[    7.279362] servicemanager: Caller(pid=460,uid=9999,sid=u:r:hal_keymint_default:s0) Found android.hardware.security.sharedsecret.ISharedSecret/default in device VINTF manifest.
[    7.279362] servicemanager: Caller(pid=460,uid=9999,sid=u:r:hal_keymint_default:s0) Found android.hardware.security.sharedsecret.ISharedSecret/default in device VINTF manifest.
[    7.358318] android.hardware.gatekeeper-service.nonsecure: Presented shared secret parameters with seed size 32 and nonce size 32
[    7.359033] servicemanager: Caller(pid=453,uid=1017,sid=u:r:keystore:s0) Found android.system.keystore2.IKeystoreService/default in framework VINTF manifest.
[    7.358318] android.hardware.gatekeeper-service.nonsecure: Presented shared secret parameters with seed size 32 and nonce size 32
[    7.359033] servicemanager: Caller(pid=453,uid=1017,sid=u:r:keystore:s0) Found android.system.keystore2.IKeystoreService/default in framework VINTF manifest.
[    7.361249] libbinder.BpBinder: onLastStrongRef automatically unlinking death recipients for binder (0x71e83ea11560) with descriptor: '(not cached)'
[    7.361249] libbinder.BpBinder: onLastStrongRef automatically unlinking death recipients for binder (0x71e83ea11560) with descriptor: '(not cached)'
[    7.362455] android.hardware.gatekeeper-service.nonsecure: Computing shared secret
[    7.362455] android.hardware.gatekeeper-service.nonsecure: Computing shared secret
[    7.380554] fsck.f2fs: Info: Automatic fix mode enabled.
[    7.380554] fsck.f2fs: Info: Automatic fix mode enabled.
[    7.381281] fsck.f2fs: Info: not exist /proc/version!
[    7.381281] fsck.f2fs: Info: not exist /proc/version!
[    7.381761] fsck.f2fs: Info: MKFS version
[    7.381761] fsck.f2fs: Info: MKFS version
[    7.382179] fsck.f2fs:   "6.17.0-1008-gcp"
[    7.382179] fsck.f2fs:   "6.17.0-1008-gcp"
[    7.382581] fsck.f2fs: Info: FSCK version
[    7.382581] fsck.f2fs: Info: FSCK version
[    7.382978] fsck.f2fs:   from "6.6.142-gc905c29016dd"
[    7.382978] fsck.f2fs:   from "6.6.142-gc905c29016dd"
[    7.383483] fsck.f2fs:     to "6.6.142-gc905c29016dd"
[    7.383483] fsck.f2fs:     to "6.6.142-gc905c29016dd"
[    7.383947] fsck.f2fs: Info: superblock features = 3499 :  encrypt extra_attr project_quota quota verity casefold compression
[    7.383947] fsck.f2fs: Info: superblock features = 3499 :  encrypt extra_attr project_quota quota verity casefold compression
[    7.385480] fsck.f2fs: Info: superblock encrypt level = 0, salt = 00000000000000000000000000000000
[    7.385480] fsck.f2fs: Info: superblock encrypt level = 0, salt = 00000000000000000000000000000000
[    7.386478] fsck.f2fs: Info: Segments per section = 1
[    7.386478] fsck.f2fs: Info: Segments per section = 1
[    7.387068] fsck.f2fs: Info: Sections per zone = 1
[    7.387068] fsck.f2fs: Info: Sections per zone = 1
[    7.387587] fsck.f2fs: Info: total FS sectors = 2097152 (8192 MB)
[    7.387587] fsck.f2fs: Info: total FS sectors = 2097152 (8192 MB)
[    7.388240] fsck.f2fs: Info: CKPT version = 58a5b2b1
[    7.388240] fsck.f2fs: Info: CKPT version = 58a5b2b1
[    7.388673] fsck.f2fs: Info: Casefold: linear_lookup [disable]
[    7.388673] fsck.f2fs: Info: Casefold: linear_lookup [disable]
[    7.389289] fsck.f2fs: Info: version timestamp cur: 0, prev: 0
[    7.389289] fsck.f2fs: Info: version timestamp cur: 0, prev: 0
[    7.389747] fsck.f2fs: [update_superblock: 935] Info: Done to update superblock
[    7.389747] fsck.f2fs: [update_superblock: 935] Info: Done to update superblock
[    7.505110] fsck.f2fs: Info: Corrupted valid nat_bits in checkpoint
[    7.505110] fsck.f2fs: Info: Corrupted valid nat_bits in checkpoint
[    7.506862] fsck.f2fs: Info: Write valid nat_bits in checkpoint
[    7.506862] fsck.f2fs: Info: Write valid nat_bits in checkpoint
[    7.511675] fsck.f2fs: Info: checkpoint state = 10c0 :  nat_bits crc disabled sudden-power-off
[    7.511675] fsck.f2fs: Info: checkpoint state = 10c0 :  nat_bits crc disabled sudden-power-off
[    7.512569] fsck.f2fs: 
[    7.512569] fsck.f2fs: 
[    7.517059] fsck.f2fs: [FSCK] Max image size: 66 MB, Free space: 8126 MB
[    7.517059] fsck.f2fs: [FSCK] Max image size: 66 MB, Free space: 8126 MB
[    7.517687] fsck.f2fs: [FSCK] Unreachable nat entries                        [Ok..] [0x0]
[    7.517687] fsck.f2fs: [FSCK] Unreachable nat entries                        [Ok..] [0x0]
[    7.518373] fsck.f2fs: [FSCK] SIT valid block bitmap checking                [Ok..]
[    7.518373] fsck.f2fs: [FSCK] SIT valid block bitmap checking                [Ok..]
[    7.519029] fsck.f2fs: [FSCK] Hard link checking for regular file            [Ok..] [0x0]
[    7.519029] fsck.f2fs: [FSCK] Hard link checking for regular file            [Ok..] [0x0]
[    7.519695] fsck.f2fs: [FSCK] valid_block_count matching with CP             [Ok..] [0xb]
[    7.519695] fsck.f2fs: [FSCK] valid_block_count matching with CP             [Ok..] [0xb]
[    7.520334] fsck.f2fs: [FSCK] valid_node_count matching with CP (de lookup)  [Ok..] [0x4]
[    7.520334] fsck.f2fs: [FSCK] valid_node_count matching with CP (de lookup)  [Ok..] [0x4]
[    7.521153] fsck.f2fs: [FSCK] valid_node_count matching with CP (nat lookup) [Ok..] [0x4]
[    7.521153] fsck.f2fs: [FSCK] valid_node_count matching with CP (nat lookup) [Ok..] [0x4]
[    7.521953] fsck.f2fs: [FSCK] valid_inode_count matched with CP              [Ok..] [0x4]
[    7.521953] fsck.f2fs: [FSCK] valid_inode_count matched with CP              [Ok..] [0x4]
[    7.522588] fsck.f2fs: [FSCK] free segment_count matched with CP             [Ok..] [0xfd9]
[    7.522588] fsck.f2fs: [FSCK] free segment_count matched with CP             [Ok..] [0xfd9]
[    7.523201] fsck.f2fs: [FSCK] next block offset is free                      [Ok..]
[    7.523201] fsck.f2fs: [FSCK] next block offset is free                      [Ok..]
[    7.523767] fsck.f2fs: [FSCK] fixing SIT types
[    7.523767] fsck.f2fs: [FSCK] fixing SIT types
[    7.524125] fsck.f2fs: [FSCK] other corrupted bugs                           [Ok..]
[    7.524125] fsck.f2fs: [FSCK] other corrupted bugs                           [Ok..]
[    7.561082] fsck.f2fs: Info: Duplicate valid checkpoint to mirror position 1024 -> 512
[    7.561082] fsck.f2fs: Info: Duplicate valid checkpoint to mirror position 1024 -> 512
[    7.563392] fsck.f2fs: Info: Write valid nat_bits in checkpoint
[    7.563392] fsck.f2fs: Info: Write valid nat_bits in checkpoint
[    7.574994] fsck.f2fs: Info: fix_checkpoint() cur_cp:1
[    7.574994] fsck.f2fs: Info: fix_checkpoint() cur_cp:1
[    7.578922] fsck.f2fs: 
[    7.578922] fsck.f2fs: 
[    7.579181] fsck.f2fs: Done: 0.197102 secs
[    7.579181] fsck.f2fs: Done: 0.197102 secs
[    7.579520] fsck.f2fs: 
[    7.579520] fsck.f2fs: 
[    7.579727] fsck.f2fs: c, u, RA, CH, CM, Repl=
[    7.579727] fsck.f2fs: c, u, RA, CH, CM, Repl=
[    7.580090] fsck.f2fs: 10000 6745 28681 21936 6745 0
[    7.580090] fsck.f2fs: 10000 6745 28681 21936 6745 0
[    7.581100] F2FS-fs (dm-17): Using encoding defined by superblock: utf8-12.1.0 with flags 0x2
[    7.581100] F2FS-fs (dm-17): Using encoding defined by superblock: utf8-12.1.0 with flags 0x2
[    7.583163] F2FS-fs (dm-17): Found nat_bits in checkpoint
[    7.583163] F2FS-fs (dm-17): Found nat_bits in checkpoint
[    7.598535] F2FS-fs (dm-17): f2fs_disable_checkpoint starts, unusable: 0
[    7.598535] F2FS-fs (dm-17): f2fs_disable_checkpoint starts, unusable: 0
[    7.599104] F2FS-fs (dm-17): f2fs_disable_checkpoint: call f2fs_write_checkpoint(), meta: 0, node: 0, data: 0
[    7.599104] F2FS-fs (dm-17): f2fs_disable_checkpoint: call f2fs_write_checkpoint(), meta: 0, node: 0, data: 0
[    7.599892] F2FS-fs (dm-17): Start checkpoint disabled!
[    7.599892] F2FS-fs (dm-17): Start checkpoint disabled!
[    7.612065] F2FS-fs (dm-17): f2fs_disable_checkpoint finishes, err:0
[    7.612065] F2FS-fs (dm-17): f2fs_disable_checkpoint finishes, err:0
[    7.612965] F2FS-fs (dm-17): Mounted with checkpoint version = 58a5b2b2
[    7.612965] F2FS-fs (dm-17): Mounted with checkpoint version = 58a5b2b2
[    7.616305] init: Command 'mount_all --late' action=late-fs (/vendor/etc/init/init.cutf_cvm.rc:73) took 399ms and succeeded
[    7.616305] init: Command 'mount_all --late' action=late-fs (/vendor/etc/init/init.cutf_cvm.rc:73) took 399ms and succeeded
[    7.619193] init: Control message: Could not find 'aidl/android.system.keystore2.IKeystoreService/default' for ctl.interface_start from pid: 429 (/system/bin/servicemanager)
[    7.619193] init: Control message: Could not find 'aidl/android.system.keystore2.IKeystoreService/default' for ctl.interface_start from pid: 429 (/system/bin/servicemanager)
[    7.620707] servicemanager: Caller(pid=444,uid=0,sid=u:r:vold:s0) Tried to start aidl service android.system.keystore2.IKeystoreService/default as a lazy service, but was unable to. Usually this happens when a service is not installed, but if the service is intended to be used as a lazy service, then it may be configured incorrectly.
[    7.620707] servicemanager: Caller(pid=444,uid=0,sid=u:r:vold:s0) Tried to start aidl service android.system.keystore2.IKeystoreService/default as a lazy service, but was unable to. Usually this happens when a service is not installed, but if the service is intended to be used as a lazy service, then it may be configured incorrectly.
[    7.620945] GUEST_BUILD_FINGERPRINT: generic/aosp_cf_x86_64_only_phone/vsoc_x86_64_only:17/CP2A.260605.016/16373615:userdebug/test-keys
[    7.620945] GUEST_BUILD_FINGERPRINT: generic/aosp_cf_x86_64_only_phone/vsoc_x86_64_only:17/CP2A.260605.016/16373615:userdebug/test-keys
[    7.623474] init: processing action (post-fs-data) from (/system/etc/init/hw/init.rc:663)
[    7.623474] init: processing action (post-fs-data) from (/system/etc/init/hw/init.rc:663)
[    7.626245] init: starting service 'exec 6 (/system/bin/vdc checkpoint prepareCheckpoint)'...
[    7.626245] init: starting service 'exec 6 (/system/bin/vdc checkpoint prepareCheckpoint)'...
[    7.627885] libprocessgroup: Created cgroup /sys/fs/cgroup/system/uid_1000/pid_486
[    7.627885] libprocessgroup: Created cgroup /sys/fs/cgroup/system/uid_1000/pid_486
[    7.629179] init: ... started service 'exec 6 (/system/bin/vdc checkpoint prepareCheckpoint)' has pid 486
[    7.629179] init: ... started service 'exec 6 (/system/bin/vdc checkpoint prepareCheckpoint)' has pid 486
[    7.630004] init: SVC_EXEC service 'exec 6 (/system/bin/vdc checkpoint prepareCheckpoint)' pid 486 (uid 1000 gid 1000+0 context default) started; waiting...
[    7.630004] init: SVC_EXEC service 'exec 6 (/system/bin/vdc checkpoint prepareCheckpoint)' pid 486 (uid 1000 gid 1000+0 context default) started; waiting...
[    7.637255] cutils-trace: Error opening trace file: No such file or directory (2)
[    7.637255] cutils-trace: Error opening trace file: No such file or directory (2)
[    7.638275] libbinder.BackendUnifiedServiceManager: Thread Pool max thread count is 0. Cannot cache binder as linkToDeath cannot be implemented. serviceName: vold
[    7.638275] libbinder.BackendUnifiedServiceManager: Thread Pool max thread count is 0. Cannot cache binder as linkToDeath cannot be implemented. serviceName: vold
[    7.639585] vdc: Waited 0ms for vold
[    7.639585] vdc: Waited 0ms for vold
[    7.641286] init: Service 'exec 6 (/system/bin/vdc checkpoint prepareCheckpoint)' (pid 486) exited with status 0 waiting took 0.013000 seconds
[    7.641286] init: Service 'exec 6 (/system/bin/vdc checkpoint prepareCheckpoint)' (pid 486) exited with status 0 waiting took 0.013000 seconds
[    7.642367] init: Sending SIGKILL to service 'exec 6 (/system/bin/vdc checkpoint prepareCheckpoint)' (pid 486) process group...
[    7.642367] init: Sending SIGKILL to service 'exec 6 (/system/bin/vdc checkpoint prepareCheckpoint)' (pid 486) process group...
[    7.643408] libprocessgroup: Removed cgroup /sys/fs/cgroup/system/uid_1000/pid_486
[    7.643408] libprocessgroup: Removed cgroup /sys/fs/cgroup/system/uid_1000/pid_486
[    7.644707] init: starting service 'exec 7 (/system/bin/vdc --wait cryptfs enablefilecrypto)'...
[    7.644707] init: starting service 'exec 7 (/system/bin/vdc --wait cryptfs enablefilecrypto)'...
[    7.646665] libprocessgroup: Created cgroup /sys/fs/cgroup/system/uid_0/pid_488
[    7.646665] libprocessgroup: Created cgroup /sys/fs/cgroup/system/uid_0/pid_488
[    7.647924] init: ... started service 'exec 7 (/system/bin/vdc --wait cryptfs enablefilecrypto)' has pid 488
[    7.647924] init: ... started service 'exec 7 (/system/bin/vdc --wait cryptfs enablefilecrypto)' has pid 488
[    7.648829] init: SVC_EXEC service 'exec 7 (/system/bin/vdc --wait cryptfs enablefilecrypto)' pid 488 (uid 0 gid 0+0 context default) started; waiting...
[    7.648829] init: SVC_EXEC service 'exec 7 (/system/bin/vdc --wait cryptfs enablefilecrypto)' pid 488 (uid 0 gid 0+0 context default) started; waiting...
[    7.654997] cutils-trace: Error opening trace file: No such file or directory (2)
[    7.654997] cutils-trace: Error opening trace file: No such file or directory (2)
[    7.656044] libbinder.BackendUnifiedServiceManager: Thread Pool max thread count is 0. Cannot cache binder as linkToDeath cannot be implemented. serviceName: vold
[    7.656044] libbinder.BackendUnifiedServiceManager: Thread Pool max thread count is 0. Cannot cache binder as linkToDeath cannot be implemented. serviceName: vold
[    7.657600] vdc: Waited 0ms for vold
[    7.657600] vdc: Waited 0ms for vold
[    7.659747] vold: keystore2 Keystore generateKey returned service specific error: -67
[    7.659747] vold: keystore2 Keystore generateKey returned service specific error: -67
[    7.661297] vold: Failed to generate rollback-resistant key.  This is expected if keystore doesn't support rollback resistance.  Falling back to non-rollback-resistant key.
[    7.661297] vold: Failed to generate rollback-resistant key.  This is expected if keystore doesn't support rollback resistance.  Falling back to non-rollback-resistant key.
[    7.664289] init: Service 'exec 7 (/system/bin/vdc --wait cryptfs enablefilecrypto)' (pid 488) exited with status 0 waiting took 0.017000 seconds
[    7.664289] init: Service 'exec 7 (/system/bin/vdc --wait cryptfs enablefilecrypto)' (pid 488) exited with status 0 waiting took 0.017000 seconds
[    7.665370] init: Sending SIGKILL to service 'exec 7 (/system/bin/vdc --wait cryptfs enablefilecrypto)' (pid 488) process group...
[    7.665370] init: Sending SIGKILL to service 'exec 7 (/system/bin/vdc --wait cryptfs enablefilecrypto)' (pid 488) process group...
[    7.666523] libprocessgroup: Removed cgroup /sys/fs/cgroup/system/uid_0/pid_488
[    7.666523] libprocessgroup: Removed cgroup /sys/fs/cgroup/system/uid_0/pid_488
[    7.667389] init: Encryption policy of /data/bootchart set to a28822247562ff2397e5d2936474c1f8 v2 modes 1/10 flags 0xa
[    7.667389] init: Encryption policy of /data/bootchart set to a28822247562ff2397e5d2936474c1f8 v2 modes 1/10 flags 0xa
[    7.668680] fscrypt: AES-256-HCTR2 using implementation "hctr2_base(xctr-aes-aesni,polyval-clmulni)"
[    7.668680] fscrypt: AES-256-HCTR2 using implementation "hctr2_base(xctr-aes-aesni,polyval-clmulni)"
[    7.669908] init: Command 'copy /data/system/entropy.dat /dev/urandom' action=post-fs-data (/system/etc/init/hw/init.rc:683) took 0ms and failed: Could not read input file '/data/system/entropy.dat': open() failed: No such file or directory
[    7.669908] init: Command 'copy /data/system/entropy.dat /dev/urandom' action=post-fs-data (/system/etc/init/hw/init.rc:683) took 0ms and failed: Could not read input file '/data/system/entropy.dat': open() failed: No such file or directory
[    7.671819] init: Encryption policy of /data/vendor set to a28822247562ff2397e5d2936474c1f8 v2 modes 1/10 flags 0xa
[    7.671819] init: Encryption policy of /data/vendor set to a28822247562ff2397e5d2936474c1f8 v2 modes 1/10 flags 0xa
[    7.672901] init: Encryption policy of /data/anr set to a28822247562ff2397e5d2936474c1f8 v2 modes 1/10 flags 0xa
[    7.672901] init: Encryption policy of /data/anr set to a28822247562ff2397e5d2936474c1f8 v2 modes 1/10 flags 0xa
[    7.674236] init: Encryption policy of /data/tombstones set to a28822247562ff2397e5d2936474c1f8 v2 modes 1/10 flags 0xa
[    7.674236] init: Encryption policy of /data/tombstones set to a28822247562ff2397e5d2936474c1f8 v2 modes 1/10 flags 0xa
[    7.675551] init: starting service 'tombstoned'...
[    7.675551] init: starting service 'tombstoned'...
[    7.676071] init: Created socket '/dev/socket/tombstoned_crash', mode 666, user 1000, group 1000
[    7.676071] init: Created socket '/dev/socket/tombstoned_crash', mode 666, user 1000, group 1000
[    7.676927] init: Created socket '/dev/socket/tombstoned_intercept', mode 666, user 1000, group 1000
[    7.676927] init: Created socket '/dev/socket/tombstoned_intercept', mode 666, user 1000, group 1000
[    7.677993] init: Created socket '/dev/socket/tombstoned_java_trace', mode 666, user 1000, group 1000
[    7.677993] init: Created socket '/dev/socket/tombstoned_java_trace', mode 666, user 1000, group 1000
[    7.679567] libprocessgroup: Created cgroup /sys/fs/cgroup/system/uid_1058
[    7.679567] libprocessgroup: Created cgroup /sys/fs/cgroup/system/uid_1058
[    7.680535] libprocessgroup: Created cgroup /sys/fs/cgroup/system/uid_1058/pid_493
[    7.680535] libprocessgroup: Created cgroup /sys/fs/cgroup/system/uid_1058/pid_493
[    7.681770] init: ... started service 'tombstoned' has pid 493
[    7.681770] init: ... started service 'tombstoned' has pid 493
[    7.682543] init: Command 'enter_default_mount_ns' action=post-fs-data (/system/etc/init/hw/init.rc:696) took 0ms and failed: Failed to switch to default mount namespace.: Invalid argument
[    7.682543] init: Command 'enter_default_mount_ns' action=post-fs-data (/system/etc/init/hw/init.rc:696) took 0ms and failed: Failed to switch to default mount namespace.: Invalid argument
[    7.684076] init: Encryption policy of /data/misc set to a28822247562ff2397e5d2936474c1f8 v2 modes 1/10 flags 0xa
[    7.684076] init: Encryption policy of /data/misc set to a28822247562ff2397e5d2936474c1f8 v2 modes 1/10 flags 0xa
[    7.685714] init: starting service 'exec 8 (/system/bin/vdc keymaster earlyBootEnded)'...
[    7.685714] init: starting service 'exec 8 (/system/bin/vdc keymaster earlyBootEnded)'...
[    7.687619] libprocessgroup: Created cgroup /sys/fs/cgroup/system/uid_1000/pid_494
[    7.687619] libprocessgroup: Created cgroup /sys/fs/cgroup/system/uid_1000/pid_494
[    7.688866] init: ... started service 'exec 8 (/system/bin/vdc keymaster earlyBootEnded)' has pid 494
[    7.688866] init: ... started service 'exec 8 (/system/bin/vdc keymaster earlyBootEnded)' has pid 494
[    7.689693] init: SVC_EXEC service 'exec 8 (/system/bin/vdc keymaster earlyBootEnded)' pid 494 (uid 1000 gid 1000+0 context default) started; waiting...
[    7.689693] init: SVC_EXEC service 'exec 8 (/system/bin/vdc keymaster earlyBootEnded)' pid 494 (uid 1000 gid 1000+0 context default) started; waiting...
[    7.695772] cutils-trace: Error opening trace file: No such file or directory (2)
[    7.695772] cutils-trace: Error opening trace file: No such file or directory (2)
[    7.696555] libbinder.BackendUnifiedServiceManager: Thread Pool max thread count is 0. Cannot cache binder as linkToDeath cannot be implemented. serviceName: vold
[    7.696555] libbinder.BackendUnifiedServiceManager: Thread Pool max thread count is 0. Cannot cache binder as linkToDeath cannot be implemented. serviceName: vold
[    7.697764] vdc: Waited 0ms for vold
[    7.697764] vdc: Waited 0ms for vold
[    7.703615] fscrypt: AES-256-XTS using blk-crypto-fallback
[    7.703615] fscrypt: AES-256-XTS using blk-crypto-fallback
[    7.708534] init: Service 'exec 8 (/system/bin/vdc keymaster earlyBootEnded)' (pid 494) exited with status 0 waiting took 0.021000 seconds
[    7.708534] init: Service 'exec 8 (/system/bin/vdc keymaster earlyBootEnded)' (pid 494) exited with status 0 waiting took 0.021000 seconds
[    7.709531] init: Sending SIGKILL to service 'exec 8 (/system/bin/vdc keymaster earlyBootEnded)' (pid 494) process group...
[    7.709531] init: Sending SIGKILL to service 'exec 8 (/system/bin/vdc keymaster earlyBootEnded)' (pid 494) process group...
[    7.710587] libprocessgroup: Removed cgroup /sys/fs/cgroup/system/uid_1000/pid_494
[    7.710587] libprocessgroup: Removed cgroup /sys/fs/cgroup/system/uid_1000/pid_494
[    7.711542] init: Encryption policy of /data/property set to a28822247562ff2397e5d2936474c1f8 v2 modes 1/10 flags 0xa
[    7.711542] init: Encryption policy of /data/property set to a28822247562ff2397e5d2936474c1f8 v2 modes 1/10 flags 0xa
[    7.712557] init: Could not load single persistent property file, trying legacy directory: Unable to read persistent property file: open() failed: No such file or directory
[    7.712557] init: Could not load single persistent property file, trying legacy directory: Unable to read persistent property file: open() failed: No such file or directory
[    7.714054] init: Wait for property 'ro.persistent_properties.ready=true' took 0ms
[    7.714054] init: Wait for property 'ro.persistent_properties.ready=true' took 0ms
[    7.714835] init: starting service 'logd-reinit'...
[    7.714835] init: starting service 'logd-reinit'...
[    7.716263] libprocessgroup: Created cgroup /sys/fs/cgroup/system/uid_1036/pid_497
[    7.716263] libprocessgroup: Created cgroup /sys/fs/cgroup/system/uid_1036/pid_497
[    7.717657] init: ... started service 'logd-reinit' has pid 497
[    7.717657] init: ... started service 'logd-reinit' has pid 497
[    7.718289] init: Not setting encryption policy on: /data/apex
[    7.718289] init: Not setting encryption policy on: /data/apex
[    7.719485] init: Encryption policy of /data/apex/decompressed set to a28822247562ff2397e5d2936474c1f8 v2 modes 1/10 flags 0xa
[    7.719485] init: Encryption policy of /data/apex/decompressed set to a28822247562ff2397e5d2936474c1f8 v2 modes 1/10 flags 0xa
[    7.720685] init: Encryption policy of /data/app-staging set to a28822247562ff2397e5d2936474c1f8 v2 modes 1/10 flags 0xa
[    7.720685] init: Encryption policy of /data/app-staging set to a28822247562ff2397e5d2936474c1f8 v2 modes 1/10 flags 0xa
[    7.721881] init: Encryption policy of /data/apex/ota_reserved set to a28822247562ff2397e5d2936474c1f8 v2 modes 1/10 flags 0xa
[    7.721881] init: Encryption policy of /data/apex/ota_reserved set to a28822247562ff2397e5d2936474c1f8 v2 modes 1/10 flags 0xa
[    7.723339] init: starting service 'apexd'...
[    7.723339] init: starting service 'apexd'...
[    7.724921] libprocessgroup: Created cgroup /sys/fs/cgroup/system/uid_0/pid_498
[    7.725703] logd: logd reinit
[    7.724921] libprocessgroup: Created cgroup /sys/fs/cgroup/system/uid_0/pid_498
[    7.726821] init: ... started service 'apexd' has pid 498
[    7.726941] logd: Cannot read /data/misc/logd/event-log-tags
[    7.725703] logd: logd reinit
[    7.726821] init: ... started service 'apexd' has pid 498
[    7.727916] init: Command 'copy /data/misc/recovery/ro.build.fingerprint /data/misc/recovery/ro.build.fingerprint.1' action=post-fs-data (/system/etc/init/hw/init.rc:755) took 0ms and failed: Could not read input file '/data/misc/recovery/ro.build.fingerprint': open() failed: No such file or directory
[    7.728577] logd: FrameworkListener: read() failed (Connection reset by peer)
[    7.730222] init: Service 'logd-reinit' (pid 497) exited with status 0 oneshot service took 0.014000 seconds in background
[    7.726941] logd: Cannot read /data/misc/logd/event-log-tags
[    7.727916] init: Command 'copy /data/misc/recovery/ro.build.fingerprint /data/misc/recovery/ro.build.fingerprint.1' action=post-fs-data (/system/etc/init/hw/init.rc:755) took 0ms and failed: Could not read input file '/data/misc/recovery/ro.build.fingerprint': open() failed: No such file or directory
[    7.728577] logd: FrameworkListener: read() failed (Connection reset by peer)
[    7.730222] init: Service 'logd-reinit' (pid 497) exited with status 0 oneshot service took 0.014000 seconds in background
[    7.732573] init: Sending SIGKILL to service 'logd-reinit' (pid 497) process group...
[    7.732573] init: Sending SIGKILL to service 'logd-reinit' (pid 497) process group...
[    7.733397] libprocessgroup: Removed cgroup /sys/fs/cgroup/system/uid_1036/pid_497
[    7.733397] libprocessgroup: Removed cgroup /sys/fs/cgroup/system/uid_1036/pid_497
[    7.734710] init: Command 'copy /data/misc/recovery/proc/version /data/misc/recovery/proc/version.1' action=post-fs-data (/system/etc/init/hw/init.rc:762) took 0ms and failed: Could not read input file '/data/misc/recovery/proc/version': open() failed: No such file or directory
[    7.734710] init: Command 'copy /data/misc/recovery/proc/version /data/misc/recovery/proc/version.1' action=post-fs-data (/system/etc/init/hw/init.rc:762) took 0ms and failed: Could not read input file '/data/misc/recovery/proc/version': open() failed: No such file or directory
[    7.739040] apexd: Started. subcommand = (null)
[    7.739040] apexd: Started. subcommand = (null)
[    7.739537] init: Encryption policy of /data/local set to a28822247562ff2397e5d2936474c1f8 v2 modes 1/10 flags 0xa
[    7.739537] init: Encryption policy of /data/local set to a28822247562ff2397e5d2936474c1f8 v2 modes 1/10 flags 0xa
[    7.740426] cutils-trace: Error opening trace file: No such file or directory (2)
[    7.740426] cutils-trace: Error opening trace file: No such file or directory (2)
[    7.741183] libbinder.BackendUnifiedServiceManager: Thread Pool max thread count is 0. Cannot cache binder as linkToDeath cannot be implemented. serviceName: vold
[    7.741183] libbinder.BackendUnifiedServiceManager: Thread Pool max thread count is 0. Cannot cache binder as linkToDeath cannot be implemented. serviceName: vold
[    7.742382] apexd: Scanning /system/apex for pre-installed ApexFiles
[    7.742382] apexd: Scanning /system/apex for pre-installed ApexFiles
[    7.742935] apexd: Found pre-installed APEX /system/apex/com.android.adbd.apex
[    7.743118] init: starting service 'exec 9 (/bin/rm -rf /data/misc/virtualizationservice)'...
[    7.743470] apexd: Found pre-installed APEX /system/apex/com.android.adservices.apex
[    7.742935] apexd: Found pre-installed APEX /system/apex/com.android.adbd.apex
[    7.743118] init: starting service 'exec 9 (/bin/rm -rf /data/misc/virtualizationservice)'...
[    7.743470] apexd: Found pre-installed APEX /system/apex/com.android.adservices.apex
[    7.744762] apexd: Found pre-installed APEX /system/apex/com.android.apex.cts.shim.apex
[    7.744910] libprocessgroup: Created cgroup /sys/fs/cgroup/system/uid_1081
[    7.745338] apexd: Found pre-installed APEX /system/apex/com.android.appsearch.apex
[    7.746288] libprocessgroup: Created cgroup /sys/fs/cgroup/system/uid_1081/pid_499
[    7.746395] apexd: Found pre-installed APEX /system/apex/com.android.art.apex
[    7.747386] init: ... started service 'exec 9 (/bin/rm -rf /data/misc/virtualizationservice)' has pid 499
[    7.747442] apexd: Found pre-installed APEX /system/apex/com.android.bt.apex
[    7.748168] init: SVC_EXEC service 'exec 9 (/bin/rm -rf /data/misc/virtualizationservice)' pid 499 (uid 1081 gid 1000+0 context default) started; waiting...
[    7.748657] apexd: Found pre-installed APEX /system/apex/com.android.cellbroadcast.apex
[    7.744762] apexd: Found pre-installed APEX /system/apex/com.android.apex.cts.shim.apex
[    7.744910] libprocessgroup: Created cgroup /sys/fs/cgroup/system/uid_1081
[    7.745338] apexd: Found pre-installed APEX /system/apex/com.android.appsearch.apex
[    7.746288] libprocessgroup: Created cgroup /sys/fs/cgroup/system/uid_1081/pid_499
[    7.746395] apexd: Found pre-installed APEX /system/apex/com.android.art.apex
[    7.747386] init: ... started service 'exec 9 (/bin/rm -rf /data/misc/virtualizationservice)' has pid 499
[    7.747442] apexd: Found pre-installed APEX /system/apex/com.android.bt.apex
[    7.748168] init: SVC_EXEC service 'exec 9 (/bin/rm -rf /data/misc/virtualizationservice)' pid 499 (uid 1081 gid 1000+0 context default) started; waiting...
[    7.748657] apexd: Found pre-installed APEX /system/apex/com.android.cellbroadcast.apex
[    7.750519] apexd: Found pre-installed APEX /system/apex/com.android.configinfrastructure.apex
[    7.750519] apexd: Found pre-installed APEX /system/apex/com.android.configinfrastructure.apex
[    7.751180] apexd: Found pre-installed APEX /system/apex/com.android.conscrypt.apex
[    7.751180] apexd: Found pre-installed APEX /system/apex/com.android.conscrypt.apex
[    7.751765] apexd: Found pre-installed APEX /system/apex/com.android.crashrecovery.apex
[    7.751765] apexd: Found pre-installed APEX /system/apex/com.android.crashrecovery.apex
[    7.752369] apexd: Found pre-installed APEX /system/apex/com.android.devicelock.apex
[    7.752369] apexd: Found pre-installed APEX /system/apex/com.android.devicelock.apex
[    7.752949] apexd: Found pre-installed APEX /system/apex/com.android.extservices.apex
[    7.752949] apexd: Found pre-installed APEX /system/apex/com.android.extservices.apex
[    7.753542] apexd: Found pre-installed APEX /system/apex/com.android.healthfitness.apex
[    7.753542] apexd: Found pre-installed APEX /system/apex/com.android.healthfitness.apex
[    7.754156] apexd: Found pre-installed APEX /system/apex/com.android.i18n.apex
[    7.754156] apexd: Found pre-installed APEX /system/apex/com.android.i18n.apex
[    7.754698] apexd: Found pre-installed APEX /system/apex/com.android.ipsec.apex
[    7.754698] apexd: Found pre-installed APEX /system/apex/com.android.ipsec.apex
[    7.755252] apexd: Found pre-installed APEX /system/apex/com.android.media.apex
[    7.755252] apexd: Found pre-installed APEX /system/apex/com.android.media.apex
[    7.755805] apexd: Found pre-installed APEX /system/apex/com.android.media.swcodec.apex
[    7.756344] init: Service 'exec 9 (/bin/rm -rf /data/misc/virtualizationservice)' (pid 499) exited with status 0 waiting took 0.011000 seconds
[    7.756372] apexd: Found pre-installed APEX /system/apex/com.android.mediaprovider.apex
[    7.757520] init: Sending SIGKILL to service 'exec 9 (/bin/rm -rf /data/misc/virtualizationservice)' (pid 499) process group...
[    7.758071] apexd: Found pre-installed APEX /system/apex/com.android.neuralnetworks.apex
[    7.759208] libprocessgroup: Removed cgroup /sys/fs/cgroup/system/uid_1081/pid_499
[    7.759645] apexd: Found pre-installed APEX /system/apex/com.android.nfcservices.apex
[    7.760675] init: Not setting encryption policy on: /data/preloads
[    7.760907] apexd: Found pre-installed APEX /system/apex/com.android.npumanager.apex
[    7.755805] apexd: Found pre-installed APEX /system/apex/com.android.media.swcodec.apex
[    7.756344] init: Service 'exec 9 (/bin/rm -rf /data/misc/virtualizationservice)' (pid 499) exited with status 0 waiting took 0.011000 seconds
[    7.756372] apexd: Found pre-installed APEX /system/apex/com.android.mediaprovider.apex
[    7.757520] init: Sending SIGKILL to service 'exec 9 (/bin/rm -rf /data/misc/virtualizationservice)' (pid 499) process group...
[    7.758071] apexd: Found pre-installed APEX /system/apex/com.android.neuralnetworks.apex
[    7.759208] libprocessgroup: Removed cgroup /sys/fs/cgroup/system/uid_1081/pid_499
[    7.762228] init: Encryption policy of /data/app-private set to a28822247562ff2397e5d2936474c1f8 v2 modes 1/10 flags 0xa
[    7.762266] apexd: Found pre-installed APEX /system/apex/com.android.ondevicepersonalization.apex
[    7.763395] init: Encryption policy of /data/app-ephemeral set to a28822247562ff2397e5d2936474c1f8 v2 modes 1/10 flags 0xa
[    7.763831] apexd: Found pre-installed APEX /system/apex/com.android.os.statsd.apex
[    7.764929] init: Encryption policy of /data/app-asec set to a28822247562ff2397e5d2936474c1f8 v2 modes 1/10 flags 0xa
[    7.765341] apexd: Found pre-installed APEX /system/apex/com.android.permission.apex
[    7.766452] init: Encryption policy of /data/app-lib set to a28822247562ff2397e5d2936474c1f8 v2 modes 1/10 flags 0xa
[    7.766814] apexd: Found pre-installed APEX /system/apex/com.android.profiling.apex
[    7.767905] init: Encryption policy of /data/app set to a28822247562ff2397e5d2936474c1f8 v2 modes 1/10 flags 0xa
[    7.768270] apexd: Found pre-installed APEX /system/apex/com.android.resolv.apex
[    7.769358] init: Encryption policy of /data/app-metadata set to a28822247562ff2397e5d2936474c1f8 v2 modes 1/10 flags 0xa
[    7.769683] apexd: Found pre-installed APEX /system/apex/com.android.rkpd.apex
[    7.770788] init: Encryption policy of /data/fonts set to a28822247562ff2397e5d2936474c1f8 v2 modes 1/10 flags 0xa
[    7.771151] apexd: Found pre-installed APEX /system/apex/com.android.runtime.apex
[    7.759645] apexd: Found pre-installed APEX /system/apex/com.android.nfcservices.apex
[    7.760675] init: Not setting encryption policy on: /data/preloads
[    7.760907] apexd: Found pre-installed APEX /system/apex/com.android.npumanager.apex
[    7.762228] init: Encryption policy of /data/app-private set to a28822247562ff2397e5d2936474c1f8 v2 modes 1/10 flags 0xa
[    7.762266] apexd: Found pre-installed APEX /system/apex/com.android.ondevicepersonalization.apex
[    7.763395] init: Encryption policy of /data/app-ephemeral set to a28822247562ff2397e5d2936474c1f8 v2 modes 1/10 flags 0xa
[    7.763831] apexd: Found pre-installed APEX /system/apex/com.android.os.statsd.apex
[    7.764929] init: Encryption policy of /data/app-asec set to a28822247562ff2397e5d2936474c1f8 v2 modes 1/10 flags 0xa
[    7.765341] apexd: Found pre-installed APEX /system/apex/com.android.permission.apex
[    7.766452] init: Encryption policy of /data/app-lib set to a28822247562ff2397e5d2936474c1f8 v2 modes 1/10 flags 0xa
[    7.766814] apexd: Found pre-installed APEX /system/apex/com.android.profiling.apex
[    7.767905] init: Encryption policy of /data/app set to a28822247562ff2397e5d2936474c1f8 v2 modes 1/10 flags 0xa
[    7.768270] apexd: Found pre-installed APEX /system/apex/com.android.resolv.apex
[    7.769358] init: Encryption policy of /data/app-metadata set to a28822247562ff2397e5d2936474c1f8 v2 modes 1/10 flags 0xa
[    7.769683] apexd: Found pre-installed APEX /system/apex/com.android.rkpd.apex
[    7.770788] init: Encryption policy of /data/fonts set to a28822247562ff2397e5d2936474c1f8 v2 modes 1/10 flags 0xa
[    7.771151] apexd: Found pre-installed APEX /system/apex/com.android.runtime.apex
[    7.773105] apexd: Found pre-installed APEX /system/apex/com.android.scheduling.apex
[    7.773406] init: Encryption policy of /data/dalvik-cache set to a28822247562ff2397e5d2936474c1f8 v2 modes 1/10 flags 0xa
[    7.773633] apexd: Found pre-installed APEX /system/apex/com.android.sdkext.apex
[    7.774740] init: Encryption policy of /data/ota set to a28822247562ff2397e5d2936474c1f8 v2 modes 1/10 flags 0xa
[    7.775104] apexd: Found pre-installed APEX /system/apex/com.android.telephonycore.apex
[    7.776221] init: Encryption policy of /data/ota_package set to a28822247562ff2397e5d2936474c1f8 v2 modes 1/10 flags 0xa
[    7.776510] apexd: Found pre-installed APEX /system/apex/com.android.tethering.apex
[    7.777674] init: Encryption policy of /data/resource-cache set to a28822247562ff2397e5d2936474c1f8 v2 modes 1/10 flags 0xa
[    7.778008] apexd: Found pre-installed APEX /system/apex/com.android.tzdata.apex
[    7.779000] init: Not setting encryption policy on: /data/lost+found
[    7.779499] apexd: Found pre-installed APEX /system/apex/com.android.uprobestats.apex
[    7.780371] init: Encryption policy of /data/drm set to a28822247562ff2397e5d2936474c1f8 v2 modes 1/10 flags 0xa
[    7.780554] apexd: Found pre-installed APEX /system/apex/com.android.uwb.apex
[    7.781641] init: Encryption policy of /data/mediadrm set to a28822247562ff2397e5d2936474c1f8 v2 modes 1/10 flags 0xa
[    7.781956] apexd: Found pre-installed APEX /system/apex/com.android.virt.apex
[    7.783063] init: Encryption policy of /data/nfc set to a28822247562ff2397e5d2936474c1f8 v2 modes 1/10 flags 0xa
[    7.783385] apexd: Found pre-installed APEX /system/apex/com.android.webapp.apex
[    7.784577] init: Encryption policy of /data/backup set to a28822247562ff2397e5d2936474c1f8 v2 modes 1/10 flags 0xa
[    7.784777] apexd: Found pre-installed APEX /system/apex/com.android.wifi.apex
[    7.785881] init: Encryption policy of /data/ss set to a28822247562ff2397e5d2936474c1f8 v2 modes 1/10 flags 0xa
[    7.786223] apexd: Scanning /system_ext/apex for pre-installed ApexFiles
[    7.787289] init: Encryption policy of /data/system set to a28822247562ff2397e5d2936474c1f8 v2 modes 1/10 flags 0xa
[    7.787605] apexd: Found pre-installed APEX /system_ext/apex/com.android.compos.apex
[    7.773105] apexd: Found pre-installed APEX /system/apex/com.android.scheduling.apex
[    7.773406] init: Encryption policy of /data/dalvik-cache set to a28822247562ff2397e5d2936474c1f8 v2 modes 1/10 flags 0xa
[    7.773633] apexd: Found pre-installed APEX /system/apex/com.android.sdkext.apex
[    7.774740] init: Encryption policy of /data/ota set to a28822247562ff2397e5d2936474c1f8 v2 modes 1/10 flags 0xa
[    7.775104] apexd: Found pre-installed APEX /system/apex/com.android.telephonycore.apex
[    7.776221] init: Encryption policy of /data/ota_package set to a28822247562ff2397e5d2936474c1f8 v2 modes 1/10 flags 0xa
[    7.776510] apexd: Found pre-installed APEX /system/apex/com.android.tethering.apex
[    7.777674] init: Encryption policy of /data/resource-cache set to a28822247562ff2397e5d2936474c1f8 v2 modes 1/10 flags 0xa
[    7.778008] apexd: Found pre-installed APEX /system/apex/com.android.tzdata.apex
[    7.779000] init: Not setting encryption policy on: /data/lost+found
[    7.779499] apexd: Found pre-installed APEX /system/apex/com.android.uprobestats.apex
[    7.780371] init: Encryption policy of /data/drm set to a28822247562ff2397e5d2936474c1f8 v2 modes 1/10 flags 0xa
[    7.780554] apexd: Found pre-installed APEX /system/apex/com.android.uwb.apex
[    7.781641] init: Encryption policy of /data/mediadrm set to a28822247562ff2397e5d2936474c1f8 v2 modes 1/10 flags 0xa
[    7.781956] apexd: Found pre-installed APEX /system/apex/com.android.virt.apex
[    7.783063] init: Encryption policy of /data/nfc set to a28822247562ff2397e5d2936474c1f8 v2 modes 1/10 flags 0xa
[    7.783385] apexd: Found pre-installed APEX /system/apex/com.android.webapp.apex
[    7.784577] init: Encryption policy of /data/backup set to a28822247562ff2397e5d2936474c1f8 v2 modes 1/10 flags 0xa
[    7.784777] apexd: Found pre-installed APEX /system/apex/com.android.wifi.apex
[    7.785881] init: Encryption policy of /data/ss set to a28822247562ff2397e5d2936474c1f8 v2 modes 1/10 flags 0xa
[    7.786223] apexd: Scanning /system_ext/apex for pre-installed ApexFiles
[    7.787289] init: Encryption policy of /data/system set to a28822247562ff2397e5d2936474c1f8 v2 modes 1/10 flags 0xa
[    7.787605] apexd: Found pre-installed APEX /system_ext/apex/com.android.compos.apex
[    7.789870] apexd: Found pre-installed APEX /system_ext/apex/com.android.hardware.biometrics.face.virtual.apex
[    7.790110] init: Not setting encryption policy on: /data/media
[    7.790572] apexd: Found pre-installed APEX /system_ext/apex/com.android.hardware.biometrics.fingerprint.virtual.apex
[    7.791244] init: Not setting encryption policy on: /data/misc_ce
[    7.791872] apexd: Found pre-installed APEX /system_ext/apex/com.android.vndk.v31.apex
[    7.792527] init: Not setting encryption policy on: /data/misc_de
[    7.792990] apexd: Found pre-installed APEX /system_ext/apex/com.android.vndk.v32.apex
[    7.793643] init: Not setting encryption policy on: /data/system_ce
[    7.794187] apexd: Found pre-installed APEX /system_ext/apex/com.android.vndk.v33.apex
[    7.794786] init: Not setting encryption policy on: /data/system_de
[    7.795257] apexd: Found pre-installed APEX /system_ext/apex/com.android.vndk.v34.apex
[    7.795866] init: Not setting encryption policy on: /data/user
[    7.796354] apexd: Scanning /product/apex for pre-installed ApexFiles
[    7.796922] init: Not setting encryption policy on: /data/user_de
[    7.797317] apexd: /product/apex does not exist. Skipping
[    7.797905] init: Not setting encryption policy on: /data/vendor_ce
[    7.798221] apexd: Scanning /vendor/apex for pre-installed ApexFiles
[    7.798825] init: Not setting encryption policy on: /data/vendor_de
[    7.799262] apexd: Found pre-installed APEX /vendor/apex/com.android.hardware.audio.apex
[    7.799804] init: Not setting encryption policy on: /data/storage_area
[    7.800306] apexd: Found pre-installed APEX /vendor/apex/com.android.hardware.authsecret.apex
[    7.801070] init: starting service 'casefolding_remover'...
[    7.801472] apexd: Found pre-installed APEX /vendor/apex/com.android.hardware.boot.apex
[    7.789870] apexd: Found pre-installed APEX /system_ext/apex/com.android.hardware.biometrics.face.virtual.apex
[    7.790110] init: Not setting encryption policy on: /data/media
[    7.790572] apexd: Found pre-installed APEX /system_ext/apex/com.android.hardware.biometrics.fingerprint.virtual.apex
[    7.791244] init: Not setting encryption policy on: /data/misc_ce
[    7.791872] apexd: Found pre-installed APEX /system_ext/apex/com.android.vndk.v31.apex
[    7.792527] init: Not setting encryption policy on: /data/misc_de
[    7.792990] apexd: Found pre-installed APEX /system_ext/apex/com.android.vndk.v32.apex
[    7.793643] init: Not setting encryption policy on: /data/system_ce
[    7.794187] apexd: Found pre-installed APEX /system_ext/apex/com.android.vndk.v33.apex
[    7.794786] init: Not setting encryption policy on: /data/system_de
[    7.795257] apexd: Found pre-installed APEX /system_ext/apex/com.android.vndk.v34.apex
[    7.795866] init: Not setting encryption policy on: /data/user
[    7.796354] apexd: Scanning /product/apex for pre-installed ApexFiles
[    7.796922] init: Not setting encryption policy on: /data/user_de
[    7.797317] apexd: /product/apex does not exist. Skipping
[    7.797905] init: Not setting encryption policy on: /data/vendor_ce
[    7.798221] apexd: Scanning /vendor/apex for pre-installed ApexFiles
[    7.798825] init: Not setting encryption policy on: /data/vendor_de
[    7.799262] apexd: Found pre-installed APEX /vendor/apex/com.android.hardware.audio.apex
[    7.799804] init: Not setting encryption policy on: /data/storage_area
[    7.800306] apexd: Found pre-installed APEX /vendor/apex/com.android.hardware.authsecret.apex
[    7.803207] libprocessgroup: Created cgroup /sys/fs/cgroup/system/uid_1023
[    7.803218] apexd: Found pre-installed APEX /vendor/apex/com.android.hardware.cas.apex
[    7.804336] libprocessgroup: Created cgroup /sys/fs/cgroup/system/uid_1023/pid_500
[    7.804346] apexd: Found pre-installed APEX /vendor/apex/com.android.hardware.contexthub.apex
[    7.801070] init: starting service 'casefolding_remover'...
[    7.801472] apexd: Found pre-installed APEX /vendor/apex/com.android.hardware.boot.apex
[    7.803207] libprocessgroup: Created cgroup /sys/fs/cgroup/system/uid_1023
[    7.803218] apexd: Found pre-installed APEX /vendor/apex/com.android.hardware.cas.apex
[    7.804336] libprocessgroup: Created cgroup /sys/fs/cgroup/system/uid_1023/pid_500
[    7.805598] init: ... started service 'casefolding_remover' has pid 500
[    7.805623] apexd: Found pre-installed APEX /vendor/apex/com.android.hardware.drm.clearkey.apex
[    7.804346] apexd: Found pre-installed APEX /vendor/apex/com.android.hardware.contexthub.apex
[    7.805598] init: ... started service 'casefolding_remover' has pid 500
[    7.805623] apexd: Found pre-installed APEX /vendor/apex/com.android.hardware.drm.clearkey.apex
[    7.806940] apexd: Found pre-installed APEX /vendor/apex/com.android.hardware.dumpstate.apex
[    7.806940] apexd: Found pre-installed APEX /vendor/apex/com.android.hardware.dumpstate.apex
[    7.807596] apexd: Found pre-installed APEX /vendor/apex/com.android.hardware.gatekeeper.cf_remote.apex
[    7.807596] apexd: Found pre-installed APEX /vendor/apex/com.android.hardware.gatekeeper.cf_remote.apex
[    7.808290] apexd: Found pre-installed APEX /vendor/apex/com.android.hardware.gatekeeper.nonsecure.apex
[    7.808290] apexd: Found pre-installed APEX /vendor/apex/com.android.hardware.gatekeeper.nonsecure.apex
[    7.808986] apexd: Found pre-installed APEX /vendor/apex/com.android.hardware.gnss.apex
[    7.808986] apexd: Found pre-installed APEX /vendor/apex/com.android.hardware.gnss.apex
[    7.809590] apexd: Found pre-installed APEX /vendor/apex/com.android.hardware.graphics.composer.drm_hwcomposer.apex
[    7.809590] apexd: Found pre-installed APEX /vendor/apex/com.android.hardware.graphics.composer.drm_hwcomposer.apex
[    7.810366] apexd: Found pre-installed APEX /vendor/apex/com.android.hardware.graphics.composer.ranchu.apex
[    7.810366] apexd: Found pre-installed APEX /vendor/apex/com.android.hardware.graphics.composer.ranchu.apex
[    7.811069] apexd: Found pre-installed APEX /vendor/apex/com.android.hardware.input.processor.apex
[    7.811069] apexd: Found pre-installed APEX /vendor/apex/com.android.hardware.input.processor.apex
[    7.811740] apexd: Found pre-installed APEX /vendor/apex/com.android.hardware.keymint.rust_cf_guest_trusty_nonsecure.apex
[    7.811740] apexd: Found pre-installed APEX /vendor/apex/com.android.hardware.keymint.rust_cf_guest_trusty_nonsecure.apex
[    7.812552] apexd: Found pre-installed APEX /vendor/apex/com.android.hardware.keymint.rust_cf_remote.apex
[    7.812552] apexd: Found pre-installed APEX /vendor/apex/com.android.hardware.keymint.rust_cf_remote.apex
[    7.813284] apexd: Found pre-installed APEX /vendor/apex/com.android.hardware.keymint.rust_nonsecure.apex
[    7.813284] apexd: Found pre-installed APEX /vendor/apex/com.android.hardware.keymint.rust_nonsecure.apex
[    7.813980] apexd: Found pre-installed APEX /vendor/apex/com.android.hardware.memtrack.apex
[    7.813980] apexd: Found pre-installed APEX /vendor/apex/com.android.hardware.memtrack.apex
[    7.814613] apexd: Found pre-installed APEX /vendor/apex/com.android.hardware.net.nlinterceptor.apex
[    7.815067] init: Wait for property 'ro.casefolding.adjusted=1' took 8ms
[    7.815277] apexd: Found pre-installed APEX /vendor/apex/com.android.hardware.neuralnetworks.apex
[    7.814613] apexd: Found pre-installed APEX /vendor/apex/com.android.hardware.net.nlinterceptor.apex
[    7.815067] init: Wait for property 'ro.casefolding.adjusted=1' took 8ms
[    7.815277] apexd: Found pre-installed APEX /vendor/apex/com.android.hardware.neuralnetworks.apex
[    7.816594] apexd: Found pre-installed APEX /vendor/apex/com.android.hardware.power.apex
[    7.816594] apexd: Found pre-installed APEX /vendor/apex/com.android.hardware.power.apex
[    7.817220] apexd: Found pre-installed APEX /vendor/apex/com.android.hardware.rebootescrow.apex
[    7.817250] init: Service 'casefolding_remover' (pid 500) exited with status 0 oneshot service took 0.014000 seconds in background
[    7.817829] apexd: Found pre-installed APEX /vendor/apex/com.android.hardware.secure_element.apex
[    7.818843] init: Sending SIGKILL to service 'casefolding_remover' (pid 500) process group...
[    7.819469] apexd: Found pre-installed APEX /vendor/apex/com.android.hardware.security.authgraph.apex
[    7.820192] libprocessgroup: Removed cgroup /sys/fs/cgroup/system/uid_1023/pid_500
[    7.820707] apexd: Found pre-installed APEX /vendor/apex/com.android.hardware.security.secretkeeper.apex
[    7.817220] apexd: Found pre-installed APEX /vendor/apex/com.android.hardware.rebootescrow.apex
[    7.817250] init: Service 'casefolding_remover' (pid 500) exited with status 0 oneshot service took 0.014000 seconds in background
[    7.817829] apexd: Found pre-installed APEX /vendor/apex/com.android.hardware.secure_element.apex
[    7.818843] init: Sending SIGKILL to service 'casefolding_remover' (pid 500) process group...
[    7.819469] apexd: Found pre-installed APEX /vendor/apex/com.android.hardware.security.authgraph.apex
[    7.820192] libprocessgroup: Removed cgroup /sys/fs/cgroup/system/uid_1023/pid_500
[    7.820707] apexd: Found pre-installed APEX /vendor/apex/com.android.hardware.security.secretkeeper.apex
[    7.822239] apexd: Found pre-installed APEX /vendor/apex/com.android.hardware.tetheroffload.apex
[    7.822239] apexd: Found pre-installed APEX /vendor/apex/com.android.hardware.tetheroffload.apex
[    7.822882] apexd: Found pre-installed APEX /vendor/apex/com.android.hardware.thermal.apex
[    7.822882] apexd: Found pre-installed APEX /vendor/apex/com.android.hardware.thermal.apex
[    7.823500] apexd: Found pre-installed APEX /vendor/apex/com.android.hardware.threadnetwork.apex
[    7.823500] apexd: Found pre-installed APEX /vendor/apex/com.android.hardware.threadnetwork.apex
[    7.824157] apexd: Found pre-installed APEX /vendor/apex/com.android.hardware.usb.apex
[    7.824157] apexd: Found pre-installed APEX /vendor/apex/com.android.hardware.usb.apex
[    7.824740] apexd: Found pre-installed APEX /vendor/apex/com.android.hardware.uwb.apex
[    7.824740] apexd: Found pre-installed APEX /vendor/apex/com.android.hardware.uwb.apex
[    7.825355] apexd: Found pre-installed APEX /vendor/apex/com.android.hardware.vibrator.apex
[    7.825355] apexd: Found pre-installed APEX /vendor/apex/com.android.hardware.vibrator.apex
[    7.825962] apexd: Found pre-installed APEX /vendor/apex/com.android.hardware.wifi.apex
[    7.825962] apexd: Found pre-installed APEX /vendor/apex/com.android.hardware.wifi.apex
[    7.826581] apexd: Found pre-installed APEX /vendor/apex/com.google.cf.bt.apex
[    7.826581] apexd: Found pre-installed APEX /vendor/apex/com.google.cf.bt.apex
[    7.827143] apexd: Found pre-installed APEX /vendor/apex/com.google.cf.confirmationui.apex
[    7.827143] apexd: Found pre-installed APEX /vendor/apex/com.google.cf.confirmationui.apex
[    7.827821] apexd: Found pre-installed APEX /vendor/apex/com.google.cf.disabled.apex
[    7.827821] apexd: Found pre-installed APEX /vendor/apex/com.google.cf.disabled.apex
[    7.828405] apexd: Found pre-installed APEX /vendor/apex/com.google.cf.gralloc.apex
[    7.828405] apexd: Found pre-installed APEX /vendor/apex/com.google.cf.gralloc.apex
[    7.828973] apexd: Found pre-installed APEX /vendor/apex/com.google.cf.health.apex
[    7.828973] apexd: Found pre-installed APEX /vendor/apex/com.google.cf.health.apex
[    7.829558] apexd: Found pre-installed APEX /vendor/apex/com.google.cf.identity.apex
[    7.829907] init: Encryption policy of /data/cache set to a28822247562ff2397e5d2936474c1f8 v2 modes 1/10 flags 0xa
[    7.830122] apexd: Found pre-installed APEX /vendor/apex/com.google.cf.input.config.apex
[    7.831319] init: Encryption policy of /data/rollback set to a28822247562ff2397e5d2936474c1f8 v2 modes 1/10 flags 0xa
[    7.831432] apexd: Found pre-installed APEX /vendor/apex/com.google.cf.ir.apex
[    7.832345] init: Encryption policy of /data/rollback-observer set to a28822247562ff2397e5d2936474c1f8 v2 modes 1/10 flags 0xa
[    7.832723] apexd: Found pre-installed APEX /vendor/apex/com.google.cf.light.apex
[    7.833684] init: Encryption policy of /data/rollback-history set to a28822247562ff2397e5d2936474c1f8 v2 modes 1/10 flags 0xa
[    7.834080] apexd: Found pre-installed APEX /vendor/apex/com.google.cf.nfc.apex
[    7.834977] init: Encryption policy of /data/incremental set to a28822247562ff2397e5d2936474c1f8 v2 modes 1/10 flags 0xa
[    7.835391] apexd: Found pre-installed APEX /vendor/apex/com.google.cf.oemlock.apex
[    7.829558] apexd: Found pre-installed APEX /vendor/apex/com.google.cf.identity.apex
[    7.829907] init: Encryption policy of /data/cache set to a28822247562ff2397e5d2936474c1f8 v2 modes 1/10 flags 0xa
[    7.830122] apexd: Found pre-installed APEX /vendor/apex/com.google.cf.input.config.apex
[    7.831319] init: Encryption policy of /data/rollback set to a28822247562ff2397e5d2936474c1f8 v2 modes 1/10 flags 0xa
[    7.831432] apexd: Found pre-installed APEX /vendor/apex/com.google.cf.ir.apex
[    7.832345] init: Encryption policy of /data/rollback-observer set to a28822247562ff2397e5d2936474c1f8 v2 modes 1/10 flags 0xa
[    7.832723] apexd: Found pre-installed APEX /vendor/apex/com.google.cf.light.apex
[    7.833684] init: Encryption policy of /data/rollback-history set to a28822247562ff2397e5d2936474c1f8 v2 modes 1/10 flags 0xa
[    7.834080] apexd: Found pre-installed APEX /vendor/apex/com.google.cf.nfc.apex
[    7.834977] init: Encryption policy of /data/incremental set to a28822247562ff2397e5d2936474c1f8 v2 modes 1/10 flags 0xa
[    7.835391] apexd: Found pre-installed APEX /vendor/apex/com.google.cf.oemlock.apex
[    7.837137] apexd: Found pre-installed APEX /vendor/apex/com.google.cf.rild.apex
[    7.837137] apexd: Found pre-installed APEX /vendor/apex/com.google.cf.rild.apex
[    7.837686] apexd: Found pre-installed APEX /vendor/apex/com.google.cf.vulkan.apex
[    7.837686] apexd: Found pre-installed APEX /vendor/apex/com.google.cf.vulkan.apex
[    7.838264] apexd: Found pre-installed APEX /vendor/apex/com.google.cf.wifi.apex
[    7.838264] apexd: Found pre-installed APEX /vendor/apex/com.google.cf.wifi.apex
[    7.838808] apexd: Found pre-installed APEX /vendor/apex/com.google.cf.wpa_supplicant.apex
[    7.838808] apexd: Found pre-installed APEX /vendor/apex/com.google.cf.wpa_supplicant.apex
[    7.839414] apexd: Found pre-installed APEX /vendor/apex/com.google.emulated.camera.provider.hal.apex
[    7.839414] apexd: Found pre-installed APEX /vendor/apex/com.google.emulated.camera.provider.hal.apex
[    7.840104] apexd: Found pre-installed APEX /vendor/apex/com.google.emulated.camera.provider.hal.v4l2.apex
[    7.840104] apexd: Found pre-installed APEX /vendor/apex/com.google.emulated.camera.provider.hal.v4l2.apex
[    7.840803] apexd: Scanning /odm/apex for pre-installed ApexFiles
[    7.840803] apexd: Scanning /odm/apex for pre-installed ApexFiles
[    7.841317] apexd: /odm/apex does not exist. Skipping
[    7.841317] apexd: /odm/apex does not exist. Skipping
[    7.853018] apexd: Skipping APEX at path /vendor/apex/com.android.hardware.gatekeeper.cf_remote.apex because it does not match expected multi-install APEX property for com.android.hardware.gatekeeper
[    7.853018] apexd: Skipping APEX at path /vendor/apex/com.android.hardware.gatekeeper.cf_remote.apex because it does not match expected multi-install APEX property for com.android.hardware.gatekeeper
[    7.854735] apexd: Skipping APEX at path /vendor/apex/com.android.hardware.graphics.composer.drm_hwcomposer.apex because it does not match expected multi-install APEX property for com.android.hardware.graphics.composer
[    7.854735] apexd: Skipping APEX at path /vendor/apex/com.android.hardware.graphics.composer.drm_hwcomposer.apex because it does not match expected multi-install APEX property for com.android.hardware.graphics.composer
[    7.856571] apexd: Skipping APEX at path /vendor/apex/com.android.hardware.keymint.rust_cf_guest_trusty_nonsecure.apex because it does not match expected multi-install APEX property for com.android.hardware.keymint
[    7.856571] apexd: Skipping APEX at path /vendor/apex/com.android.hardware.keymint.rust_cf_guest_trusty_nonsecure.apex because it does not match expected multi-install APEX property for com.android.hardware.keymint
[    7.858339] apexd: Skipping APEX at path /vendor/apex/com.android.hardware.keymint.rust_cf_remote.apex because it does not match expected multi-install APEX property for com.android.hardware.keymint
[    7.858339] apexd: Skipping APEX at path /vendor/apex/com.android.hardware.keymint.rust_cf_remote.apex because it does not match expected multi-install APEX property for com.android.hardware.keymint
[    7.859798] apexd: Skipping APEX at path /vendor/apex/com.google.cf.disabled.apex because it's disabled via sysprop.
[    7.859798] apexd: Skipping APEX at path /vendor/apex/com.google.cf.disabled.apex because it's disabled via sysprop.
[    7.860632] apexd: Skipping APEX at path /vendor/apex/com.google.emulated.camera.provider.hal.v4l2.apex because it does not match expected multi-install APEX property for com.google.emulated.camera.provider.hal
[    7.860632] apexd: Skipping APEX at path /vendor/apex/com.google.emulated.camera.provider.hal.v4l2.apex because it does not match expected multi-install APEX property for com.google.emulated.camera.provider.hal
[    7.862019] apexd: Successfully scanned 87 preinstalled APEXes duration=119ms
[    7.862019] apexd: Successfully scanned 87 preinstalled APEXes duration=119ms
[    7.862621] apexd: Populating APEX database from mounts...
[    7.862621] apexd: Populating APEX database from mounts...
[    7.863242] apexd: Found "/apex/com.android.hardware.threadnetwork@1" backed by file /vendor/apex/com.android.hardware.threadnetwork.apex
[    7.863242] apexd: Found "/apex/com.android.hardware.threadnetwork@1" backed by file /vendor/apex/com.android.hardware.threadnetwork.apex
[    7.864178] apexd: Found "/apex/com.google.cf.confirmationui@1" backed by file /vendor/apex/com.google.cf.confirmationui.apex
[    7.864178] apexd: Found "/apex/com.google.cf.confirmationui@1" backed by file /vendor/apex/com.google.cf.confirmationui.apex
[    7.865040] apexd: Found "/apex/com.android.hardware.ir@1" backed by file /vendor/apex/com.google.cf.ir.apex
[    7.865040] apexd: Found "/apex/com.android.hardware.ir@1" backed by file /vendor/apex/com.google.cf.ir.apex
[    7.865829] apexd: Found "/apex/com.google.cf.gralloc@1" backed by file /vendor/apex/com.google.cf.gralloc.apex
[    7.865829] apexd: Found "/apex/com.google.cf.gralloc@1" backed by file /vendor/apex/com.google.cf.gralloc.apex
[    7.866678] apexd: Found "/apex/com.android.hardware.tetheroffload@1" backed by file /vendor/apex/com.android.hardware.tetheroffload.apex
[    7.866678] apexd: Found "/apex/com.android.hardware.tetheroffload@1" backed by file /vendor/apex/com.android.hardware.tetheroffload.apex
[    7.867684] apexd: Found "/apex/com.google.cf.light@1" backed by file /vendor/apex/com.google.cf.light.apex
[    7.867684] apexd: Found "/apex/com.google.cf.light@1" backed by file /vendor/apex/com.google.cf.light.apex
[    7.868440] apexd: Found "/apex/com.android.hardware.keymint@1" backed by file /vendor/apex/com.android.hardware.keymint.rust_nonsecure.apex
[    7.868440] apexd: Found "/apex/com.android.hardware.keymint@1" backed by file /vendor/apex/com.android.hardware.keymint.rust_nonsecure.apex
[    7.870027] apexd: Found "/apex/com.android.hardware.security.authgraph@1" backed by file /vendor/apex/com.android.hardware.security.authgraph.apex
[    7.870027] apexd: Found "/apex/com.android.hardware.security.authgraph@1" backed by file /vendor/apex/com.android.hardware.security.authgraph.apex
[    7.871005] apexd: Found "/apex/com.android.resolv@370399999" backed by file /system/apex/com.android.resolv.apex
[    7.871005] apexd: Found "/apex/com.android.resolv@370399999" backed by file /system/apex/com.android.resolv.apex
[    7.871784] apexd: Found "/apex/com.android.hardware.vibrator@1" backed by file /vendor/apex/com.android.hardware.vibrator.apex
[    7.871784] apexd: Found "/apex/com.android.hardware.vibrator@1" backed by file /vendor/apex/com.android.hardware.vibrator.apex
[    7.872644] apexd: Found "/apex/com.android.hardware.thermal@1" backed by file /vendor/apex/com.android.hardware.thermal.apex
[    7.872644] apexd: Found "/apex/com.android.hardware.thermal@1" backed by file /vendor/apex/com.android.hardware.thermal.apex
[    7.873564] apexd: Found "/apex/com.android.vndk.v34@1" backed by file /system_ext/apex/com.android.vndk.v34.apex
[    7.873564] apexd: Found "/apex/com.android.vndk.v34@1" backed by file /system_ext/apex/com.android.vndk.v34.apex
[    7.874371] apexd: Found "/apex/com.android.configinfrastructure@370399999" backed by file /system/apex/com.android.configinfrastructure.apex
[    7.874371] apexd: Found "/apex/com.android.configinfrastructure@370399999" backed by file /system/apex/com.android.configinfrastructure.apex
[    7.875345] apexd: Found "/apex/com.android.uwb@370399999" backed by file /system/apex/com.android.uwb.apex
[    7.875345] apexd: Found "/apex/com.android.uwb@370399999" backed by file /system/apex/com.android.uwb.apex
[    7.876069] apexd: Found "/apex/com.android.telephonycore@370399999" backed by file /system/apex/com.android.telephonycore.apex
[    7.876069] apexd: Found "/apex/com.android.telephonycore@370399999" backed by file /system/apex/com.android.telephonycore.apex
[    7.876939] apexd: Found "/apex/com.google.cf.bt@1" backed by file /vendor/apex/com.google.cf.bt.apex
[    7.876939] apexd: Found "/apex/com.google.cf.bt@1" backed by file /vendor/apex/com.google.cf.bt.apex
[    7.877659] apexd: Found "/apex/com.android.hardware.usb@1" backed by file /vendor/apex/com.android.hardware.usb.apex
[    7.877659] apexd: Found "/apex/com.android.hardware.usb@1" backed by file /vendor/apex/com.android.hardware.usb.apex
[    7.878456] apexd: Found "/apex/com.android.hardware.authsecret@1" backed by file /vendor/apex/com.android.hardware.authsecret.apex
[    7.878456] apexd: Found "/apex/com.android.hardware.authsecret@1" backed by file /vendor/apex/com.android.hardware.authsecret.apex
[    7.879357] apexd: Found "/apex/com.google.cf.nfc@1" backed by file /vendor/apex/com.google.cf.nfc.apex
[    7.879357] apexd: Found "/apex/com.google.cf.nfc@1" backed by file /vendor/apex/com.google.cf.nfc.apex
[    7.880080] apexd: Found "/apex/com.android.crashrecovery@370399999" backed by file /system/apex/com.android.crashrecovery.apex
[    7.880080] apexd: Found "/apex/com.android.crashrecovery@370399999" backed by file /system/apex/com.android.crashrecovery.apex
[    7.880947] apexd: Found "/apex/com.android.hardware.rebootescrow@1" backed by file /vendor/apex/com.android.hardware.rebootescrow.apex
[    7.880947] apexd: Found "/apex/com.android.hardware.rebootescrow@1" backed by file /vendor/apex/com.android.hardware.rebootescrow.apex
[    7.881861] apexd: Found "/apex/com.android.neuralnetworks@370399999" backed by file /system/apex/com.android.neuralnetworks.apex
[    7.881861] apexd: Found "/apex/com.android.neuralnetworks@370399999" backed by file /system/apex/com.android.neuralnetworks.apex
[    7.882726] apexd: Found "/apex/com.android.nfcservices@370399999" backed by file /system/apex/com.android.nfcservices.apex
[    7.882726] apexd: Found "/apex/com.android.nfcservices@370399999" backed by file /system/apex/com.android.nfcservices.apex
[    7.883561] apexd: Found "/apex/com.android.adservices@370399999" backed by file /system/apex/com.android.adservices.apex
[    7.883561] apexd: Found "/apex/com.android.adservices@370399999" backed by file /system/apex/com.android.adservices.apex
[    7.884381] apexd: Found "/apex/com.android.hardware.audio@1" backed by file /vendor/apex/com.android.hardware.audio.apex
[    7.884381] apexd: Found "/apex/com.android.hardware.audio@1" backed by file /vendor/apex/com.android.hardware.audio.apex
[    7.885241] apexd: Found "/apex/com.android.cellbroadcast@370399999" backed by file /system/apex/com.android.cellbroadcast.apex
[    7.885241] apexd: Found "/apex/com.android.cellbroadcast@370399999" backed by file /system/apex/com.android.cellbroadcast.apex
[    7.886099] apexd: Found "/apex/com.google.cf.input.config@1" backed by file /vendor/apex/com.google.cf.input.config.apex
[    7.886099] apexd: Found "/apex/com.google.cf.input.config@1" backed by file /vendor/apex/com.google.cf.input.config.apex
[    7.886935] apexd: Found "/apex/com.android.extservices@370399999" backed by file /system/apex/com.android.extservices.apex
[    7.886935] apexd: Found "/apex/com.android.extservices@370399999" backed by file /system/apex/com.android.extservices.apex
[    7.887782] apexd: Found "/apex/com.android.hardware.cas@1" backed by file /vendor/apex/com.android.hardware.cas.apex
[    7.887782] apexd: Found "/apex/com.android.hardware.cas@1" backed by file /vendor/apex/com.android.hardware.cas.apex
[    7.888578] apexd: Found "/apex/com.android.art@370399999" backed by file /system/apex/com.android.art.apex
[    7.888578] apexd: Found "/apex/com.android.art@370399999" backed by file /system/apex/com.android.art.apex
[    7.889325] apexd: Found "/apex/com.android.hardware.graphics.composer@1" backed by file /vendor/apex/com.android.hardware.graphics.composer.ranchu.apex
[    7.889325] apexd: Found "/apex/com.android.hardware.graphics.composer@1" backed by file /vendor/apex/com.android.hardware.graphics.composer.ranchu.apex
[    7.890330] apexd: Found "/apex/com.android.scheduling@370399999" backed by file /system/apex/com.android.scheduling.apex
[    7.890330] apexd: Found "/apex/com.android.scheduling@370399999" backed by file /system/apex/com.android.scheduling.apex
[    7.891168] apexd: Found "/apex/com.android.hardware.gnss@1" backed by file /vendor/apex/com.android.hardware.gnss.apex
[    7.891168] apexd: Found "/apex/com.android.hardware.gnss@1" backed by file /vendor/apex/com.android.hardware.gnss.apex
[    7.892019] apexd: Found "/apex/com.google.cf.identity@1" backed by file /vendor/apex/com.google.cf.identity.apex
[    7.892019] apexd: Found "/apex/com.google.cf.identity@1" backed by file /vendor/apex/com.google.cf.identity.apex
[    7.892791] apexd: Found "/apex/com.android.hardware.memtrack@1" backed by file /vendor/apex/com.android.hardware.memtrack.apex
[    7.892791] apexd: Found "/apex/com.android.hardware.memtrack@1" backed by file /vendor/apex/com.android.hardware.memtrack.apex
[    7.893676] apexd: Found "/apex/com.android.appsearch@370399999" backed by file /system/apex/com.android.appsearch.apex
[    7.893676] apexd: Found "/apex/com.android.appsearch@370399999" backed by file /system/apex/com.android.appsearch.apex
[    7.894505] apexd: Found "/apex/com.android.hardware.wifi@1" backed by file /vendor/apex/com.android.hardware.wifi.apex
[    7.894505] apexd: Found "/apex/com.android.hardware.wifi@1" backed by file /vendor/apex/com.android.hardware.wifi.apex
[    7.895317] apexd: Found "/apex/com.google.cf.wifi@1" backed by file /vendor/apex/com.google.cf.wifi.apex
[    7.895317] apexd: Found "/apex/com.google.cf.wifi@1" backed by file /vendor/apex/com.google.cf.wifi.apex
[    7.896036] apexd: Found "/apex/com.android.ondevicepersonalization@370399999" backed by file /system/apex/com.android.ondevicepersonalization.apex
[    7.896036] apexd: Found "/apex/com.android.ondevicepersonalization@370399999" backed by file /system/apex/com.android.ondevicepersonalization.apex
[    7.897037] apexd: Found "/apex/com.android.hardware.input.processor@1" backed by file /vendor/apex/com.android.hardware.input.processor.apex
[    7.897037] apexd: Found "/apex/com.android.hardware.input.processor@1" backed by file /vendor/apex/com.android.hardware.input.processor.apex
[    7.897976] apexd: Found "/apex/com.google.cf.rild@1" backed by file /vendor/apex/com.google.cf.rild.apex
[    7.897976] apexd: Found "/apex/com.google.cf.rild@1" backed by file /vendor/apex/com.google.cf.rild.apex
[    7.898751] apexd: Found "/apex/com.android.conscrypt@370399999" backed by file /system/apex/com.android.conscrypt.apex
[    7.898751] apexd: Found "/apex/com.android.conscrypt@370399999" backed by file /system/apex/com.android.conscrypt.apex
[    7.899697] apexd: Found "/apex/com.android.i18n@1" backed by file /system/apex/com.android.i18n.apex
[    7.899697] apexd: Found "/apex/com.android.i18n@1" backed by file /system/apex/com.android.i18n.apex
[    7.900572] apexd: Found "/apex/com.android.tethering@370399999" backed by file /system/apex/com.android.tethering.apex
[    7.900572] apexd: Found "/apex/com.android.tethering@370399999" backed by file /system/apex/com.android.tethering.apex
[    7.901668] apexd: Found "/apex/com.android.profiling@370399999" backed by file /system/apex/com.android.profiling.apex
[    7.901668] apexd: Found "/apex/com.android.profiling@370399999" backed by file /system/apex/com.android.profiling.apex
[    7.902684] apexd: Found "/apex/com.android.hardware.net.nlinterceptor@1" backed by file /vendor/apex/com.android.hardware.net.nlinterceptor.apex
[    7.902684] apexd: Found "/apex/com.android.hardware.net.nlinterceptor@1" backed by file /vendor/apex/com.android.hardware.net.nlinterceptor.apex
[    7.903927] apexd: Found "/apex/com.google.cf.wpa_supplicant@1" backed by file /vendor/apex/com.google.cf.wpa_supplicant.apex
[    7.903927] apexd: Found "/apex/com.google.cf.wpa_supplicant@1" backed by file /vendor/apex/com.google.cf.wpa_supplicant.apex
[    7.905096] apexd: Found "/apex/com.android.compos@370399999" backed by file /system_ext/apex/com.android.compos.apex
[    7.905096] apexd: Found "/apex/com.android.compos@370399999" backed by file /system_ext/apex/com.android.compos.apex
[    7.905921] apexd: Found "/apex/com.android.sdkext@370399999" backed by file /system/apex/com.android.sdkext.apex
[    7.905921] apexd: Found "/apex/com.android.sdkext@370399999" backed by file /system/apex/com.android.sdkext.apex
[    7.906763] apexd: Found "/apex/com.android.hardware.gatekeeper@1" backed by file /vendor/apex/com.android.hardware.gatekeeper.nonsecure.apex
[    7.906763] apexd: Found "/apex/com.android.hardware.gatekeeper@1" backed by file /vendor/apex/com.android.hardware.gatekeeper.nonsecure.apex
[    7.907738] apexd: Found "/apex/com.android.webapp@370399999" backed by file /system/apex/com.android.webapp.apex
[    7.907738] apexd: Found "/apex/com.android.webapp@370399999" backed by file /system/apex/com.android.webapp.apex
[    7.908522] apexd: Found "/apex/com.android.media@370399999" backed by file /system/apex/com.android.media.apex
[    7.908522] apexd: Found "/apex/com.android.media@370399999" backed by file /system/apex/com.android.media.apex
[    7.909298] apexd: Found "/apex/com.android.healthfitness@370399999" backed by file /system/apex/com.android.healthfitness.apex
[    7.909298] apexd: Found "/apex/com.android.healthfitness@370399999" backed by file /system/apex/com.android.healthfitness.apex
[    7.910171] apexd: Found "/apex/com.android.hardware.neuralnetworks@1" backed by file /vendor/apex/com.android.hardware.neuralnetworks.apex
[    7.910171] apexd: Found "/apex/com.android.hardware.neuralnetworks@1" backed by file /vendor/apex/com.android.hardware.neuralnetworks.apex
[    7.911158] apexd: Found "/apex/com.android.apex.cts.shim@1" backed by file /system/apex/com.android.apex.cts.shim.apex
[    7.911158] apexd: Found "/apex/com.android.apex.cts.shim@1" backed by file /system/apex/com.android.apex.cts.shim.apex
[    7.911971] apexd: Found "/apex/com.android.npumanager@370399999" backed by file /system/apex/com.android.npumanager.apex
[    7.911971] apexd: Found "/apex/com.android.npumanager@370399999" backed by file /system/apex/com.android.npumanager.apex
[    7.912802] apexd: Found "/apex/com.android.hardware.biometrics.fingerprint.virtual@1" backed by file /system_ext/apex/com.android.hardware.biometrics.fingerprint.virtual.apex
[    7.912802] apexd: Found "/apex/com.android.hardware.biometrics.fingerprint.virtual@1" backed by file /system_ext/apex/com.android.hardware.biometrics.fingerprint.virtual.apex
[    7.914052] apexd: Found "/apex/com.google.cf.health@1" backed by file /vendor/apex/com.google.cf.health.apex
[    7.914052] apexd: Found "/apex/com.google.cf.health@1" backed by file /vendor/apex/com.google.cf.health.apex
[    7.914882] apexd: Found "/apex/com.android.media.swcodec@370399999" backed by file /system/apex/com.android.media.swcodec.apex
[    7.914882] apexd: Found "/apex/com.android.media.swcodec@370399999" backed by file /system/apex/com.android.media.swcodec.apex
[    7.915778] apexd: Found "/apex/com.google.emulated.camera.provider.hal@1" backed by file /vendor/apex/com.google.emulated.camera.provider.hal.apex
[    7.915778] apexd: Found "/apex/com.google.emulated.camera.provider.hal@1" backed by file /vendor/apex/com.google.emulated.camera.provider.hal.apex
[    7.916807] apexd: Found "/apex/com.android.vndk.v32@1" backed by file /system_ext/apex/com.android.vndk.v32.apex
[    7.916807] apexd: Found "/apex/com.android.vndk.v32@1" backed by file /system_ext/apex/com.android.vndk.v32.apex
[    7.917614] apexd: Found "/apex/com.android.hardware.biometrics.face.virtual@2" backed by file /system_ext/apex/com.android.hardware.biometrics.face.virtual.apex
[    7.917614] apexd: Found "/apex/com.android.hardware.biometrics.face.virtual@2" backed by file /system_ext/apex/com.android.hardware.biometrics.face.virtual.apex
[    7.918687] apexd: Found "/apex/com.android.hardware.security.secretkeeper@1" backed by file /vendor/apex/com.android.hardware.security.secretkeeper.apex
[    7.918687] apexd: Found "/apex/com.android.hardware.security.secretkeeper@1" backed by file /vendor/apex/com.android.hardware.security.secretkeeper.apex
[    7.919717] apexd: Found "/apex/com.android.vndk.v31@1" backed by file /system_ext/apex/com.android.vndk.v31.apex
[    7.919717] apexd: Found "/apex/com.android.vndk.v31@1" backed by file /system_ext/apex/com.android.vndk.v31.apex
[    7.920505] apexd: Found "/apex/com.android.uprobestats@370399999" backed by file /system/apex/com.android.uprobestats.apex
[    7.920505] apexd: Found "/apex/com.android.uprobestats@370399999" backed by file /system/apex/com.android.uprobestats.apex
[    7.921372] apexd: Found "/apex/com.android.ipsec@370399999" backed by file /system/apex/com.android.ipsec.apex
[    7.921372] apexd: Found "/apex/com.android.ipsec@370399999" backed by file /system/apex/com.android.ipsec.apex
[    7.922422] apexd: Found "/apex/com.android.vndk.v33@1" backed by file /system_ext/apex/com.android.vndk.v33.apex
[    7.922422] apexd: Found "/apex/com.android.vndk.v33@1" backed by file /system_ext/apex/com.android.vndk.v33.apex
[    7.923521] apexd: Found "/apex/com.android.mediaprovider@370399999" backed by file /system/apex/com.android.mediaprovider.apex
[    7.923521] apexd: Found "/apex/com.android.mediaprovider@370399999" backed by file /system/apex/com.android.mediaprovider.apex
[    7.924425] apexd: Found "/apex/com.android.hardware.power@1" backed by file /vendor/apex/com.android.hardware.power.apex
[    7.924425] apexd: Found "/apex/com.android.hardware.power@1" backed by file /vendor/apex/com.android.hardware.power.apex
[    7.925276] apexd: Found "/apex/com.android.devicelock@1" backed by file /system/apex/com.android.devicelock.apex
[    7.925276] apexd: Found "/apex/com.android.devicelock@1" backed by file /system/apex/com.android.devicelock.apex
[    7.926063] apexd: Found "/apex/com.android.hardware.dumpstate@1" backed by file /vendor/apex/com.android.hardware.dumpstate.apex
[    7.926063] apexd: Found "/apex/com.android.hardware.dumpstate@1" backed by file /vendor/apex/com.android.hardware.dumpstate.apex
[    7.926939] apexd: Found "/apex/com.android.hardware.secure_element@1" backed by file /vendor/apex/com.android.hardware.secure_element.apex
[    7.926939] apexd: Found "/apex/com.android.hardware.secure_element@1" backed by file /vendor/apex/com.android.hardware.secure_element.apex
[    7.927868] apexd: Found "/apex/com.google.cf.vulkan@1" backed by file /vendor/apex/com.google.cf.vulkan.apex
[    7.927868] apexd: Found "/apex/com.google.cf.vulkan@1" backed by file /vendor/apex/com.google.cf.vulkan.apex
[    7.928626] apexd: Found "/apex/com.android.adbd@370399999" backed by file /system/apex/com.android.adbd.apex
[    7.928626] apexd: Found "/apex/com.android.adbd@370399999" backed by file /system/apex/com.android.adbd.apex
[    7.929396] apexd: Found "/apex/com.android.hardware.contexthub@1" backed by file /vendor/apex/com.android.hardware.contexthub.apex
[    7.929396] apexd: Found "/apex/com.android.hardware.contexthub@1" backed by file /vendor/apex/com.android.hardware.contexthub.apex
[    7.930286] apexd: Found "/apex/com.android.permission@370399999" backed by file /system/apex/com.android.permission.apex
[    7.930286] apexd: Found "/apex/com.android.permission@370399999" backed by file /system/apex/com.android.permission.apex
[    7.931223] apexd: Found "/apex/com.android.hardware.drm.clearkey@1" backed by file /vendor/apex/com.android.hardware.drm.clearkey.apex
[    7.931223] apexd: Found "/apex/com.android.hardware.drm.clearkey@1" backed by file /vendor/apex/com.android.hardware.drm.clearkey.apex
[    7.932176] apexd: Found "/apex/com.android.tzdata@370399999" backed by file /system/apex/com.android.tzdata.apex
[    7.932176] apexd: Found "/apex/com.android.tzdata@370399999" backed by file /system/apex/com.android.tzdata.apex
[    7.933112] apexd: Found "/apex/com.android.hardware.uwb@1" backed by file /vendor/apex/com.android.hardware.uwb.apex
[    7.933112] apexd: Found "/apex/com.android.hardware.uwb@1" backed by file /vendor/apex/com.android.hardware.uwb.apex
[    7.934018] apexd: Found "/apex/com.android.virt@370399999" backed by file /system/apex/com.android.virt.apex
[    7.934018] apexd: Found "/apex/com.android.virt@370399999" backed by file /system/apex/com.android.virt.apex
[    7.934804] apexd: Found "/apex/com.google.cf.oemlock@1" backed by file /vendor/apex/com.google.cf.oemlock.apex
[    7.934804] apexd: Found "/apex/com.google.cf.oemlock@1" backed by file /vendor/apex/com.google.cf.oemlock.apex
[    7.935565] apexd: Found "/apex/com.android.rkpd@370399999" backed by file /system/apex/com.android.rkpd.apex
[    7.935565] apexd: Found "/apex/com.android.rkpd@370399999" backed by file /system/apex/com.android.rkpd.apex
[    7.936320] apexd: Found "/apex/com.android.bt@370399999" backed by file /system/apex/com.android.bt.apex
[    7.936320] apexd: Found "/apex/com.android.bt@370399999" backed by file /system/apex/com.android.bt.apex
[    7.937055] apexd: Found "/apex/com.android.wifi@370399999" backed by file /system/apex/com.android.wifi.apex
[    7.937055] apexd: Found "/apex/com.android.wifi@370399999" backed by file /system/apex/com.android.wifi.apex
[    7.937819] apexd: Found "/apex/com.android.hardware.boot@1" backed by file /vendor/apex/com.android.hardware.boot.apex
[    7.937819] apexd: Found "/apex/com.android.hardware.boot@1" backed by file /vendor/apex/com.android.hardware.boot.apex
[    7.938627] apexd: Found "/apex/com.android.os.statsd@370399999" backed by file /system/apex/com.android.os.statsd.apex
[    7.938627] apexd: Found "/apex/com.android.os.statsd@370399999" backed by file /system/apex/com.android.os.statsd.apex
[    7.939532] apexd: Found "/apex/com.android.runtime@1" backed by file /system/apex/com.android.runtime.apex
[    7.939532] apexd: Found "/apex/com.android.runtime@1" backed by file /system/apex/com.android.runtime.apex
[    7.940671] apexd: 87 packages restored.
[    7.940671] apexd: 87 packages restored.
[    7.941301] apexd: Marking APEXd as starting
[    7.941301] apexd: Marking APEXd as starting
[    7.942419] apexd: OnStart done, duration=0
[    7.942419] apexd: OnStart done, duration=0
[    7.942758] libbinder.AidlLazyServiceRegistrar: Registering service apexservice
[    7.942758] libbinder.AidlLazyServiceRegistrar: Registering service apexservice
[    7.943502] apexd: Marking APEXd as activated
[    7.943502] apexd: Marking APEXd as activated
[    7.943935] init: Wait for property 'apexd.status=activated' took 106ms
[    7.944026] servicemanager: Notifying apexservice they do (previously: don't) have clients when service is guaranteed to be in use
[    7.943935] init: Wait for property 'apexd.status=activated' took 106ms
[    7.944026] servicemanager: Notifying apexservice they do (previously: don't) have clients when service is guaranteed to be in use
[    7.945467] libbinder.AidlLazyServiceRegistrar: Process has 1 (of 1 available) client(s) in use after notification apexservice has clients: 1
[    7.945697] apexd: getActivePackages received by ApexService
[    7.946553] libbinder.AidlLazyServiceRegistrar: Shutdown prevented by forcePersist override flag.
[    7.945467] libbinder.AidlLazyServiceRegistrar: Process has 1 (of 1 available) client(s) in use after notification apexservice has clients: 1
[    7.945697] apexd: getActivePackages received by ApexService
[    7.946553] libbinder.AidlLazyServiceRegistrar: Shutdown prevented by forcePersist override flag.
[    7.956495] init: Wait for property 'keystore.module_hash.sent=true' took 11ms
[    7.956495] init: Wait for property 'keystore.module_hash.sent=true' took 11ms
[    7.965042] init: starting service 'system_aconfigd_socket_service'...
[    7.965042] init: starting service 'system_aconfigd_socket_service'...
[    7.965776] init: Created socket '/dev/socket/aconfigd_system', mode 666, user 1000, group 1000
[    7.965776] init: Created socket '/dev/socket/aconfigd_system', mode 666, user 1000, group 1000
[    7.967420] libprocessgroup: Created cgroup /sys/fs/cgroup/system/uid_1000/pid_597
[    7.967420] libprocessgroup: Created cgroup /sys/fs/cgroup/system/uid_1000/pid_597
[    7.968782] init: ... started service 'system_aconfigd_socket_service' has pid 597
[    7.968782] init: ... started service 'system_aconfigd_socket_service' has pid 597
[    7.969623] init: starting service 'mainline_aconfigd_init'...
[    7.969623] init: starting service 'mainline_aconfigd_init'...
[    7.970768] libprocessgroup: Created cgroup /sys/fs/cgroup/system/uid_1000/pid_598
[    7.970768] libprocessgroup: Created cgroup /sys/fs/cgroup/system/uid_1000/pid_598
[    7.972048] init: ... started service 'mainline_aconfigd_init' has pid 598
[    7.972048] init: ... started service 'mainline_aconfigd_init' has pid 598
[    7.972647] init: SVC_EXEC service 'mainline_aconfigd_init' pid 598 (uid 1000 gid 1000+0 context default) started; waiting...
[    7.972647] init: SVC_EXEC service 'mainline_aconfigd_init' pid 598 (uid 1000 gid 1000+0 context default) started; waiting...
[    7.979779] init: Service 'system_aconfigd_socket_service' (pid 597) exited with status 0 oneshot service took 0.012000 seconds in background
[    7.979779] init: Service 'system_aconfigd_socket_service' (pid 597) exited with status 0 oneshot service took 0.012000 seconds in background
[    7.980790] init: Sending SIGKILL to service 'system_aconfigd_socket_service' (pid 597) process group...
[    7.980790] init: Sending SIGKILL to service 'system_aconfigd_socket_service' (pid 597) process group...
[    7.981641] libprocessgroup: Removed cgroup /sys/fs/cgroup/system/uid_1000/pid_597
[    7.981641] libprocessgroup: Removed cgroup /sys/fs/cgroup/system/uid_1000/pid_597
[    8.001995] init: Service 'mainline_aconfigd_init' (pid 598) exited with status 0 waiting took 0.031000 seconds
[    8.001995] init: Service 'mainline_aconfigd_init' (pid 598) exited with status 0 waiting took 0.031000 seconds
[    8.002857] init: Sending SIGKILL to service 'mainline_aconfigd_init' (pid 598) process group...
[    8.002857] init: Sending SIGKILL to service 'mainline_aconfigd_init' (pid 598) process group...
[    8.003651] libprocessgroup: Removed cgroup /sys/fs/cgroup/system/uid_1000/pid_598
[    8.003651] libprocessgroup: Removed cgroup /sys/fs/cgroup/system/uid_1000/pid_598
[    8.004512] init: starting service 'mainline_aconfigd_socket_service'...
[    8.004512] init: starting service 'mainline_aconfigd_socket_service'...
[    8.005208] init: Created socket '/dev/socket/aconfigd_mainline', mode 666, user 1000, group 1000
[    8.005208] init: Created socket '/dev/socket/aconfigd_mainline', mode 666, user 1000, group 1000
[    8.007204] libprocessgroup: Created cgroup /sys/fs/cgroup/system/uid_1000/pid_599
[    8.007204] libprocessgroup: Created cgroup /sys/fs/cgroup/system/uid_1000/pid_599
[    8.009563] init: ... started service 'mainline_aconfigd_socket_service' has pid 599
[    8.009563] init: ... started service 'mainline_aconfigd_socket_service' has pid 599
[    8.010743] init: starting service 'derive_sdk'...
[    8.010743] init: starting service 'derive_sdk'...
[    8.011869] libprocessgroup: Created cgroup /sys/fs/cgroup/system/uid_9999/pid_600
[    8.011869] libprocessgroup: Created cgroup /sys/fs/cgroup/system/uid_9999/pid_600
[    8.013233] init: ... started service 'derive_sdk' has pid 600
[    8.013233] init: ... started service 'derive_sdk' has pid 600
[    8.013711] init: SVC_EXEC service 'derive_sdk' pid 600 (uid 9999 gid 9999+0 context default) started; waiting...
[    8.013711] init: SVC_EXEC service 'derive_sdk' pid 600 (uid 9999 gid 9999+0 context default) started; waiting...
[    8.015584] init: Service 'mainline_aconfigd_socket_service' (pid 599) exited with status 0 oneshot service took 0.008000 seconds in background
[    8.015584] init: Service 'mainline_aconfigd_socket_service' (pid 599) exited with status 0 oneshot service took 0.008000 seconds in background
[    8.016538] init: Sending SIGKILL to service 'mainline_aconfigd_socket_service' (pid 599) process group...
[    8.016538] init: Sending SIGKILL to service 'mainline_aconfigd_socket_service' (pid 599) process group...
[    8.017394] libprocessgroup: Removed cgroup /sys/fs/cgroup/system/uid_1000/pid_599
[    8.017394] libprocessgroup: Removed cgroup /sys/fs/cgroup/system/uid_1000/pid_599
[    8.022480] init: Service 'derive_sdk' (pid 600) exited with status 0 waiting took 0.010000 seconds
[    8.022480] init: Service 'derive_sdk' (pid 600) exited with status 0 waiting took 0.010000 seconds
[    8.023246] init: Sending SIGKILL to service 'derive_sdk' (pid 600) process group...
[    8.023246] init: Sending SIGKILL to service 'derive_sdk' (pid 600) process group...
[    8.023922] libprocessgroup: Removed cgroup /sys/fs/cgroup/system/uid_9999/pid_600
[    8.023922] libprocessgroup: Removed cgroup /sys/fs/cgroup/system/uid_9999/pid_600
[    8.024770] init: starting service 'exec 10 (/system/bin/vdc --wait cryptfs init_user0)'...
[    8.024770] init: starting service 'exec 10 (/system/bin/vdc --wait cryptfs init_user0)'...
[    8.026374] libprocessgroup: Created cgroup /sys/fs/cgroup/system/uid_0/pid_601
[    8.026374] libprocessgroup: Created cgroup /sys/fs/cgroup/system/uid_0/pid_601
[    8.027359] init: ... started service 'exec 10 (/system/bin/vdc --wait cryptfs init_user0)' has pid 601
[    8.027359] init: ... started service 'exec 10 (/system/bin/vdc --wait cryptfs init_user0)' has pid 601
[    8.028073] init: SVC_EXEC service 'exec 10 (/system/bin/vdc --wait cryptfs init_user0)' pid 601 (uid 0 gid 0+0 context default) started; waiting...
[    8.028073] init: SVC_EXEC service 'exec 10 (/system/bin/vdc --wait cryptfs init_user0)' pid 601 (uid 0 gid 0+0 context default) started; waiting...
[    8.033464] cutils-trace: Error opening trace file: No such file or directory (2)
[    8.033464] cutils-trace: Error opening trace file: No such file or directory (2)
[    8.034247] libbinder.BackendUnifiedServiceManager: Thread Pool max thread count is 0. Cannot cache binder as linkToDeath cannot be implemented. serviceName: vold
[    8.034247] libbinder.BackendUnifiedServiceManager: Thread Pool max thread count is 0. Cannot cache binder as linkToDeath cannot be implemented. serviceName: vold
[    8.035382] vdc: Waited 0ms for vold
[    8.035382] vdc: Waited 0ms for vold
[    8.037505] vold: keystore2 Keystore generateKey returned service specific error: -67
[    8.037505] vold: keystore2 Keystore generateKey returned service specific error: -67
[    8.038149] vold: Failed to generate rollback-resistant key.  This is expected if keystore doesn't support rollback resistance.  Falling back to non-rollback-resistant key.
[    8.038149] vold: Failed to generate rollback-resistant key.  This is expected if keystore doesn't support rollback resistance.  Falling back to non-rollback-resistant key.
[    8.061442] init: Service 'exec 10 (/system/bin/vdc --wait cryptfs init_user0)' (pid 601) exited with status 0 waiting took 0.035000 seconds
[    8.061442] init: Service 'exec 10 (/system/bin/vdc --wait cryptfs init_user0)' (pid 601) exited with status 0 waiting took 0.035000 seconds
[    8.062615] init: Sending SIGKILL to service 'exec 10 (/system/bin/vdc --wait cryptfs init_user0)' (pid 601) process group...
[    8.062615] init: Sending SIGKILL to service 'exec 10 (/system/bin/vdc --wait cryptfs init_user0)' (pid 601) process group...
[    8.063724] libprocessgroup: Removed cgroup /sys/fs/cgroup/system/uid_0/pid_601
[    8.063724] libprocessgroup: Removed cgroup /sys/fs/cgroup/system/uid_0/pid_601
[    8.097421] selinux: SELinux: Skipping restorecon on directory(/data/system/shutdown-checkpoints)
[    8.097421] selinux: SELinux: Skipping restorecon on directory(/data/system/shutdown-checkpoints)
[    8.117168] init: Command 'restorecon --recursive --skip-ce /data' action=post-fs-data (/system/etc/init/hw/init.rc:1045) took 52ms and succeeded
[    8.117168] init: Command 'restorecon --recursive --skip-ce /data' action=post-fs-data (/system/etc/init/hw/init.rc:1045) took 52ms and succeeded
[    8.118486] init: starting service 'derive_classpath'...
[    8.118486] init: starting service 'derive_classpath'...
[    8.119796] libprocessgroup: Created cgroup /sys/fs/cgroup/system/uid_1000/pid_604
[    8.119796] libprocessgroup: Created cgroup /sys/fs/cgroup/system/uid_1000/pid_604
[    8.121360] init: ... started service 'derive_classpath' has pid 604
[    8.121360] init: ... started service 'derive_classpath' has pid 604
[    8.122004] init: SVC_EXEC service 'derive_classpath' pid 604 (uid 1000 gid 1000+1 context default) started; waiting...
[    8.122004] init: SVC_EXEC service 'derive_classpath' pid 604 (uid 1000 gid 1000+1 context default) started; waiting...
[    8.136777] init: Service 'derive_classpath' (pid 604) exited with status 0 waiting took 0.017000 seconds
[    8.136777] init: Service 'derive_classpath' (pid 604) exited with status 0 waiting took 0.017000 seconds
[    8.137672] init: Sending SIGKILL to service 'derive_classpath' (pid 604) process group...
[    8.137672] init: Sending SIGKILL to service 'derive_classpath' (pid 604) process group...
[    8.138510] libprocessgroup: Removed cgroup /sys/fs/cgroup/system/uid_1000/pid_604
[    8.138510] libprocessgroup: Removed cgroup /sys/fs/cgroup/system/uid_1000/pid_604
[    8.139638] init: starting service 'art_boot'...
[    8.139638] init: starting service 'art_boot'...
[    8.140837] libprocessgroup: Created cgroup /sys/fs/cgroup/system/uid_0/pid_605
[    8.140837] libprocessgroup: Created cgroup /sys/fs/cgroup/system/uid_0/pid_605
[    8.142146] init: ... started service 'art_boot' has pid 605
[    8.142146] init: ... started service 'art_boot' has pid 605
[    8.142695] init: SVC_EXEC service 'art_boot' pid 605 (uid 0 gid 0+0 context default) started; waiting...
[    8.142695] init: SVC_EXEC service 'art_boot' pid 605 (uid 0 gid 0+0 context default) started; waiting...
[    8.151933] init: Service 'art_boot' (pid 605) exited with status 0 waiting took 0.011000 seconds
[    8.151933] init: Service 'art_boot' (pid 605) exited with status 0 waiting took 0.011000 seconds
[    8.152770] init: Sending SIGKILL to service 'art_boot' (pid 605) process group...
[    8.152770] init: Sending SIGKILL to service 'art_boot' (pid 605) process group...
[    8.153572] libprocessgroup: Removed cgroup /sys/fs/cgroup/system/uid_0/pid_605
[    8.153572] libprocessgroup: Removed cgroup /sys/fs/cgroup/system/uid_0/pid_605
[    8.154590] init: starting service 'odsign'...
[    8.154590] init: starting service 'odsign'...
[    8.155862] libprocessgroup: Created cgroup /sys/fs/cgroup/system/uid_0/pid_606
[    8.155862] libprocessgroup: Created cgroup /sys/fs/cgroup/system/uid_0/pid_606
[    8.157181] init: ... started service 'odsign' has pid 606
[    8.157181] init: ... started service 'odsign' has pid 606
[    8.377373] fs-verity: sha256 using implementation "sha256-avx2"
[    8.377373] fs-verity: sha256 using implementation "sha256-avx2"
[    8.380464] init: Wait for property 'odsign.key.done=1' took 222ms
[    8.380464] init: Wait for property 'odsign.key.done=1' took 222ms
[    8.381287] init: starting service 'apexd-snapshotde'...
[    8.381287] init: starting service 'apexd-snapshotde'...
[    8.382653] libprocessgroup: Created cgroup /sys/fs/cgroup/system/uid_0/pid_609
[    8.382653] libprocessgroup: Created cgroup /sys/fs/cgroup/system/uid_0/pid_609
[    8.384013] init: ... started service 'apexd-snapshotde' has pid 609
[    8.384013] init: ... started service 'apexd-snapshotde' has pid 609
[    8.384609] init: SVC_EXEC service 'apexd-snapshotde' pid 609 (uid 0 gid 1000+0 context default) started; waiting...
[    8.384609] init: SVC_EXEC service 'apexd-snapshotde' pid 609 (uid 0 gid 1000+0 context default) started; waiting...
[    8.385659] init: Sending SIGKILL to service 'odsign' (pid 606) process group...
[    8.385659] init: Sending SIGKILL to service 'odsign' (pid 606) process group...
[    8.386890] libprocessgroup: Removed cgroup /sys/fs/cgroup/system/uid_0/pid_606
[    8.386890] libprocessgroup: Removed cgroup /sys/fs/cgroup/system/uid_0/pid_606
[    8.387713] init: Control message: Processed ctl.stop for 'odsign' from pid: 606 (/system/bin/odsign)
[    8.387713] init: Control message: Processed ctl.stop for 'odsign' from pid: 606 (/system/bin/odsign)
[    8.388728] init: Service 'odsign' (pid 606) received SIGKILL
[    8.388728] init: Service 'odsign' (pid 606) received SIGKILL
[    8.389333] init: Sending SIGKILL to service 'odsign' (pid 606) process group...
[    8.389333] init: Sending SIGKILL to service 'odsign' (pid 606) process group...
[    8.390074] libprocessgroup: Failed to write 1 to /sys/fs/cgroup/system/uid_0/pid_606/cgroup.kill: No such file or directory
[    8.390074] libprocessgroup: Failed to write 1 to /sys/fs/cgroup/system/uid_0/pid_606/cgroup.kill: No such file or directory
[    8.396849] apexd: Started. subcommand = --snapshotde
[    8.396849] apexd: Started. subcommand = --snapshotde
[    8.397554] cutils-trace: Error opening trace file: No such file or directory (2)
[    8.397554] cutils-trace: Error opening trace file: No such file or directory (2)
[    8.398251] libbinder.BackendUnifiedServiceManager: Thread Pool max thread count is 0. Cannot cache binder as linkToDeath cannot be implemented. serviceName: vold
[    8.398251] libbinder.BackendUnifiedServiceManager: Thread Pool max thread count is 0. Cannot cache binder as linkToDeath cannot be implemented. serviceName: vold
[    8.399536] apexd-snapshotde: Marking APEXd as ready
[    8.399536] apexd-snapshotde: Marking APEXd as ready
[    8.400727] init: Service 'apexd-snapshotde' (pid 609) exited with status 0 waiting took 0.018000 seconds
[    8.400727] init: Service 'apexd-snapshotde' (pid 609) exited with status 0 waiting took 0.018000 seconds
[    8.401517] init: Sending SIGKILL to service 'apexd-snapshotde' (pid 609) process group...
[    8.401517] init: Sending SIGKILL to service 'apexd-snapshotde' (pid 609) process group...
[    8.402231] libprocessgroup: Removed cgroup /sys/fs/cgroup/system/uid_0/pid_609
[    8.402231] libprocessgroup: Removed cgroup /sys/fs/cgroup/system/uid_0/pid_609
[    8.406861] init: processing action (post-fs-data) from (/system/etc/init/hw/init.usb.rc:6)
[    8.406861] init: processing action (post-fs-data) from (/system/etc/init/hw/init.usb.rc:6)
[    8.407936] init: Encryption policy of /data/adb set to a28822247562ff2397e5d2936474c1f8 v2 modes 1/10 flags 0xa
[    8.407936] init: Encryption policy of /data/adb set to a28822247562ff2397e5d2936474c1f8 v2 modes 1/10 flags 0xa
[    8.408719] init: processing action (post-fs-data) from (/system/etc/init/bootstat.rc:9)
[    8.408719] init: processing action (post-fs-data) from (/system/etc/init/bootstat.rc:9)
[    8.409821] init: processing action (ro.boot.dynamic_partitions=true && ro.debuggable=1 && post-fs-data) from (/system/etc/init/clean_scratch_files.rc:1)
[    8.409821] init: processing action (ro.boot.dynamic_partitions=true && ro.debuggable=1 && post-fs-data) from (/system/etc/init/clean_scratch_files.rc:1)
[    8.410909] init: starting service 'exec 11 (/system/bin/clean_scratch_files)'...
[    8.410909] init: starting service 'exec 11 (/system/bin/clean_scratch_files)'...
[    8.412503] libprocessgroup: Created cgroup /sys/fs/cgroup/system/uid_0/pid_610
[    8.412503] libprocessgroup: Created cgroup /sys/fs/cgroup/system/uid_0/pid_610
[    8.413557] init: ... started service 'exec 11 (/system/bin/clean_scratch_files)' has pid 610
[    8.413557] init: ... started service 'exec 11 (/system/bin/clean_scratch_files)' has pid 610
[    8.414369] init: processing action (post-fs-data) from (/system/etc/init/gsid.rc:17)
[    8.414369] init: processing action (post-fs-data) from (/system/etc/init/gsid.rc:17)
[    8.415231] init: Not setting encryption policy on: /data/gsi
[    8.415231] init: Not setting encryption policy on: /data/gsi
[    8.416352] init: processing action (post-fs-data) from (/system/etc/init/incidentd.rc:21)
[    8.416352] init: processing action (post-fs-data) from (/system/etc/init/incidentd.rc:21)
[    8.417369] init: processing action (post-fs-data) from (/system/etc/init/logtagd.rc:4)
[    8.417369] init: processing action (post-fs-data) from (/system/etc/init/logtagd.rc:4)
[    8.418629] init: processing action (post-fs-data) from (/system/etc/init/perfetto.rc:104)
[    8.418629] init: processing action (post-fs-data) from (/system/etc/init/perfetto.rc:104)
[    8.419459] init: Command 'rm /data/misc/perfetto-traces/.guardraildata' action=post-fs-data (/system/etc/init/perfetto.rc:105) took 0ms and failed: unlink() failed: No such file or directory
[    8.419459] init: Command 'rm /data/misc/perfetto-traces/.guardraildata' action=post-fs-data (/system/etc/init/perfetto.rc:105) took 0ms and failed: unlink() failed: No such file or directory
[    8.421086] init: processing action (post-fs-data) from (/system/etc/init/pmgd.rc:28)
[    8.421086] init: processing action (post-fs-data) from (/system/etc/init/pmgd.rc:28)
[    8.422486] init: processing action (post-fs-data) from (/system/etc/init/profcollectd.rc:23)
[    8.422486] init: processing action (post-fs-data) from (/system/etc/init/profcollectd.rc:23)
[    8.424080] init: processing action (post-fs-data) from (/system/etc/init/recovery-persist.rc:1)
[    8.424080] init: processing action (post-fs-data) from (/system/etc/init/recovery-persist.rc:1)
[    8.425173] init: starting service 'exec 12 (/system/bin/recovery-persist)'...
[    8.425173] init: starting service 'exec 12 (/system/bin/recovery-persist)'...
[    8.427170] libprocessgroup: Created cgroup /sys/fs/cgroup/system/uid_1000/pid_611
[    8.427170] libprocessgroup: Created cgroup /sys/fs/cgroup/system/uid_1000/pid_611
[    8.428640] init: ... started service 'exec 12 (/system/bin/recovery-persist)' has pid 611
[    8.428640] init: ... started service 'exec 12 (/system/bin/recovery-persist)' has pid 611
[    8.429518] init: processing action (post-fs-data) from (/system/etc/init/wifi.rc:18)
[    8.429518] init: processing action (post-fs-data) from (/system/etc/init/wifi.rc:18)
[    8.430786] selinux: SELinux: Skipping restorecon on directory(/data/misc/apexdata/com.android.wifi)
[    8.430786] selinux: SELinux: Skipping restorecon on directory(/data/misc/apexdata/com.android.wifi)
[    8.431716] init: processing action (post-fs-data) from (/system_ext/etc/init/rpmb_dev.test.system.rc:37)
[    8.431716] init: processing action (post-fs-data) from (/system_ext/etc/init/rpmb_dev.test.system.rc:37)
[    8.433162] init: Top-level directory needs encryption action, eg mkdir /data/secure_storage_test_system <mode> <uid> <gid> encryption=Require
[    8.433162] init: Top-level directory needs encryption action, eg mkdir /data/secure_storage_test_system <mode> <uid> <gid> encryption=Require
[    8.434356] init: Encryption policy of /data/secure_storage_test_system set to a28822247562ff2397e5d2936474c1f8 v2 modes 1/10 flags 0xa
[    8.434356] init: Encryption policy of /data/secure_storage_test_system set to a28822247562ff2397e5d2936474c1f8 v2 modes 1/10 flags 0xa
[    8.435290] init: Service 'exec 11 (/system/bin/clean_scratch_files)' (pid 610) exited with status 0 oneshot service took 0.022000 seconds in background
[    8.435290] init: Service 'exec 11 (/system/bin/clean_scratch_files)' (pid 610) exited with status 0 oneshot service took 0.022000 seconds in background
[    8.436292] init: Sending SIGKILL to service 'exec 11 (/system/bin/clean_scratch_files)' (pid 610) process group...
[    8.436292] init: Sending SIGKILL to service 'exec 11 (/system/bin/clean_scratch_files)' (pid 610) process group...
[    8.437183] libprocessgroup: Removed cgroup /sys/fs/cgroup/system/uid_0/pid_610
[    8.437183] libprocessgroup: Removed cgroup /sys/fs/cgroup/system/uid_0/pid_610
[    8.437798] init: Service 'exec 12 (/system/bin/recovery-persist)' (pid 611) exited with status 0 oneshot service took 0.010000 seconds in background
[    8.437798] init: Service 'exec 12 (/system/bin/recovery-persist)' (pid 611) exited with status 0 oneshot service took 0.010000 seconds in background
[    8.438825] init: Sending SIGKILL to service 'exec 12 (/system/bin/recovery-persist)' (pid 611) process group...
[    8.438825] init: Sending SIGKILL to service 'exec 12 (/system/bin/recovery-persist)' (pid 611) process group...
[    8.439855] libprocessgroup: Removed cgroup /sys/fs/cgroup/system/uid_1000/pid_611
[    8.439855] libprocessgroup: Removed cgroup /sys/fs/cgroup/system/uid_1000/pid_611
[    8.441023] init: starting service 'rpmb_mock_init_test_system'...
[    8.441023] init: starting service 'rpmb_mock_init_test_system'...
[    8.442531] libprocessgroup: Created cgroup /sys/fs/cgroup/system/uid_1000/pid_612
[    8.442531] libprocessgroup: Created cgroup /sys/fs/cgroup/system/uid_1000/pid_612
[    8.443776] init: ... started service 'rpmb_mock_init_test_system' has pid 612
[    8.443776] init: ... started service 'rpmb_mock_init_test_system' has pid 612
[    8.444362] init: SVC_EXEC service 'rpmb_mock_init_test_system' pid 612 (uid 1000 gid 1000+0 context default) started; waiting...
[    8.444362] init: SVC_EXEC service 'rpmb_mock_init_test_system' pid 612 (uid 1000 gid 1000+0 context default) started; waiting...
[    8.454087] init: Service 'rpmb_mock_init_test_system' (pid 612) exited with status 0 waiting took 0.011000 seconds
[    8.454087] init: Service 'rpmb_mock_init_test_system' (pid 612) exited with status 0 waiting took 0.011000 seconds
[    8.455036] init: Sending SIGKILL to service 'rpmb_mock_init_test_system' (pid 612) process group...
[    8.455036] init: Sending SIGKILL to service 'rpmb_mock_init_test_system' (pid 612) process group...
[    8.456293] libprocessgroup: Removed cgroup /sys/fs/cgroup/system/uid_1000/pid_612
[    8.456293] libprocessgroup: Removed cgroup /sys/fs/cgroup/system/uid_1000/pid_612
[    8.457520] init: starting service 'rpmb_mock_test_system'...
[    8.457520] init: starting service 'rpmb_mock_test_system'...
[    8.458255] init: Created socket '/dev/socket/rpmb_mock_test_system', mode 660, user 1000, group 1000
[    8.458255] init: Created socket '/dev/socket/rpmb_mock_test_system', mode 660, user 1000, group 1000
[    8.460638] libprocessgroup: Created cgroup /sys/fs/cgroup/system/uid_1000/pid_613
[    8.460638] libprocessgroup: Created cgroup /sys/fs/cgroup/system/uid_1000/pid_613
[    8.462206] init: ... started service 'rpmb_mock_test_system' has pid 613
[    8.462206] init: ... started service 'rpmb_mock_test_system' has pid 613
[    8.462891] init: processing action (ro.vendor.disable_rename_eth0= && post-fs-data) from (/vendor/etc/init/init.cutf_cvm.rc:57)
[    8.462891] init: processing action (ro.vendor.disable_rename_eth0= && post-fs-data) from (/vendor/etc/init/init.cutf_cvm.rc:57)
[    8.464039] init: wait for '/sys/class/net/eth0' took 0ms
[    8.464039] init: wait for '/sys/class/net/eth0' took 0ms
[    8.464818] init: starting service 'rename_eth0'...
[    8.464818] init: starting service 'rename_eth0'...
[    8.466293] libprocessgroup: Created cgroup /sys/fs/cgroup/system/uid_0/pid_614
[    8.466293] libprocessgroup: Created cgroup /sys/fs/cgroup/system/uid_0/pid_614
[    8.467636] init: ... started service 'rename_eth0' has pid 614
[    8.467636] init: ... started service 'rename_eth0' has pid 614
[    8.468271] init: processing action (post-fs-data) from (/vendor/etc/init/init.cutf_cvm.rc:67)
[    8.468271] init: processing action (post-fs-data) from (/vendor/etc/init/init.cutf_cvm.rc:67)
[    8.469836] init: processing action (ro.boot.wifi_impl=mac80211_hwsim_virtio && post-fs-data) from (/vendor/etc/init/init.cutf_cvm.rc:77)
[    8.469836] init: processing action (ro.boot.wifi_impl=mac80211_hwsim_virtio && post-fs-data) from (/vendor/etc/init/init.cutf_cvm.rc:77)
[    8.471400] init: starting service 'init_wifi_sh'...
[    8.471400] init: starting service 'init_wifi_sh'...
[    8.472724] libprocessgroup: Created cgroup /sys/fs/cgroup/system/uid_0/pid_615
[    8.472724] libprocessgroup: Created cgroup /sys/fs/cgroup/system/uid_0/pid_615
[    8.474149] init: ... started service 'init_wifi_sh' has pid 615
[    8.474149] init: ... started service 'init_wifi_sh' has pid 615
[    8.474768] init: processing action (load-bpf-programs) from (/system/etc/init/init-perfetto.rc:6)
[    8.474768] init: processing action (load-bpf-programs) from (/system/etc/init/init-perfetto.rc:6)
[    8.476426] init: processing action (load-bpf-programs) from (/system/etc/init/init-perfetto.rc:6)
[    8.476426] init: processing action (load-bpf-programs) from (/system/etc/init/init-perfetto.rc:6)
[    8.477488] init: processing action (load-bpf-programs) from (/system/etc/init/netbpfload.rc:38)
[    8.477488] init: processing action (load-bpf-programs) from (/system/etc/init/netbpfload.rc:38)
[    8.478693] init: starting service 'bpfloader'...
[    8.478693] init: starting service 'bpfloader'...
[    8.479615] virtio_net virtio1 buried_eth0: renamed from eth0
[    8.479615] virtio_net virtio1 buried_eth0: renamed from eth0
[    8.480283] libprocessgroup: Created cgroup /sys/fs/cgroup/system/uid_0/pid_616
[    8.480283] libprocessgroup: Created cgroup /sys/fs/cgroup/system/uid_0/pid_616
[    8.481800] init: ... started service 'bpfloader' has pid 616
[    8.481800] init: ... started service 'bpfloader' has pid 616
[    8.482376] init: SVC_EXEC service 'bpfloader' pid 616 (uid 0 gid 0+7 context default) started; waiting...
[    8.482376] init: SVC_EXEC service 'bpfloader' pid 616 (uid 0 gid 0+7 context default) started; waiting...
[    8.483303] init: Service 'rename_eth0' (pid 614) exited with status 0 oneshot service took 0.017000 seconds in background
[    8.483303] init: Service 'rename_eth0' (pid 614) exited with status 0 oneshot service took 0.017000 seconds in background
[    8.484298] init: Sending SIGKILL to service 'rename_eth0' (pid 614) process group...
[    8.484298] init: Sending SIGKILL to service 'rename_eth0' (pid 614) process group...
[    8.485190] libprocessgroup: Removed cgroup /sys/fs/cgroup/system/uid_0/pid_614
[    8.485190] libprocessgroup: Removed cgroup /sys/fs/cgroup/system/uid_0/pid_614
[    8.494474] NetBpfLoad: /apex/com.android.tethering/bin/netbpfload api:37/3700 kver:606008e (64-on-x86-64:4k) libbpf: v1.4 uid:0 rc:01 user:010
[    8.494474] NetBpfLoad: /apex/com.android.tethering/bin/netbpfload api:37/3700 kver:606008e (64-on-x86-64:4k) libbpf: v1.4 uid:0 rc:01 user:010
[    8.495812] NetBpfLoad: Tethering APEX version 370399999 (system: 370399999)
[    8.495812] NetBpfLoad: Tethering APEX version 370399999 (system: 370399999)
[    8.496652] NetBpfLoad: detected 5 of 5: 2026Q2 api:37.0.0=3700
[    8.496652] NetBpfLoad: detected 5 of 5: 2026Q2 api:37.0.0=3700
[    8.497244] Spectre V2 : WARNING: Unprivileged eBPF is enabled with eIBRS on, data leaks possible via Spectre v2 BHB attacks!
[    8.497244] Spectre V2 : WARNING: Unprivileged eBPF is enabled with eIBRS on, data leaks possible via Spectre v2 BHB attacks!
[    8.500069] NetBpfLoad: Processing ELF object /apex/com.android.tethering/etc/bpf/mainline/offload.o (license Apache 2.0)
[    8.500125] init: Service 'init_wifi_sh' (pid 615) exited with status 1 oneshot service took 0.027000 seconds in background
[    8.501481] type=1334 audit(1790634422.147:5): prog-id=1 op=LOAD
[    8.501531] NetBpfLoad: bpf_create_map[tether_error_map] btf:1 -> 4
[    8.501566] NetBpfLoad: map /sys/fs/bpf/tethering/map_offload_tether_error_map id 1
[    8.501585] NetBpfLoad: bpf_create_map[tether_stats_map] btf:1 -> 5
[    8.501597] NetBpfLoad: map /sys/fs/bpf/tethering/map_offload_tether_stats_map id 2
[    8.501608] NetBpfLoad: bpf_create_map[tether_limit_map] btf:1 -> 6
[    8.501619] NetBpfLoad: map /sys/fs/bpf/tethering/map_offload_tether_limit_map id 3
[    8.501636] NetBpfLoad: bpf_create_map[tether_downstream6_map] btf:1 -> 7
[    8.501648] NetBpfLoad: map /sys/fs/bpf/tethering/map_offload_tether_downstream6_map id 4
[    8.501693] NetBpfLoad: bpf_create_map[tether_downstream64_map] btf:1 -> 8
[    8.501705] NetBpfLoad: map /sys/fs/bpf/tethering/map_offload_tether_downstream64_map id 5
[    8.501717] NetBpfLoad: bpf_create_map[tether_upstream6_map] btf:1 -> 9
[    8.501727] NetBpfLoad: map /sys/fs/bpf/tethering/map_offload_tether_upstream6_map id 6
[    8.501761] NetBpfLoad: bpf_create_map[tether_downstream4_map] btf:1 -> 10
[    8.501773] NetBpfLoad: map /sys/fs/bpf/tethering/map_offload_tether_downstream4_map id 7
[    8.501797] init: Sending SIGKILL to service 'init_wifi_sh' (pid 615) process group...
[    8.501939] libprocessgroup: Removed cgroup /sys/fs/cgroup/system/uid_0/pid_615
[    8.502347] type=1300 audit(1790634422.147:5): arch=c000003e syscall=321 success=yes exit=3 a0=5 a1=7ffcecd6da58 a2=74 a3=0 items=0 ppid=1 auid=4294967295 uid=0 gid=0 euid=0 suid=0 fsuid=0 egid=0 sgid=0 fsgid=0 tty=(none) ses=4294967295 comm="netbpfload" exe="/apex/com.android.tethering/bin/netbpfload" subj=u:r:bpfloader:s0 key=(null)
[    8.502818] NetBpfLoad: bpf_create_map[tether_upstream4_map] btf:1 -> 11
[    8.503353] type=1327 audit(1790634422.147:5): proctitle="/apex/com.android.tethering/bin/netbpfload"
[    8.503805] NetBpfLoad: map /sys/fs/bpf/tethering/map_offload_tether_upstream4_map id 8
[    8.504461] type=1320 audit(1790634422.147:5): 
[    8.504895] NetBpfLoad: bpf_create_map[tether_dev_map] btf:0 -> 12
[    8.505455] type=1334 audit(1790634422.147:6): prog-id=1 op=UNLOAD
[    8.505941] NetBpfLoad: map /sys/fs/bpf/tethering/map_offload_tether_dev_map id 9
[    8.506507] type=1300 audit(1790634422.147:6): arch=c000003e syscall=3 success=yes exit=0 a0=3 a1=0 a2=0 a3=0 items=0 ppid=1 auid=4294967295 uid=0 gid=0 euid=0 suid=0 fsuid=0 egid=0 sgid=0 fsgid=0 tty=(none) ses=4294967295 comm="netbpfload" exe="/apex/com.android.tethering/bin/netbpfload" subj=u:r:bpfloader:s0 key=(null)
[    8.507229] NetBpfLoad: cs[0].name:schedcls_tether_downstream6_ether kver in [5040000,ffffffff) api level in [3100,65536)
[    8.507578] type=1327 audit(1790634422.147:6): proctitle="/apex/com.android.tethering/bin/netbpfload"
[    8.508461] NetBpfLoad: BPF_PROG_LOAD call for /apex/com.android.tethering/etc/bpf/mainline/offload.o (schedcls_tether_downstream6_ether) returned fd: 3
[    8.508598] type=1320 audit(1790634422.147:6): 
[    8.509112] NetBpfLoad: prog /sys/fs/bpf/tethering/prog_offload_schedcls_tether_downstream6_ether id 2 len jit:1934 xlat:3384
[    8.509661] type=1334 audit(1790634422.151:7): prog-id=2 op=LOAD
[    8.510214] NetBpfLoad: cs[1].name:schedcls_tether_upstream6_ether kver in [5040000,ffffffff) api level in [3100,65536)
[    8.510750] type=1300 audit(1790634422.151:7): arch=c000003e syscall=321 success=yes exit=3 a0=5 a1=7ffcecd6dec0 a2=98 a3=0 items=0 ppid=1 auid=4294967295 uid=0 gid=0 euid=0 suid=0 fsuid=0 egid=0 sgid=0 fsgid=0 tty=(none) ses=4294967295 comm="netbpfload" exe="/apex/com.android.tethering/bin/netbpfload" subj=u:r:bpfloader:s0 key=(null)
[    8.513220] NetBpfLoad: BPF_PROG_LOAD call for /apex/com.android.tethering/etc/bpf/mainline/offload.o (schedcls_tether_upstream6_ether) returned fd: 13
[    8.513296] type=1327 audit(1790634422.151:7): proctitle="/apex/com.android.tethering/bin/netbpfload"
[    8.513953] NetBpfLoad: prog /sys/fs/bpf/tethering/prog_offload_schedcls_tether_upstream6_ether id 3 len jit:2026 xlat:3536
[    8.514507] type=1320 audit(1790634422.151:7): 
[    8.514811] NetBpfLoad: cs[2].name:schedcls_tether_downstream6_ether kver in [4090000,5040000) api level in [3100,65536)
[    8.515381] type=1334 audit(1790634422.155:8): prog-id=3 op=LOAD
[    8.515787] NetBpfLoad: cs[3].name:schedcls_tether_upstream6_ether kver in [4090000,5040000) api level in [3100,65536)
[    8.516340] type=1300 audit(1790634422.155:8): arch=c000003e syscall=321 success=yes exit=13 a0=5 a1=7ffcecd6dec0 a2=98 a3=0 items=0 ppid=1 auid=4294967295 uid=0 gid=0 euid=0 suid=0 fsuid=0 egid=0 sgid=0 fsgid=0 tty=(none) ses=4294967295 comm="netbpfload" exe="/apex/com.android.tethering/bin/netbpfload" subj=u:r:bpfloader:s0 key=(null)
[    8.518277] NetBpfLoad: cs[4].name:schedcls_tether_downstream6_rawip kver in [5040000,ffffffff) api level in [3100,65536)
[    8.519050] type=1327 audit(1790634422.155:8): proctitle="/apex/com.android.tethering/bin/netbpfload"
[    8.520126] NetBpfLoad: BPF_PROG_LOAD call for /apex/com.android.tethering/etc/bpf/mainline/offload.o (schedcls_tether_downstream6_rawip) returned fd: 14
[    8.520650] type=1320 audit(1790634422.155:8): 
[    8.521005] NetBpfLoad: prog /sys/fs/bpf/tethering/prog_offload_schedcls_tether_downstream6_rawip id 4 len jit:1977 xlat:3472
[    8.521826] type=1334 audit(1790634422.167:9): prog-id=4 op=LOAD
[    8.500069] NetBpfLoad: Processing ELF object /apex/com.android.tethering/etc/bpf/mainline/offload.o (license Apache 2.0)
[    8.522227] NetBpfLoad: cs[5].name:schedcls_tether_upstream6_rawip kver in [5040000,ffffffff) api level in [3100,65536)
[    8.500125] init: Service 'init_wifi_sh' (pid 615) exited with status 1 oneshot service took 0.027000 seconds in background
[    8.522984] type=1300 audit(1790634422.167:9): arch=c000003e syscall=321 success=yes exit=14 a0=5 a1=7ffcecd6dec0 a2=98 a3=0 items=0 ppid=1 auid=4294967295 uid=0 gid=0 euid=0 suid=0 fsuid=0 egid=0 sgid=0 fsgid=0 tty=(none) ses=4294967295 comm="netbpfload" exe="/apex/com.android.tethering/bin/netbpfload" subj=u:r:bpfloader:s0 key=(null)
[    8.501481] type=1334 audit(1790634422.147:5): prog-id=1 op=LOAD
[    8.525339] NetBpfLoad: BPF_PROG_LOAD call for /apex/com.android.tethering/etc/bpf/mainline/offload.o (schedcls_tether_upstream6_rawip) returned fd: 15
[    8.501531] NetBpfLoad: bpf_create_map[tether_error_map] btf:1 -> 4
[    8.525950] type=1327 audit(1790634422.167:9): proctitle="/apex/com.android.tethering/bin/netbpfload"
[    8.501566] NetBpfLoad: map /sys/fs/bpf/tethering/map_offload_tether_error_map id 1
[    8.526561] NetBpfLoad: prog /sys/fs/bpf/tethering/prog_offload_schedcls_tether_upstream6_rawip id 5 len jit:2060 xlat:3632
[    8.501585] NetBpfLoad: bpf_create_map[tether_stats_map] btf:1 -> 5
[    8.527318] type=1320 audit(1790634422.167:9): 
[    8.501597] NetBpfLoad: map /sys/fs/bpf/tethering/map_offload_tether_stats_map id 2
[    8.527633] NetBpfLoad: cs[6].name:schedcls_tether_downstream6_rawip kver in [40e0000,5040000) api level in [3100,65536)
[    8.501608] NetBpfLoad: bpf_create_map[tether_limit_map] btf:1 -> 6
[    8.528388] type=1334 audit(1790634422.171:10): prog-id=5 op=LOAD
[    8.501619] NetBpfLoad: map /sys/fs/bpf/tethering/map_offload_tether_limit_map id 3
[    8.528800] NetBpfLoad: cs[7].name:schedcls_tether_upstream6_rawip kver in [40e0000,5040000) api level in [3100,65536)
[    8.501636] NetBpfLoad: bpf_create_map[tether_downstream6_map] btf:1 -> 7
[    8.529652] type=1300 audit(1790634422.171:10): arch=c000003e syscall=321 success=yes exit=15 a0=5 a1=7ffcecd6dec0 a2=98 a3=0 items=0 ppid=1 auid=4294967295 uid=0 gid=0 euid=0 suid=0 fsuid=0 egid=0 sgid=0 fsgid=0 tty=(none) ses=4294967295 comm="netbpfload" exe="/apex/com.android.tethering/bin/netbpfload" subj=u:r:bpfloader:s0 key=(null)
[    8.501648] NetBpfLoad: map /sys/fs/bpf/tethering/map_offload_tether_downstream6_map id 4
[    8.531626] NetBpfLoad: cs[8].name:schedcls_tether_downstream6_rawip kver in [4090000,40e0000) api level in [3100,65536)
[    8.501693] NetBpfLoad: bpf_create_map[tether_downstream64_map] btf:1 -> 8
[    8.532422] type=1327 audit(1790634422.171:10): proctitle="/apex/com.android.tethering/bin/netbpfload"
[    8.501705] NetBpfLoad: map /sys/fs/bpf/tethering/map_offload_tether_downstream64_map id 5
[    8.533043] NetBpfLoad: cs[9].name:schedcls_tether_upstream6_rawip kver in [4090000,40e0000) api level in [3100,65536)
[    8.501717] NetBpfLoad: bpf_create_map[tether_upstream6_map] btf:1 -> 9
[    8.534001] type=1320 audit(1790634422.171:10): 
[    8.501727] NetBpfLoad: map /sys/fs/bpf/tethering/map_offload_tether_upstream6_map id 6
[    8.534324] NetBpfLoad: cs[10].name:schedcls_tether_downstream4_rawip kver in [50a0000,ffffffff) api level in [3100,65536)
[    8.501761] NetBpfLoad: bpf_create_map[tether_downstream4_map] btf:1 -> 10
[    8.501773] NetBpfLoad: map /sys/fs/bpf/tethering/map_offload_tether_downstream4_map id 7
[    8.501797] init: Sending SIGKILL to service 'init_wifi_sh' (pid 615) process group...
[    8.501939] libprocessgroup: Removed cgroup /sys/fs/cgroup/system/uid_0/pid_615
[    8.502347] type=1300 audit(1790634422.147:5): arch=c000003e syscall=321 success=yes exit=3 a0=5 a1=7ffcecd6da58 a2=74 a3=0 items=0 ppid=1 auid=4294967295 uid=0 gid=0 euid=0 suid=0 fsuid=0 egid=0 sgid=0 fsgid=0 tty=(none) ses=4294967295 comm="netbpfload" exe="/apex/com.android.tethering/bin/netbpfload" subj=u:r:bpfloader:s0 key=(null)
[    8.502818] NetBpfLoad: bpf_create_map[tether_upstream4_map] btf:1 -> 11
[    8.503353] type=1327 audit(1790634422.147:5): proctitle="/apex/com.android.tethering/bin/netbpfload"
[    8.503805] NetBpfLoad: map /sys/fs/bpf/tethering/map_offload_tether_upstream4_map id 8
[    8.504461] type=1320 audit(1790634422.147:5): 
[    8.504895] NetBpfLoad: bpf_create_map[tether_dev_map] btf:0 -> 12
[    8.505455] type=1334 audit(1790634422.147:6): prog-id=1 op=UNLOAD
[    8.505941] NetBpfLoad: map /sys/fs/bpf/tethering/map_offload_tether_dev_map id 9
[    8.506507] type=1300 audit(1790634422.147:6): arch=c000003e syscall=3 success=yes exit=0 a0=3 a1=0 a2=0 a3=0 items=0 ppid=1 auid=4294967295 uid=0 gid=0 euid=0 suid=0 fsuid=0 egid=0 sgid=0 fsgid=0 tty=(none) ses=4294967295 comm="netbpfload" exe="/apex/com.android.tethering/bin/netbpfload" subj=u:r:bpfloader:s0 key=(null)
[    8.507229] NetBpfLoad: cs[0].name:schedcls_tether_downstream6_ether kver in [5040000,ffffffff) api level in [3100,65536)
[    8.507578] type=1327 audit(1790634422.147:6): proctitle="/apex/com.android.tethering/bin/netbpfload"
[    8.508461] NetBpfLoad: BPF_PROG_LOAD call for /apex/com.android.tethering/etc/bpf/mainline/offload.o (schedcls_tether_downstream6_ether) returned fd: 3
[    8.508598] type=1320 audit(1790634422.147:6): 
[    8.509112] NetBpfLoad: prog /sys/fs/bpf/tethering/prog_offload_schedcls_tether_downstream6_ether id 2 len jit:1934 xlat:3384
[    8.509661] type=1334 audit(1790634422.151:7): prog-id=2 op=LOAD
[    8.510214] NetBpfLoad: cs[1].name:schedcls_tether_upstream6_ether kver in [5040000,ffffffff) api level in [3100,65536)
[    8.510750] type=1300 audit(1790634422.151:7): arch=c000003e syscall=321 success=yes exit=3 a0=5 a1=7ffcecd6dec0 a2=98 a3=0 items=0 ppid=1 auid=4294967295 uid=0 gid=0 euid=0 suid=0 fsuid=0 egid=0 sgid=0 fsgid=0 tty=(none) ses=4294967295 comm="netbpfload" exe="/apex/com.android.tethering/bin/netbpfload" subj=u:r:bpfloader:s0 key=(null)
[    8.513220] NetBpfLoad: BPF_PROG_LOAD call for /apex/com.android.tethering/etc/bpf/mainline/offload.o (schedcls_tether_upstream6_ether) returned fd: 13
[    8.513296] type=1327 audit(1790634422.151:7): proctitle="/apex/com.android.tethering/bin/netbpfload"
[    8.513953] NetBpfLoad: prog /sys/fs/bpf/tethering/prog_offload_schedcls_tether_upstream6_ether id 3 len jit:2026 xlat:3536
[    8.514507] type=1320 audit(1790634422.151:7): 
[    8.514811] NetBpfLoad: cs[2].name:schedcls_tether_downstream6_ether kver in [4090000,5040000) api level in [3100,65536)
[    8.515381] type=1334 audit(1790634422.155:8): prog-id=3 op=LOAD
[    8.515787] NetBpfLoad: cs[3].name:schedcls_tether_upstream6_ether kver in [4090000,5040000) api level in [3100,65536)
[    8.516340] type=1300 audit(1790634422.155:8): arch=c000003e syscall=321 success=yes exit=13 a0=5 a1=7ffcecd6dec0 a2=98 a3=0 items=0 ppid=1 auid=4294967295 uid=0 gid=0 euid=0 suid=0 fsuid=0 egid=0 sgid=0 fsgid=0 tty=(none) ses=4294967295 comm="netbpfload" exe="/apex/com.android.tethering/bin/netbpfload" subj=u:r:bpfloader:s0 key=(null)
[    8.518277] NetBpfLoad: cs[4].name:schedcls_tether_downstream6_rawip kver in [5040000,ffffffff) api level in [3100,65536)
[    8.519050] type=1327 audit(1790634422.155:8): proctitle="/apex/com.android.tethering/bin/netbpfload"
[    8.520126] NetBpfLoad: BPF_PROG_LOAD call for /apex/com.android.tethering/etc/bpf/mainline/offload.o (schedcls_tether_downstream6_rawip) returned fd: 14
[    8.520650] type=1320 audit(1790634422.155:8): 
[    8.521005] NetBpfLoad: prog /sys/fs/bpf/tethering/prog_offload_schedcls_tether_downstream6_rawip id 4 len jit:1977 xlat:3472
[    8.521826] type=1334 audit(1790634422.167:9): prog-id=4 op=LOAD
[    8.522227] NetBpfLoad: cs[5].name:schedcls_tether_upstream6_rawip kver in [5040000,ffffffff) api level in [3100,65536)
[    8.522984] type=1300 audit(1790634422.167:9): arch=c000003e syscall=321 success=yes exit=14 a0=5 a1=7ffcecd6dec0 a2=98 a3=0 items=0 ppid=1 auid=4294967295 uid=0 gid=0 euid=0 suid=0 fsuid=0 egid=0 sgid=0 fsgid=0 tty=(none) ses=4294967295 comm="netbpfload" exe="/apex/com.android.tethering/bin/netbpfload" subj=u:r:bpfloader:s0 key=(null)
[    8.525339] NetBpfLoad: BPF_PROG_LOAD call for /apex/com.android.tethering/etc/bpf/mainline/offload.o (schedcls_tether_upstream6_rawip) returned fd: 15
[    8.525950] type=1327 audit(1790634422.167:9): proctitle="/apex/com.android.tethering/bin/netbpfload"
[    8.526561] NetBpfLoad: prog /sys/fs/bpf/tethering/prog_offload_schedcls_tether_upstream6_rawip id 5 len jit:2060 xlat:3632
[    8.527318] type=1320 audit(1790634422.167:9): 
[    8.527633] NetBpfLoad: cs[6].name:schedcls_tether_downstream6_rawip kver in [40e0000,5040000) api level in [3100,65536)
[    8.528388] type=1334 audit(1790634422.171:10): prog-id=5 op=LOAD
[    8.528800] NetBpfLoad: cs[7].name:schedcls_tether_upstream6_rawip kver in [40e0000,5040000) api level in [3100,65536)
[    8.529652] type=1300 audit(1790634422.171:10): arch=c000003e syscall=321 success=yes exit=15 a0=5 a1=7ffcecd6dec0 a2=98 a3=0 items=0 ppid=1 auid=4294967295 uid=0 gid=0 euid=0 suid=0 fsuid=0 egid=0 sgid=0 fsgid=0 tty=(none) ses=4294967295 comm="netbpfload" exe="/apex/com.android.tethering/bin/netbpfload" subj=u:r:bpfloader:s0 key=(null)
[    8.531626] NetBpfLoad: cs[8].name:schedcls_tether_downstream6_rawip kver in [4090000,40e0000) api level in [3100,65536)
[    8.532422] type=1327 audit(1790634422.171:10): proctitle="/apex/com.android.tethering/bin/netbpfload"
[    8.533043] NetBpfLoad: cs[9].name:schedcls_tether_upstream6_rawip kver in [4090000,40e0000) api level in [3100,65536)
[    8.534001] type=1320 audit(1790634422.171:10): 
[    8.534324] NetBpfLoad: cs[10].name:schedcls_tether_downstream4_rawip kver in [50a0000,ffffffff) api level in [3100,65536)
[    8.552702] NetBpfLoad: BPF_PROG_LOAD call for /apex/com.android.tethering/etc/bpf/mainline/offload.o (schedcls_tether_downstream4_rawip) returned fd: 16
[    8.552762] type=1334 audit(1790634422.195:11): prog-id=6 op=LOAD
[    8.553718] NetBpfLoad: prog /sys/fs/bpf/tethering/prog_offload_schedcls_tether_downstream4_rawip id 6 len jit:4263 xlat:7664
[    8.554178] type=1300 audit(1790634422.195:11): arch=c000003e syscall=321 success=yes exit=16 a0=5 a1=7ffcecd6dec0 a2=98 a3=0 items=0 ppid=1 auid=4294967295 uid=0 gid=0 euid=0 suid=0 fsuid=0 egid=0 sgid=0 fsgid=0 tty=(none) ses=4294967295 comm="netbpfload" exe="/apex/com.android.tethering/bin/netbpfload" subj=u:r:bpfloader:s0 key=(null)
[    8.554909] NetBpfLoad: cs[11].name:schedcls_tether_upstream4_rawip kver in [50a0000,ffffffff) api level in [3100,65536)
[    8.556940] type=1327 audit(1790634422.195:11): proctitle="/apex/com.android.tethering/bin/netbpfload"
[    8.552702] NetBpfLoad: BPF_PROG_LOAD call for /apex/com.android.tethering/etc/bpf/mainline/offload.o (schedcls_tether_downstream4_rawip) returned fd: 16
[    8.558385] NetBpfLoad: BPF_PROG_LOAD call for /apex/com.android.tethering/etc/bpf/mainline/offload.o (schedcls_tether_upstream4_rawip) returned fd: 17
[    8.558461] type=1320 audit(1790634422.195:11): 
[    8.559380] NetBpfLoad: prog /sys/fs/bpf/tethering/prog_offload_schedcls_tether_upstream4_rawip id 7 len jit:4251 xlat:7648
[    8.559703] type=1334 audit(1790634422.207:12): prog-id=7 op=LOAD
[    8.560448] NetBpfLoad: cs[12].name:schedcls_tether_downstream4_ether kver in [50a0000,ffffffff) api level in [3100,65536)
[    8.560894] type=1300 audit(1790634422.207:12): arch=c000003e syscall=321 success=yes exit=17 a0=5 a1=7ffcecd6dec0 a2=98 a3=0 items=0 ppid=1 auid=4294967295 uid=0 gid=0 euid=0 suid=0 fsuid=0 egid=0 sgid=0 fsgid=0 tty=(none) ses=4294967295 comm="netbpfload" exe="/apex/com.android.tethering/bin/netbpfload" subj=u:r:bpfloader:s0 key=(null)
[    8.562273] NetBpfLoad: BPF_PROG_LOAD call for /apex/com.android.tethering/etc/bpf/mainline/offload.o (schedcls_tether_downstream4_ether) returned fd: 18
[    8.563741] type=1327 audit(1790634422.207:12): proctitle="/apex/com.android.tethering/bin/netbpfload"
[    8.564675] NetBpfLoad: prog /sys/fs/bpf/tethering/prog_offload_schedcls_tether_downstream4_ether id 8 len jit:4000 xlat:7144
[    8.565314] type=1320 audit(1790634422.207:12): 
[    8.566078] NetBpfLoad: cs[13].name:schedcls_tether_upstream4_ether kver in [50a0000,ffffffff) api level in [3100,65536)
[    8.566428] type=1334 audit(1790634422.211:13): prog-id=8 op=LOAD
[    8.552762] type=1334 audit(1790634422.195:11): prog-id=6 op=LOAD
[    8.553718] NetBpfLoad: prog /sys/fs/bpf/tethering/prog_offload_schedcls_tether_downstream4_rawip id 6 len jit:4263 xlat:7664
[    8.554178] type=1300 audit(1790634422.195:11): arch=c000003e syscall=321 success=yes exit=16 a0=5 a1=7ffcecd6dec0 a2=98 a3=0 items=0 ppid=1 auid=4294967295 uid=0 gid=0 euid=0 suid=0 fsuid=0 egid=0 sgid=0 fsgid=0 tty=(none) ses=4294967295 comm="netbpfload" exe="/apex/com.android.tethering/bin/netbpfload" subj=u:r:bpfloader:s0 key=(null)
[    8.554909] NetBpfLoad: cs[11].name:schedcls_tether_upstream4_rawip kver in [50a0000,ffffffff) api level in [3100,65536)
[    8.556940] type=1327 audit(1790634422.195:11): proctitle="/apex/com.android.tethering/bin/netbpfload"
[    8.558385] NetBpfLoad: BPF_PROG_LOAD call for /apex/com.android.tethering/etc/bpf/mainline/offload.o (schedcls_tether_upstream4_rawip) returned fd: 17
[    8.568053] NetBpfLoad: BPF_PROG_LOAD call for /apex/com.android.tethering/etc/bpf/mainline/offload.o (schedcls_tether_upstream4_ether) returned fd: 19
[    8.568146] type=1300 audit(1790634422.211:13): arch=c000003e syscall=321 success=yes exit=18 a0=5 a1=7ffcecd6dec0 a2=98 a3=0 items=0 ppid=1 auid=4294967295 uid=0 gid=0 euid=0 suid=0 fsuid=0 egid=0 sgid=0 fsgid=0 tty=(none) ses=4294967295 comm="netbpfload" exe="/apex/com.android.tethering/bin/netbpfload" subj=u:r:bpfloader:s0 key=(null)
[    8.569136] NetBpfLoad: prog /sys/fs/bpf/tethering/prog_offload_schedcls_tether_upstream4_ether id 9 len jit:3986 xlat:7128
[    8.571182] type=1327 audit(1790634422.211:13): proctitle="/apex/com.android.tethering/bin/netbpfload"
[    8.571922] NetBpfLoad: cs[14].name:schedcls_tether_downstream4_rawip kver in [5040000,50a0000) api level in [3100,65536)
[    8.572581] type=1320 audit(1790634422.211:13): 
[    8.573348] NetBpfLoad: cs[15].name:schedcls_tether_upstream4_rawip kver in [5040000,50a0000) api level in [3100,65536)
[    8.573729] type=1334 audit(1790634422.211:14): prog-id=9 op=LOAD
[    8.574454] NetBpfLoad: cs[16].name:schedcls_tether_downstream4_ether kver in [5040000,50a0000) api level in [3100,65536)
[    8.574901] type=1300 audit(1790634422.211:14): arch=c000003e syscall=321 success=yes exit=19 a0=5 a1=7ffcecd6dec0 a2=98 a3=0 items=0 ppid=1 auid=4294967295 uid=0 gid=0 euid=0 suid=0 fsuid=0 egid=0 sgid=0 fsgid=0 tty=(none) ses=4294967295 comm="netbpfload" exe="/apex/com.android.tethering/bin/netbpfload" subj=u:r:bpfloader:s0 key=(null)
[    8.575637] NetBpfLoad: cs[17].name:schedcls_tether_upstream4_ether kver in [5040000,50a0000) api level in [3100,65536)
[    8.577670] type=1327 audit(1790634422.211:14): proctitle="/apex/com.android.tethering/bin/netbpfload"
[    8.578390] NetBpfLoad: cs[18].name:schedcls_tether_downstream4_rawip kver in [40e0000,5040000) api level in [3100,65536)
[    8.579053] type=1320 audit(1790634422.211:14): 
[    8.579845] NetBpfLoad: cs[19].name:schedcls_tether_upstream4_rawip kver in [40e0000,5040000) api level in [3100,65536)
[    8.558461] type=1320 audit(1790634422.195:11): 
[    8.559380] NetBpfLoad: prog /sys/fs/bpf/tethering/prog_offload_schedcls_tether_upstream4_rawip id 7 len jit:4251 xlat:7648
[    8.559703] type=1334 audit(1790634422.207:12): prog-id=7 op=LOAD
[    8.560448] NetBpfLoad: cs[12].name:schedcls_tether_downstream4_ether kver in [50a0000,ffffffff) api level in [3100,65536)
[    8.560894] type=1300 audit(1790634422.207:12): arch=c000003e syscall=321 success=yes exit=17 a0=5 a1=7ffcecd6dec0 a2=98 a3=0 items=0 ppid=1 auid=4294967295 uid=0 gid=0 euid=0 suid=0 fsuid=0 egid=0 sgid=0 fsgid=0 tty=(none) ses=4294967295 comm="netbpfload" exe="/apex/com.android.tethering/bin/netbpfload" subj=u:r:bpfloader:s0 key=(null)
[    8.562273] NetBpfLoad: BPF_PROG_LOAD call for /apex/com.android.tethering/etc/bpf/mainline/offload.o (schedcls_tether_downstream4_ether) returned fd: 18
[    8.563741] type=1327 audit(1790634422.207:12): proctitle="/apex/com.android.tethering/bin/netbpfload"
[    8.564675] NetBpfLoad: prog /sys/fs/bpf/tethering/prog_offload_schedcls_tether_downstream4_ether id 8 len jit:4000 xlat:7144
[    8.565314] type=1320 audit(1790634422.207:12): 
[    8.566078] NetBpfLoad: cs[13].name:schedcls_tether_upstream4_ether kver in [50a0000,ffffffff) api level in [3100,65536)
[    8.566428] type=1334 audit(1790634422.211:13): prog-id=8 op=LOAD
[    8.568053] NetBpfLoad: BPF_PROG_LOAD call for /apex/com.android.tethering/etc/bpf/mainline/offload.o (schedcls_tether_upstream4_ether) returned fd: 19
[    8.568146] type=1300 audit(1790634422.211:13): arch=c000003e syscall=321 success=yes exit=18 a0=5 a1=7ffcecd6dec0 a2=98 a3=0 items=0 ppid=1 auid=4294967295 uid=0 gid=0 euid=0 suid=0 fsuid=0 egid=0 sgid=0 fsgid=0 tty=(none) ses=4294967295 comm="netbpfload" exe="/apex/com.android.tethering/bin/netbpfload" subj=u:r:bpfloader:s0 key=(null)
[    8.569136] NetBpfLoad: prog /sys/fs/bpf/tethering/prog_offload_schedcls_tether_upstream4_ether id 9 len jit:3986 xlat:7128
[    8.571182] type=1327 audit(1790634422.211:13): proctitle="/apex/com.android.tethering/bin/netbpfload"
[    8.571922] NetBpfLoad: cs[14].name:schedcls_tether_downstream4_rawip kver in [5040000,50a0000) api level in [3100,65536)
[    8.572581] type=1320 audit(1790634422.211:13): 
[    8.573348] NetBpfLoad: cs[15].name:schedcls_tether_upstream4_rawip kver in [5040000,50a0000) api level in [3100,65536)
[    8.573729] type=1334 audit(1790634422.211:14): prog-id=9 op=LOAD
[    8.574454] NetBpfLoad: cs[16].name:schedcls_tether_downstream4_ether kver in [5040000,50a0000) api level in [3100,65536)
[    8.574901] type=1300 audit(1790634422.211:14): arch=c000003e syscall=321 success=yes exit=19 a0=5 a1=7ffcecd6dec0 a2=98 a3=0 items=0 ppid=1 auid=4294967295 uid=0 gid=0 euid=0 suid=0 fsuid=0 egid=0 sgid=0 fsgid=0 tty=(none) ses=4294967295 comm="netbpfload" exe="/apex/com.android.tethering/bin/netbpfload" subj=u:r:bpfloader:s0 key=(null)
[    8.575637] NetBpfLoad: cs[17].name:schedcls_tether_upstream4_ether kver in [5040000,50a0000) api level in [3100,65536)
[    8.577670] type=1327 audit(1790634422.211:14): proctitle="/apex/com.android.tethering/bin/netbpfload"
[    8.578390] NetBpfLoad: cs[18].name:schedcls_tether_downstream4_rawip kver in [40e0000,5040000) api level in [3100,65536)
[    8.579053] type=1320 audit(1790634422.211:14): 
[    8.579845] NetBpfLoad: cs[19].name:schedcls_tether_upstream4_rawip kver in [40e0000,5040000) api level in [3100,65536)
[    8.582560] NetBpfLoad: cs[20].name:schedcls_tether_downstream4_ether kver in [40e0000,5040000) api level in [3100,65536)
[    8.582560] NetBpfLoad: cs[20].name:schedcls_tether_downstream4_ether kver in [40e0000,5040000) api level in [3100,65536)
[    8.583433] NetBpfLoad: cs[21].name:schedcls_tether_upstream4_ether kver in [40e0000,5040000) api level in [3100,65536)
[    8.583433] NetBpfLoad: cs[21].name:schedcls_tether_upstream4_ether kver in [40e0000,5040000) api level in [3100,65536)
[    8.584261] NetBpfLoad: cs[22].name:schedcls_tether_downstream4_rawip kver in [5040000,50a0000) api level in [3100,65536)
[    8.584261] NetBpfLoad: cs[22].name:schedcls_tether_downstream4_rawip kver in [5040000,50a0000) api level in [3100,65536)
[    8.585108] NetBpfLoad: cs[23].name:schedcls_tether_upstream4_rawip kver in [5040000,50a0000) api level in [3100,65536)
[    8.585108] NetBpfLoad: cs[23].name:schedcls_tether_upstream4_rawip kver in [5040000,50a0000) api level in [3100,65536)
[    8.585923] NetBpfLoad: cs[24].name:schedcls_tether_downstream4_rawip kver in [40e0000,5040000) api level in [3100,65536)
[    8.585923] NetBpfLoad: cs[24].name:schedcls_tether_downstream4_rawip kver in [40e0000,5040000) api level in [3100,65536)
[    8.586754] NetBpfLoad: cs[25].name:schedcls_tether_upstream4_rawip kver in [40e0000,5040000) api level in [3100,65536)
[    8.586754] NetBpfLoad: cs[25].name:schedcls_tether_upstream4_rawip kver in [40e0000,5040000) api level in [3100,65536)
[    8.587577] NetBpfLoad: cs[26].name:schedcls_tether_downstream4_ether kver in [5040000,50a0000) api level in [3100,65536)
[    8.587577] NetBpfLoad: cs[26].name:schedcls_tether_downstream4_ether kver in [5040000,50a0000) api level in [3100,65536)
[    8.588427] NetBpfLoad: cs[27].name:schedcls_tether_upstream4_ether kver in [5040000,50a0000) api level in [3100,65536)
[    8.588427] NetBpfLoad: cs[27].name:schedcls_tether_upstream4_ether kver in [5040000,50a0000) api level in [3100,65536)
[    8.589253] NetBpfLoad: cs[28].name:schedcls_tether_downstream4_ether kver in [40e0000,5040000) api level in [3100,65536)
[    8.589253] NetBpfLoad: cs[28].name:schedcls_tether_downstream4_ether kver in [40e0000,5040000) api level in [3100,65536)
[    8.590075] NetBpfLoad: cs[29].name:schedcls_tether_upstream4_ether kver in [40e0000,5040000) api level in [3100,65536)
[    8.590075] NetBpfLoad: cs[29].name:schedcls_tether_upstream4_ether kver in [40e0000,5040000) api level in [3100,65536)
[    8.591029] NetBpfLoad: cs[30].name:schedcls_tether_downstream4_rawip kver in [4090000,40e0000) api level in [3100,65536)
[    8.591029] NetBpfLoad: cs[30].name:schedcls_tether_downstream4_rawip kver in [4090000,40e0000) api level in [3100,65536)
[    8.591851] NetBpfLoad: cs[31].name:schedcls_tether_upstream4_rawip kver in [4090000,40e0000) api level in [3100,65536)
[    8.591851] NetBpfLoad: cs[31].name:schedcls_tether_upstream4_rawip kver in [4090000,40e0000) api level in [3100,65536)
[    8.592656] NetBpfLoad: cs[32].name:schedcls_tether_downstream4_ether kver in [4090000,40e0000) api level in [3100,65536)
[    8.592656] NetBpfLoad: cs[32].name:schedcls_tether_downstream4_ether kver in [4090000,40e0000) api level in [3100,65536)
[    8.593482] NetBpfLoad: cs[33].name:schedcls_tether_upstream4_ether kver in [4090000,40e0000) api level in [3100,65536)
[    8.593482] NetBpfLoad: cs[33].name:schedcls_tether_upstream4_ether kver in [4090000,40e0000) api level in [3100,65536)
[    8.594384] NetBpfLoad: Loaded object: /apex/com.android.tethering/etc/bpf/mainline/offload.o, libbpf: 0
[    8.594384] NetBpfLoad: Loaded object: /apex/com.android.tethering/etc/bpf/mainline/offload.o, libbpf: 0
[    8.596550] type=1334 audit(1790634422.239:15): prog-id=10 op=LOAD
[    8.596790] NetBpfLoad: map /sys/fs/bpf/tethering/map_test_tether_downstream6_map id 10
[    8.597090] type=1300 audit(1790634422.239:15): arch=c000003e syscall=321 success=yes exit=3 a0=5 a1=7ffcecd6c5c0 a2=94 a3=2 items=0 ppid=1 auid=4294967295 uid=0 gid=0 euid=0 suid=0 fsuid=0 egid=0 sgid=0 fsgid=0 tty=(none) ses=4294967295 comm="netbpfload" exe="/apex/com.android.tethering/bin/netbpfload" subj=u:r:bpfloader:s0 key=(null)
[    8.597638] NetBpfLoad: map /sys/fs/bpf/tethering/map_test_tether2_downstream6_map id 11
[    8.599830] type=1327 audit(1790634422.239:15): proctitle="/apex/com.android.tethering/bin/netbpfload"
[    8.600520] NetBpfLoad: map /sys/fs/bpf/tethering/map_test_tether3_downstream6_map id 12
[    8.601208] type=1320 audit(1790634422.239:15): 
[    8.601876] NetBpfLoad: map /sys/fs/bpf/tethering/map_test_kernel_stats_map id 13
[    8.602201] type=1334 audit(1790634422.239:16): prog-id=10 op=UNLOAD
[    8.602772] NetBpfLoad: map /sys/fs/bpf/tethering/map_test_bitmap id 14
[    8.603354] type=1300 audit(1790634422.239:16): arch=c000003e syscall=3 success=yes exit=0 a0=3 a1=0 a2=0 a3=2 items=0 ppid=1 auid=4294967295 uid=0 gid=0 euid=0 suid=0 fsuid=0 egid=0 sgid=0 fsgid=0 tty=(none) ses=4294967295 comm="netbpfload" exe="/apex/com.android.tethering/bin/netbpfload" subj=u:r:bpfloader:s0 key=(null)
[    8.603800] NetBpfLoad: Loaded object: /apex/com.android.tethering/etc/bpf/mainline/test.o, libbpf: 1
[    8.606306] type=1327 audit(1790634422.239:16): proctitle="/apex/com.android.tethering/bin/netbpfload"
[    8.607445] NetBpfLoad: skipping prog schedcls_ingress6_clat_ether: kernel version 0x606008e is outside required range [0x4090000, 0x40e0000)
[    8.607696] type=1320 audit(1790634422.239:16): 
[    8.608581] NetBpfLoad: skipping prog schedcls_ingress6_clat_rawip: kernel version 0x606008e is outside required range [0x4090000, 0x40e0000)
[    8.609062] type=1334 audit(1790634422.239:17): prog-id=11 op=LOAD
[    8.596550] type=1334 audit(1790634422.239:15): prog-id=10 op=LOAD
[    8.596790] NetBpfLoad: map /sys/fs/bpf/tethering/map_test_tether_downstream6_map id 10
[    8.597090] type=1300 audit(1790634422.239:15): arch=c000003e syscall=321 success=yes exit=3 a0=5 a1=7ffcecd6c5c0 a2=94 a3=2 items=0 ppid=1 auid=4294967295 uid=0 gid=0 euid=0 suid=0 fsuid=0 egid=0 sgid=0 fsgid=0 tty=(none) ses=4294967295 comm="netbpfload" exe="/apex/com.android.tethering/bin/netbpfload" subj=u:r:bpfloader:s0 key=(null)
[    8.597638] NetBpfLoad: map /sys/fs/bpf/tethering/map_test_tether2_downstream6_map id 11
[    8.599830] type=1327 audit(1790634422.239:15): proctitle="/apex/com.android.tethering/bin/netbpfload"
[    8.600520] NetBpfLoad: map /sys/fs/bpf/tethering/map_test_tether3_downstream6_map id 12
[    8.601208] type=1320 audit(1790634422.239:15): 
[    8.601876] NetBpfLoad: map /sys/fs/bpf/tethering/map_test_kernel_stats_map id 13
[    8.602201] type=1334 audit(1790634422.239:16): prog-id=10 op=UNLOAD
[    8.602772] NetBpfLoad: map /sys/fs/bpf/tethering/map_test_bitmap id 14
[    8.603354] type=1300 audit(1790634422.239:16): arch=c000003e syscall=3 success=yes exit=0 a0=3 a1=0 a2=0 a3=2 items=0 ppid=1 auid=4294967295 uid=0 gid=0 euid=0 suid=0 fsuid=0 egid=0 sgid=0 fsgid=0 tty=(none) ses=4294967295 comm="netbpfload" exe="/apex/com.android.tethering/bin/netbpfload" subj=u:r:bpfloader:s0 key=(null)
[    8.611187] NetBpfLoad: map /sys/fs/bpf/net_shared/map_clatd_clat_ingress6_map id 15
[    8.611302] type=1300 audit(1790634422.239:17): arch=c000003e syscall=321 success=yes exit=9 a0=5 a1=7ffcecd6c4a8 a2=40 a3=15 items=0 ppid=1 auid=4294967295 uid=0 gid=0 euid=0 suid=0 fsuid=0 egid=0 sgid=0 fsgid=0 tty=(none) ses=4294967295 comm="netbpfload" exe="/apex/com.android.tethering/bin/netbpfload" subj=u:r:bpfloader:s0 key=(null)
[    8.611807] NetBpfLoad: map /sys/fs/bpf/net_shared/map_clatd_clat_egress4_map id 16
[    8.614537] type=1327 audit(1790634422.239:17): proctitle="/apex/com.android.tethering/bin/netbpfload"
[    8.615076] NetBpfLoad: prog /sys/fs/bpf/net_shared/prog_clatd_schedcls_ingress6_clat_ether id 13 len jit:1837 xlat:3176
[    8.615897] type=1320 audit(1790634422.239:17): 
[    8.616658] NetBpfLoad: prog /sys/fs/bpf/net_shared/prog_clatd_schedcls_ingress6_clat_rawip id 14 len jit:1500 xlat:2520
[    8.617105] type=1334 audit(1790634422.239:18): prog-id=11 op=UNLOAD
[    8.617850] NetBpfLoad: prog /sys/fs/bpf/net_shared/prog_clatd_schedcls_egress4_clat_rawip id 15 len jit:1248 xlat:2080
[    8.618441] type=1300 audit(1790634422.239:18): arch=c000003e syscall=3 success=yes exit=0 a0=9 a1=0 a2=0 a3=15 items=0 ppid=1 auid=4294967295 uid=0 gid=0 euid=0 suid=0 fsuid=0 egid=0 sgid=0 fsgid=0 tty=(none) ses=4294967295 comm="netbpfload" exe="/apex/com.android.tethering/bin/netbpfload" subj=u:r:bpfloader:s0 key=(null)
[    8.619452] NetBpfLoad: Loaded object: /apex/com.android.tethering/etc/bpf/mainline/clatd.o, libbpf: 1
[    8.621864] type=1327 audit(1790634422.239:18): proctitle="/apex/com.android.tethering/bin/netbpfload"
[    8.603800] NetBpfLoad: Loaded object: /apex/com.android.tethering/etc/bpf/mainline/test.o, libbpf: 1
[    8.606306] type=1327 audit(1790634422.239:16): proctitle="/apex/com.android.tethering/bin/netbpfload"
[    8.607445] NetBpfLoad: skipping prog schedcls_ingress6_clat_ether: kernel version 0x606008e is outside required range [0x4090000, 0x40e0000)
[    8.607696] type=1320 audit(1790634422.239:16): 
[    8.608581] NetBpfLoad: skipping prog schedcls_ingress6_clat_rawip: kernel version 0x606008e is outside required range [0x4090000, 0x40e0000)
[    8.623600] NetBpfLoad: map /sys/fs/bpf/net_shared/map_dscpPolicy_socket_policy_cache_map id 17
[    8.623665] type=1320 audit(1790634422.239:18): 
[    8.624285] NetBpfLoad: map /sys/fs/bpf/net_shared/map_dscpPolicy_ipv4_dscp_policies_map id 18
[    8.624727] type=1334 audit(1790634422.255:19): prog-id=12 op=LOAD
[    8.625347] NetBpfLoad: map /sys/fs/bpf/net_shared/map_dscpPolicy_ipv6_dscp_policies_map id 19
[    8.625963] type=1300 audit(1790634422.255:19): arch=c000003e syscall=321 success=yes exit=3 a0=5 a1=7ffcecd6c5c0 a2=94 a3=2 items=0 ppid=1 auid=4294967295 uid=0 gid=0 euid=0 suid=0 fsuid=0 egid=0 sgid=0 fsgid=0 tty=(none) ses=4294967295 comm="netbpfload" exe="/apex/com.android.tethering/bin/netbpfload" subj=u:r:bpfloader:s0 key=(null)
[    8.626565] NetBpfLoad: prog /sys/fs/bpf/net_shared/prog_dscpPolicy_schedcls_set_dscp_ether id 17 len jit:2185 xlat:3944
[    8.629185] type=1327 audit(1790634422.255:19): proctitle="/apex/com.android.tethering/bin/netbpfload"
[    8.629943] NetBpfLoad: Loaded object: /apex/com.android.tethering/etc/bpf/mainline/dscpPolicy@funcs.o, libbpf: 1
[    8.630709] type=1320 audit(1790634422.255:19): 
[    8.609062] type=1334 audit(1790634422.239:17): prog-id=11 op=LOAD
[    8.611187] NetBpfLoad: map /sys/fs/bpf/net_shared/map_clatd_clat_ingress6_map id 15
[    8.611302] type=1300 audit(1790634422.239:17): arch=c000003e syscall=321 success=yes exit=9 a0=5 a1=7ffcecd6c4a8 a2=40 a3=15 items=0 ppid=1 auid=4294967295 uid=0 gid=0 euid=0 suid=0 fsuid=0 egid=0 sgid=0 fsgid=0 tty=(none) ses=4294967295 comm="netbpfload" exe="/apex/com.android.tethering/bin/netbpfload" subj=u:r:bpfloader:s0 key=(null)
[    8.611807] NetBpfLoad: map /sys/fs/bpf/net_shared/map_clatd_clat_egress4_map id 16
[    8.614537] type=1327 audit(1790634422.239:17): proctitle="/apex/com.android.tethering/bin/netbpfload"
[    8.615076] NetBpfLoad: prog /sys/fs/bpf/net_shared/prog_clatd_schedcls_ingress6_clat_ether id 13 len jit:1837 xlat:3176
[    8.615897] type=1320 audit(1790634422.239:17): 
[    8.616658] NetBpfLoad: prog /sys/fs/bpf/net_shared/prog_clatd_schedcls_ingress6_clat_rawip id 14 len jit:1500 xlat:2520
[    8.617105] type=1334 audit(1790634422.239:18): prog-id=11 op=UNLOAD
[    8.617850] NetBpfLoad: prog /sys/fs/bpf/net_shared/prog_clatd_schedcls_egress4_clat_rawip id 15 len jit:1248 xlat:2080
[    8.618441] type=1300 audit(1790634422.239:18): arch=c000003e syscall=3 success=yes exit=0 a0=9 a1=0 a2=0 a3=15 items=0 ppid=1 auid=4294967295 uid=0 gid=0 euid=0 suid=0 fsuid=0 egid=0 sgid=0 fsgid=0 tty=(none) ses=4294967295 comm="netbpfload" exe="/apex/com.android.tethering/bin/netbpfload" subj=u:r:bpfloader:s0 key=(null)
[    8.619452] NetBpfLoad: Loaded object: /apex/com.android.tethering/etc/bpf/mainline/clatd.o, libbpf: 1
[    8.621864] type=1327 audit(1790634422.239:18): proctitle="/apex/com.android.tethering/bin/netbpfload"
[    8.623600] NetBpfLoad: map /sys/fs/bpf/net_shared/map_dscpPolicy_socket_policy_cache_map id 17
[    8.623665] type=1320 audit(1790634422.239:18): 
[    8.624285] NetBpfLoad: map /sys/fs/bpf/net_shared/map_dscpPolicy_ipv4_dscp_policies_map id 18
[    8.624727] type=1334 audit(1790634422.255:19): prog-id=12 op=LOAD
[    8.625347] NetBpfLoad: map /sys/fs/bpf/net_shared/map_dscpPolicy_ipv6_dscp_policies_map id 19
[    8.625963] type=1300 audit(1790634422.255:19): arch=c000003e syscall=321 success=yes exit=3 a0=5 a1=7ffcecd6c5c0 a2=94 a3=2 items=0 ppid=1 auid=4294967295 uid=0 gid=0 euid=0 suid=0 fsuid=0 egid=0 sgid=0 fsgid=0 tty=(none) ses=4294967295 comm="netbpfload" exe="/apex/com.android.tethering/bin/netbpfload" subj=u:r:bpfloader:s0 key=(null)
[    8.626565] NetBpfLoad: prog /sys/fs/bpf/net_shared/prog_dscpPolicy_schedcls_set_dscp_ether id 17 len jit:2185 xlat:3944
[    8.629185] type=1327 audit(1790634422.255:19): proctitle="/apex/com.android.tethering/bin/netbpfload"
[    8.629943] NetBpfLoad: Loaded object: /apex/com.android.tethering/etc/bpf/mainline/dscpPolicy@funcs.o, libbpf: 1
[    8.630709] type=1320 audit(1790634422.255:19): 
[    8.633376] type=1334 audit(1790634422.255:20): prog-id=12 op=UNLOAD
[    8.633376] type=1334 audit(1790634422.255:20): prog-id=12 op=UNLOAD
[    8.634054] type=1300 audit(1790634422.255:20): arch=c000003e syscall=3 success=yes exit=0 a0=3 a1=0 a2=0 a3=2 items=0 ppid=1 auid=4294967295 uid=0 gid=0 euid=0 suid=0 fsuid=0 egid=0 sgid=0 fsgid=0 tty=(none) ses=4294967295 comm="netbpfload" exe="/apex/com.android.tethering/bin/netbpfload" subj=u:r:bpfloader:s0 key=(null)
[    8.635557] NetBpfLoad: skipping prog ingress_stats: kernel version 0x606008e is outside required range [0x6120000, 0xffffffff)
[    8.636605] type=1327 audit(1790634422.255:20): proctitle="/apex/com.android.tethering/bin/netbpfload"
[    8.637440] NetBpfLoad: skipping prog ingress_stats: kernel version 0x606008e is outside required range [0x50a0000, 0x6010000)
[    8.638319] type=1320 audit(1790634422.255:20): 
[    8.639105] NetBpfLoad: skipping prog ingress_stats: api 3700 is outside required range [3610, 3700)
[    8.639561] type=1334 audit(1790634422.255:21): prog-id=13 op=LOAD
[    8.640173] NetBpfLoad: skipping prog ingress_stats: api 3700 is outside required range [3600, 3610)
[    8.640782] type=1300 audit(1790634422.255:21): arch=c000003e syscall=321 success=yes exit=6 a0=5 a1=7ffcecd6c5c0 a2=94 a3=17f items=0 ppid=1 auid=4294967295 uid=0 gid=0 euid=0 suid=0 fsuid=0 egid=0 sgid=0 fsgid=0 tty=(none) ses=4294967295 comm="netbpfload" exe="/apex/com.android.tethering/bin/netbpfload" subj=u:r:bpfloader:s0 key=(null)
[    8.641436] NetBpfLoad: skipping prog ingress_stats: kernel version 0x606008e is outside required range [0x5040000, 0x50a0000)
[    8.643930] type=1327 audit(1790634422.255:21): proctitle="/apex/com.android.tethering/bin/netbpfload"
[    8.644857] NetBpfLoad: skipping prog ingress_stats: api 3700 is outside required range [3400, 3600)
[    8.645566] type=1320 audit(1790634422.255:21): 
[    8.646336] NetBpfLoad: skipping prog ingress_stats: api 3700 is outside required range [3300, 3610)
[    8.646700] type=1334 audit(1790634422.255:22): prog-id=14 op=LOAD
[    8.647410] NetBpfLoad: skipping prog ingress_stats: kernel version 0x606008e is outside required range [0x4130000, 0x5040000)
[    8.647875] type=1300 audit(1790634422.255:22): arch=c000003e syscall=321 success=yes exit=7 a0=5 a1=7ffcecd6c5c0 a2=94 a3=12e items=0 ppid=1 auid=4294967295 uid=0 gid=0 euid=0 suid=0 fsuid=0 egid=0 sgid=0 fsgid=0 tty=(none) ses=4294967295 comm="netbpfload" exe="/apex/com.android.tethering/bin/netbpfload" subj=u:r:bpfloader:s0 key=(null)
[    8.648628] NetBpfLoad: skipping prog ingress_stats: kernel version 0x606008e is outside required range [0x4090000, 0x4130000)
[    8.650814] type=1327 audit(1790634422.255:22): proctitle="/apex/com.android.tethering/bin/netbpfload"
[    8.651558] NetBpfLoad: skipping prog egress_stats: kernel version 0x606008e is outside required range [0x50a0000, 0x6010000)
[    8.652224] type=1320 audit(1790634422.255:22): 
[    8.653154] NetBpfLoad: skipping prog egress_stats: api 3700 is outside required range [3610, 3700)
[    8.653508] type=1334 audit(1790634422.255:23): prog-id=15 op=LOAD
[    8.654248] NetBpfLoad: skipping prog egress_stats: api 3700 is outside required range [3600, 3610)
[    8.654710] type=1300 audit(1790634422.255:23): arch=c000003e syscall=321 success=yes exit=8 a0=5 a1=7ffcecd6c5c0 a2=94 a3=f7 items=0 ppid=1 auid=4294967295 uid=0 gid=0 euid=0 suid=0 fsuid=0 egid=0 sgid=0 fsgid=0 tty=(none) ses=4294967295 comm="netbpfload" exe="/apex/com.android.tethering/bin/netbpfload" subj=u:r:bpfloader:s0 key=(null)
[    8.655441] NetBpfLoad: skipping prog egress_stats: kernel version 0x606008e is outside required range [0x5040000, 0x50a0000)
[    8.657492] type=1327 audit(1790634422.255:23): proctitle="/apex/com.android.tethering/bin/netbpfload"
[    8.658406] NetBpfLoad: skipping prog egress_stats: api 3700 is outside required range [3400, 3600)
[    8.659068] type=1320 audit(1790634422.255:23): 
[    8.659807] NetBpfLoad: skipping prog egress_stats: api 3700 is outside required range [3300, 3610)
[    8.660164] type=1334 audit(1790634422.271:24): prog-id=16 op=LOAD
[    8.660919] NetBpfLoad: skipping prog egress_stats: kernel version 0x606008e is outside required range [0x4130000, 0x5040000)
[    8.661408] type=1300 audit(1790634422.271:24): arch=c000003e syscall=321 success=yes exit=3 a0=5 a1=7ffcecd6c5c0 a2=94 a3=2 items=0 ppid=1 auid=4294967295 uid=0 gid=0 euid=0 suid=0 fsuid=0 egid=0 sgid=0 fsgid=0 tty=(none) ses=4294967295 comm="netbpfload" exe="/apex/com.android.tethering/bin/netbpfload" subj=u:r:bpfloader:s0 key=(null)
[    8.662320] NetBpfLoad: skipping prog egress_stats: kernel version 0x606008e is outside required range [0x4090000, 0x4130000)
[    8.664373] type=1327 audit(1790634422.271:24): proctitle="/apex/com.android.tethering/bin/netbpfload"
[    8.665308] NetBpfLoad: skipping prog cgroupsock_inet_create: kernel version 0x606008e is outside required range [0x40e0000, 0x50a0000)
[    8.665991] type=1320 audit(1790634422.271:24): 
[    8.666993] NetBpfLoad: skipping prog bind4_inet4_bind: kernel version 0x606008e is outside required range [0x4130000, 0x50f0000)
[    8.667367] type=1334 audit(1790634422.271:25): prog-id=16 op=UNLOAD
[    8.668326] NetBpfLoad: skipping prog bind6_inet6_bind: kernel version 0x606008e is outside required range [0x4130000, 0x50f0000)
[    8.668808] type=1300 audit(1790634422.271:25): arch=c000003e syscall=3 success=yes exit=0 a0=3 a1=0 a2=0 a3=2 items=0 ppid=1 auid=4294967295 uid=0 gid=0 euid=0 suid=0 fsuid=0 egid=0 sgid=0 fsgid=0 tty=(none) ses=4294967295 comm="netbpfload" exe="/apex/com.android.tethering/bin/netbpfload" subj=u:r:bpfloader:s0 key=(null)
[    8.669768] NetBpfLoad: skipping prog getsockopt_prog: kernel version 0x606008e is outside required range [0x6120000, 0xffffffff)
[    8.671786] type=1327 audit(1790634422.271:25): proctitle="/apex/com.android.tethering/bin/netbpfload"
[    8.672722] NetBpfLoad: skipping prog getsockopt_prog: api 3700 is outside required range [3500, 3700)
[    8.673501] type=1320 audit(1790634422.271:25): 
[    8.674232] NetBpfLoad: skipping prog getsockopt_prog: kernel version 0x606008e is outside required range [0x50a0000, 0x6010000)
[    8.674585] type=1334 audit(1790634422.271:26): prog-id=17 op=LOAD
[    8.675536] NetBpfLoad: skipping prog getsockopt_prog: kernel version 0x606008e is outside required range [0x5040000, 0x50a0000)
[    8.676010] type=1300 audit(1790634422.271:26): arch=c000003e syscall=321 success=yes exit=7 a0=5 a1=7ffcecd6c5c0 a2=94 a3=1eb items=0 ppid=1 auid=4294967295 uid=0 gid=0 euid=0 suid=0 fsuid=0 egid=0 sgid=0 fsgid=0 tty=(none) ses=4294967295 comm="netbpfload" exe="/apex/com.android.tethering/bin/netbpfload" subj=u:r:bpfloader:s0 key=(null)
[    8.676944] NetBpfLoad: skipping prog setsockopt_prog: kernel version 0x606008e is outside required range [0x6120000, 0xffffffff)
[    8.679127] type=1327 audit(1790634422.271:26): proctitle="/apex/com.android.tethering/bin/netbpfload"
[    8.680081] NetBpfLoad: skipping prog setsockopt_prog: api 3700 is outside required range [3500, 3700)
[    8.680826] type=1320 audit(1790634422.271:26): 
[    8.681536] NetBpfLoad: skipping prog setsockopt_prog: kernel version 0x606008e is outside required range [0x50a0000, 0x6010000)
[    8.634054] type=1300 audit(1790634422.255:20): arch=c000003e syscall=3 success=yes exit=0 a0=3 a1=0 a2=0 a3=2 items=0 ppid=1 auid=4294967295 uid=0 gid=0 euid=0 suid=0 fsuid=0 egid=0 sgid=0 fsgid=0 tty=(none) ses=4294967295 comm="netbpfload" exe="/apex/com.android.tethering/bin/netbpfload" subj=u:r:bpfloader:s0 key=(null)
[    8.635557] NetBpfLoad: skipping prog ingress_stats: kernel version 0x606008e is outside required range [0x6120000, 0xffffffff)
[    8.636605] type=1327 audit(1790634422.255:20): proctitle="/apex/com.android.tethering/bin/netbpfload"
[    8.637440] NetBpfLoad: skipping prog ingress_stats: kernel version 0x606008e is outside required range [0x50a0000, 0x6010000)
[    8.638319] type=1320 audit(1790634422.255:20): 
[    8.639105] NetBpfLoad: skipping prog ingress_stats: api 3700 is outside required range [3610, 3700)
[    8.639561] type=1334 audit(1790634422.255:21): prog-id=13 op=LOAD
[    8.640173] NetBpfLoad: skipping prog ingress_stats: api 3700 is outside required range [3600, 3610)
[    8.640782] type=1300 audit(1790634422.255:21): arch=c000003e syscall=321 success=yes exit=6 a0=5 a1=7ffcecd6c5c0 a2=94 a3=17f items=0 ppid=1 auid=4294967295 uid=0 gid=0 euid=0 suid=0 fsuid=0 egid=0 sgid=0 fsgid=0 tty=(none) ses=4294967295 comm="netbpfload" exe="/apex/com.android.tethering/bin/netbpfload" subj=u:r:bpfloader:s0 key=(null)
[    8.641436] NetBpfLoad: skipping prog ingress_stats: kernel version 0x606008e is outside required range [0x5040000, 0x50a0000)
[    8.643930] type=1327 audit(1790634422.255:21): proctitle="/apex/com.android.tethering/bin/netbpfload"
[    8.644857] NetBpfLoad: skipping prog ingress_stats: api 3700 is outside required range [3400, 3600)
[    8.645566] type=1320 audit(1790634422.255:21): 
[    8.646336] NetBpfLoad: skipping prog ingress_stats: api 3700 is outside required range [3300, 3610)
[    8.646700] type=1334 audit(1790634422.255:22): prog-id=14 op=LOAD
[    8.647410] NetBpfLoad: skipping prog ingress_stats: kernel version 0x606008e is outside required range [0x4130000, 0x5040000)
[    8.647875] type=1300 audit(1790634422.255:22): arch=c000003e syscall=321 success=yes exit=7 a0=5 a1=7ffcecd6c5c0 a2=94 a3=12e items=0 ppid=1 auid=4294967295 uid=0 gid=0 euid=0 suid=0 fsuid=0 egid=0 sgid=0 fsgid=0 tty=(none) ses=4294967295 comm="netbpfload" exe="/apex/com.android.tethering/bin/netbpfload" subj=u:r:bpfloader:s0 key=(null)
[    8.648628] NetBpfLoad: skipping prog ingress_stats: kernel version 0x606008e is outside required range [0x4090000, 0x4130000)
[    8.650814] type=1327 audit(1790634422.255:22): proctitle="/apex/com.android.tethering/bin/netbpfload"
[    8.651558] NetBpfLoad: skipping prog egress_stats: kernel version 0x606008e is outside required range [0x50a0000, 0x6010000)
[    8.652224] type=1320 audit(1790634422.255:22): 
[    8.653154] NetBpfLoad: skipping prog egress_stats: api 3700 is outside required range [3610, 3700)
[    8.653508] type=1334 audit(1790634422.255:23): prog-id=15 op=LOAD
[    8.654248] NetBpfLoad: skipping prog egress_stats: api 3700 is outside required range [3600, 3610)
[    8.654710] type=1300 audit(1790634422.255:23): arch=c000003e syscall=321 success=yes exit=8 a0=5 a1=7ffcecd6c5c0 a2=94 a3=f7 items=0 ppid=1 auid=4294967295 uid=0 gid=0 euid=0 suid=0 fsuid=0 egid=0 sgid=0 fsgid=0 tty=(none) ses=4294967295 comm="netbpfload" exe="/apex/com.android.tethering/bin/netbpfload" subj=u:r:bpfloader:s0 key=(null)
[    8.655441] NetBpfLoad: skipping prog egress_stats: kernel version 0x606008e is outside required range [0x5040000, 0x50a0000)
[    8.657492] type=1327 audit(1790634422.255:23): proctitle="/apex/com.android.tethering/bin/netbpfload"
[    8.658406] NetBpfLoad: skipping prog egress_stats: api 3700 is outside required range [3400, 3600)
[    8.659068] type=1320 audit(1790634422.255:23): 
[    8.659807] NetBpfLoad: skipping prog egress_stats: api 3700 is outside required range [3300, 3610)
[    8.660164] type=1334 audit(1790634422.271:24): prog-id=16 op=LOAD
[    8.660919] NetBpfLoad: skipping prog egress_stats: kernel version 0x606008e is outside required range [0x4130000, 0x5040000)
[    8.661408] type=1300 audit(1790634422.271:24): arch=c000003e syscall=321 success=yes exit=3 a0=5 a1=7ffcecd6c5c0 a2=94 a3=2 items=0 ppid=1 auid=4294967295 uid=0 gid=0 euid=0 suid=0 fsuid=0 egid=0 sgid=0 fsgid=0 tty=(none) ses=4294967295 comm="netbpfload" exe="/apex/com.android.tethering/bin/netbpfload" subj=u:r:bpfloader:s0 key=(null)
[    8.662320] NetBpfLoad: skipping prog egress_stats: kernel version 0x606008e is outside required range [0x4090000, 0x4130000)
[    8.664373] type=1327 audit(1790634422.271:24): proctitle="/apex/com.android.tethering/bin/netbpfload"
[    8.665308] NetBpfLoad: skipping prog cgroupsock_inet_create: kernel version 0x606008e is outside required range [0x40e0000, 0x50a0000)
[    8.665991] type=1320 audit(1790634422.271:24): 
[    8.666993] NetBpfLoad: skipping prog bind4_inet4_bind: kernel version 0x606008e is outside required range [0x4130000, 0x50f0000)
[    8.667367] type=1334 audit(1790634422.271:25): prog-id=16 op=UNLOAD
[    8.668326] NetBpfLoad: skipping prog bind6_inet6_bind: kernel version 0x606008e is outside required range [0x4130000, 0x50f0000)
[    8.668808] type=1300 audit(1790634422.271:25): arch=c000003e syscall=3 success=yes exit=0 a0=3 a1=0 a2=0 a3=2 items=0 ppid=1 auid=4294967295 uid=0 gid=0 euid=0 suid=0 fsuid=0 egid=0 sgid=0 fsgid=0 tty=(none) ses=4294967295 comm="netbpfload" exe="/apex/com.android.tethering/bin/netbpfload" subj=u:r:bpfloader:s0 key=(null)
[    8.669768] NetBpfLoad: skipping prog getsockopt_prog: kernel version 0x606008e is outside required range [0x6120000, 0xffffffff)
[    8.671786] type=1327 audit(1790634422.271:25): proctitle="/apex/com.android.tethering/bin/netbpfload"
[    8.672722] NetBpfLoad: skipping prog getsockopt_prog: api 3700 is outside required range [3500, 3700)
[    8.673501] type=1320 audit(1790634422.271:25): 
[    8.674232] NetBpfLoad: skipping prog getsockopt_prog: kernel version 0x606008e is outside required range [0x50a0000, 0x6010000)
[    8.674585] type=1334 audit(1790634422.271:26): prog-id=17 op=LOAD
[    8.675536] NetBpfLoad: skipping prog getsockopt_prog: kernel version 0x606008e is outside required range [0x5040000, 0x50a0000)
[    8.676010] type=1300 audit(1790634422.271:26): arch=c000003e syscall=321 success=yes exit=7 a0=5 a1=7ffcecd6c5c0 a2=94 a3=1eb items=0 ppid=1 auid=4294967295 uid=0 gid=0 euid=0 suid=0 fsuid=0 egid=0 sgid=0 fsgid=0 tty=(none) ses=4294967295 comm="netbpfload" exe="/apex/com.android.tethering/bin/netbpfload" subj=u:r:bpfloader:s0 key=(null)
[    8.676944] NetBpfLoad: skipping prog setsockopt_prog: kernel version 0x606008e is outside required range [0x6120000, 0xffffffff)
[    8.679127] type=1327 audit(1790634422.271:26): proctitle="/apex/com.android.tethering/bin/netbpfload"
[    8.680081] NetBpfLoad: skipping prog setsockopt_prog: api 3700 is outside required range [3500, 3700)
[    8.680826] type=1320 audit(1790634422.271:26): 
[    8.681536] NetBpfLoad: skipping prog setsockopt_prog: kernel version 0x606008e is outside required range [0x50a0000, 0x6010000)
[    8.684803] NetBpfLoad: skipping prog setsockopt_prog: kernel version 0x606008e is outside required range [0x5040000, 0x50a0000)
[    8.684803] NetBpfLoad: skipping prog setsockopt_prog: kernel version 0x606008e is outside required range [0x5040000, 0x50a0000)
[    8.685934] type=1334 audit(1790634422.331:27): prog-id=18 op=LOAD
[    8.685934] type=1334 audit(1790634422.331:27): prog-id=18 op=LOAD
[    8.686493] type=1300 audit(1790634422.331:27): arch=c000003e syscall=321 success=yes exit=3 a0=5 a1=7ffcecd6c5c0 a2=94 a3=2 items=0 ppid=1 auid=4294967295 uid=0 gid=0 euid=0 suid=0 fsuid=0 egid=0 sgid=0 fsgid=0 tty=(none) ses=4294967295 comm="netbpfload" exe="/apex/com.android.tethering/bin/netbpfload" subj=u:r:bpfloader:s0 key=(null)
[    8.686493] type=1300 audit(1790634422.331:27): arch=c000003e syscall=321 success=yes exit=3 a0=5 a1=7ffcecd6c5c0 a2=94 a3=2 items=0 ppid=1 auid=4294967295 uid=0 gid=0 euid=0 suid=0 fsuid=0 egid=0 sgid=0 fsgid=0 tty=(none) ses=4294967295 comm="netbpfload" exe="/apex/com.android.tethering/bin/netbpfload" subj=u:r:bpfloader:s0 key=(null)
[    8.688789] type=1327 audit(1790634422.331:27): proctitle="/apex/com.android.tethering/bin/netbpfload"
[    8.688789] type=1327 audit(1790634422.331:27): proctitle="/apex/com.android.tethering/bin/netbpfload"
[    8.689516] type=1320 audit(1790634422.331:27): 
[    8.689516] type=1320 audit(1790634422.331:27): 
[    8.689970] type=1334 audit(1790634422.331:28): prog-id=18 op=UNLOAD
[    8.689970] type=1334 audit(1790634422.331:28): prog-id=18 op=UNLOAD
[    8.690507] type=1300 audit(1790634422.331:28): arch=c000003e syscall=3 success=yes exit=0 a0=3 a1=0 a2=0 a3=2 items=0 ppid=1 auid=4294967295 uid=0 gid=0 euid=0 suid=0 fsuid=0 egid=0 sgid=0 fsgid=0 tty=(none) ses=4294967295 comm="netbpfload" exe="/apex/com.android.tethering/bin/netbpfload" subj=u:r:bpfloader:s0 key=(null)
[    8.690507] type=1300 audit(1790634422.331:28): arch=c000003e syscall=3 success=yes exit=0 a0=3 a1=0 a2=0 a3=2 items=0 ppid=1 auid=4294967295 uid=0 gid=0 euid=0 suid=0 fsuid=0 egid=0 sgid=0 fsgid=0 tty=(none) ses=4294967295 comm="netbpfload" exe="/apex/com.android.tethering/bin/netbpfload" subj=u:r:bpfloader:s0 key=(null)
[    8.692642] type=1327 audit(1790634422.331:28): proctitle="/apex/com.android.tethering/bin/netbpfload"
[    8.692642] type=1327 audit(1790634422.331:28): proctitle="/apex/com.android.tethering/bin/netbpfload"
[    8.693359] type=1320 audit(1790634422.331:28): 
[    8.693359] type=1320 audit(1790634422.331:28): 
[    8.693806] type=1334 audit(1790634422.331:29): prog-id=19 op=LOAD
[    8.693806] type=1334 audit(1790634422.331:29): prog-id=19 op=LOAD
[    8.694381] type=1300 audit(1790634422.331:29): arch=c000003e syscall=321 success=yes exit=41 a0=5 a1=7ffcecd6c5c0 a2=94 a3=50 items=0 ppid=1 auid=4294967295 uid=0 gid=0 euid=0 suid=0 fsuid=0 egid=0 sgid=0 fsgid=0 tty=(none) ses=4294967295 comm="netbpfload" exe="/apex/com.android.tethering/bin/netbpfload" subj=u:r:bpfloader:s0 key=(null)
[    8.694381] type=1300 audit(1790634422.331:29): arch=c000003e syscall=321 success=yes exit=41 a0=5 a1=7ffcecd6c5c0 a2=94 a3=50 items=0 ppid=1 auid=4294967295 uid=0 gid=0 euid=0 suid=0 fsuid=0 egid=0 sgid=0 fsgid=0 tty=(none) ses=4294967295 comm="netbpfload" exe="/apex/com.android.tethering/bin/netbpfload" subj=u:r:bpfloader:s0 key=(null)
[    8.696633] type=1327 audit(1790634422.331:29): proctitle="/apex/com.android.tethering/bin/netbpfload"
[    8.696633] type=1327 audit(1790634422.331:29): proctitle="/apex/com.android.tethering/bin/netbpfload"
[    8.697355] type=1320 audit(1790634422.331:29): 
[    8.697355] type=1320 audit(1790634422.331:29): 
[    8.697808] type=1334 audit(1790634422.331:30): prog-id=20 op=LOAD
[    8.697808] type=1334 audit(1790634422.331:30): prog-id=20 op=LOAD
[    8.698327] type=1300 audit(1790634422.331:30): arch=c000003e syscall=321 success=yes exit=42 a0=5 a1=7ffcecd6c5c0 a2=94 a3=7c items=0 ppid=1 auid=4294967295 uid=0 gid=0 euid=0 suid=0 fsuid=0 egid=0 sgid=0 fsgid=0 tty=(none) ses=4294967295 comm="netbpfload" exe="/apex/com.android.tethering/bin/netbpfload" subj=u:r:bpfloader:s0 key=(null)
[    8.698327] type=1300 audit(1790634422.331:30): arch=c000003e syscall=321 success=yes exit=42 a0=5 a1=7ffcecd6c5c0 a2=94 a3=7c items=0 ppid=1 auid=4294967295 uid=0 gid=0 euid=0 suid=0 fsuid=0 egid=0 sgid=0 fsgid=0 tty=(none) ses=4294967295 comm="netbpfload" exe="/apex/com.android.tethering/bin/netbpfload" subj=u:r:bpfloader:s0 key=(null)
[    8.700549] type=1327 audit(1790634422.331:30): proctitle="/apex/com.android.tethering/bin/netbpfload"
[    8.700549] type=1327 audit(1790634422.331:30): proctitle="/apex/com.android.tethering/bin/netbpfload"
[    8.701245] type=1320 audit(1790634422.331:30): 
[    8.701245] type=1320 audit(1790634422.331:30): 
[    8.701691] type=1334 audit(1790634422.331:31): prog-id=21 op=LOAD
[    8.701691] type=1334 audit(1790634422.331:31): prog-id=21 op=LOAD
[    8.702218] type=1300 audit(1790634422.331:31): arch=c000003e syscall=321 success=yes exit=43 a0=5 a1=7ffcecd6c5c0 a2=94 a3=7c items=0 ppid=1 auid=4294967295 uid=0 gid=0 euid=0 suid=0 fsuid=0 egid=0 sgid=0 fsgid=0 tty=(none) ses=4294967295 comm="netbpfload" exe="/apex/com.android.tethering/bin/netbpfload" subj=u:r:bpfloader:s0 key=(null)
[    8.702218] type=1300 audit(1790634422.331:31): arch=c000003e syscall=321 success=yes exit=43 a0=5 a1=7ffcecd6c5c0 a2=94 a3=7c items=0 ppid=1 auid=4294967295 uid=0 gid=0 euid=0 suid=0 fsuid=0 egid=0 sgid=0 fsgid=0 tty=(none) ses=4294967295 comm="netbpfload" exe="/apex/com.android.tethering/bin/netbpfload" subj=u:r:bpfloader:s0 key=(null)
[    8.704449] type=1327 audit(1790634422.331:31): proctitle="/apex/com.android.tethering/bin/netbpfload"
[    8.704449] type=1327 audit(1790634422.331:31): proctitle="/apex/com.android.tethering/bin/netbpfload"
[    8.705272] type=1320 audit(1790634422.331:31): 
[    8.705272] type=1320 audit(1790634422.331:31): 
[    8.705644] type=1334 audit(1790634422.331:32): prog-id=22 op=LOAD
[    8.705644] type=1334 audit(1790634422.331:32): prog-id=22 op=LOAD
[    8.706165] type=1300 audit(1790634422.331:32): arch=c000003e syscall=321 success=yes exit=44 a0=5 a1=7ffcecd6c5c0 a2=94 a3=587 items=0 ppid=1 auid=4294967295 uid=0 gid=0 euid=0 suid=0 fsuid=0 egid=0 sgid=0 fsgid=0 tty=(none) ses=4294967295 comm="netbpfload" exe="/apex/com.android.tethering/bin/netbpfload" subj=u:r:bpfloader:s0 key=(null)
[    8.706165] type=1300 audit(1790634422.331:32): arch=c000003e syscall=321 success=yes exit=44 a0=5 a1=7ffcecd6c5c0 a2=94 a3=587 items=0 ppid=1 auid=4294967295 uid=0 gid=0 euid=0 suid=0 fsuid=0 egid=0 sgid=0 fsgid=0 tty=(none) ses=4294967295 comm="netbpfload" exe="/apex/com.android.tethering/bin/netbpfload" subj=u:r:bpfloader:s0 key=(null)
[    8.708428] type=1327 audit(1790634422.331:32): proctitle="/apex/com.android.tethering/bin/netbpfload"
[    8.708428] type=1327 audit(1790634422.331:32): proctitle="/apex/com.android.tethering/bin/netbpfload"
[    8.709125] type=1320 audit(1790634422.331:32): 
[    8.709125] type=1320 audit(1790634422.331:32): 
[    8.718007] type=1334 audit(1790634422.347:33): prog-id=23 op=LOAD
[    8.718007] type=1334 audit(1790634422.347:33): prog-id=23 op=LOAD
[    8.718570] type=1300 audit(1790634422.347:33): arch=c000003e syscall=321 success=yes exit=45 a0=5 a1=7ffcecd6c5c0 a2=94 a3=6c2 items=0 ppid=1 auid=4294967295 uid=0 gid=0 euid=0 suid=0 fsuid=0 egid=0 sgid=0 fsgid=0 tty=(none) ses=4294967295 comm="netbpfload" exe="/apex/com.android.tethering/bin/netbpfload" subj=u:r:bpfloader:s0 key=(null)
[    8.719091] NetBpfLoad: map /sys/fs/bpf/netd_shared/map_netd_configuration_map id 20
[    8.720800] type=1327 audit(1790634422.347:33): proctitle="/apex/com.android.tethering/bin/netbpfload"
[    8.721362] NetBpfLoad: map /sys/fs/bpf/netd_shared/map_netd_blocked_ports_map id 21
[    8.721996] type=1320 audit(1790634422.347:33): 
[    8.722546] NetBpfLoad: map /sys/fs/bpf/netd_shared/map_netd_cookie_tag_map id 22
[    8.722865] type=1334 audit(1790634422.363:34): prog-id=24 op=LOAD
[    8.723505] NetBpfLoad: map /sys/fs/bpf/netd_shared/map_netd_uid_counterset_map id 23
[    8.724031] type=1300 audit(1790634422.363:34): arch=c000003e syscall=321 success=yes exit=46 a0=5 a1=7ffcecd6c5c0 a2=94 a3=46 items=0 ppid=1 auid=4294967295 uid=0 gid=0 euid=0 suid=0 fsuid=0 egid=0 sgid=0 fsgid=0 tty=(none) ses=4294967295 comm="netbpfload" exe="/apex/com.android.tethering/bin/netbpfload" subj=u:r:bpfloader:s0 key=(null)
[    8.724675] NetBpfLoad: map /sys/fs/bpf/netd_shared/map_netd_app_uid_stats_map id 24
[    8.726874] type=1327 audit(1790634422.363:34): proctitle="/apex/com.android.tethering/bin/netbpfload"
[    8.727414] NetBpfLoad: map /sys/fs/bpf/netd_shared/map_netd_stats_map_A id 25
[    8.728040] type=1320 audit(1790634422.363:34): 
[    8.728661] NetBpfLoad: map /sys/fs/bpf/netd_shared/map_netd_stats_map_B id 26
[    8.729072] type=1334 audit(1790634422.363:35): prog-id=25 op=LOAD
[    8.729565] NetBpfLoad: map /sys/fs/bpf/netd_shared/map_netd_iface_stats_map id 27
[    8.729995] type=1300 audit(1790634422.363:35): arch=c000003e syscall=321 success=yes exit=47 a0=5 a1=7ffcecd6c5c0 a2=94 a3=35 items=0 ppid=1 auid=4294967295 uid=0 gid=0 euid=0 suid=0 fsuid=0 egid=0 sgid=0 fsgid=0 tty=(none) ses=4294967295 comm="netbpfload" exe="/apex/com.android.tethering/bin/netbpfload" subj=u:r:bpfloader:s0 key=(null)
[    8.730528] NetBpfLoad: map /sys/fs/bpf/netd_shared/map_netd_uid_owner_map id 28
[    8.732518] type=1327 audit(1790634422.363:35): proctitle="/apex/com.android.tethering/bin/netbpfload"
[    8.733040] NetBpfLoad: map /sys/fs/bpf/netd_shared/map_netd_uid_permission_map id 29
[    8.733676] type=1320 audit(1790634422.363:35): 
[    8.734262] NetBpfLoad: map /sys/fs/bpf/netd_shared/map_netd_uid_permission_chunk_map id 30
[    8.734595] type=1334 audit(1790634422.363:36): prog-id=26 op=LOAD
[    8.735186] NetBpfLoad: map /sys/fs/bpf/netd_shared/map_netd_ingress_discard_map id 31
[    8.735626] type=1300 audit(1790634422.363:36): arch=c000003e syscall=321 success=yes exit=48 a0=5 a1=7ffcecd6c5c0 a2=94 a3=37 items=0 ppid=1 auid=4294967295 uid=0 gid=0 euid=0 suid=0 fsuid=0 egid=0 sgid=0 fsgid=0 tty=(none) ses=4294967295 comm="netbpfload" exe="/apex/com.android.tethering/bin/netbpfload" subj=u:r:bpfloader:s0 key=(null)
[    8.736202] NetBpfLoad: map /sys/fs/bpf/netd_shared/map_netd_netd_pid_map id 32
[    8.738326] type=1327 audit(1790634422.363:36): proctitle="/apex/com.android.tethering/bin/netbpfload"
[    8.738883] NetBpfLoad: map /sys/fs/bpf/netd_shared/map_netd_lock_array_test_map id 33
[    8.739539] type=1320 audit(1790634422.363:36): 
[    8.740092] NetBpfLoad: map /sys/fs/bpf/netd_shared/map_netd_lock_hash_test_map id 34
[    8.740435] type=1334 audit(1790634422.363:37): prog-id=27 op=LOAD
[    8.740981] NetBpfLoad: map /sys/fs/bpf/netd_shared/map_netd_sk_storage id 35
[    8.741439] type=1300 audit(1790634422.363:37): arch=c000003e syscall=321 success=yes exit=49 a0=5 a1=7ffcecd6c5c0 a2=94 a3=1c items=0 ppid=1 auid=4294967295 uid=0 gid=0 euid=0 suid=0 fsuid=0 egid=0 sgid=0 fsgid=0 tty=(none) ses=4294967295 comm="netbpfload" exe="/apex/com.android.tethering/bin/netbpfload" subj=u:r:bpfloader:s0 key=(null)
[    8.741927] NetBpfLoad: map /sys/fs/bpf/netd_shared/map_netd_iface_index_name_map id 36
[    8.744047] type=1327 audit(1790634422.363:37): proctitle="/apex/com.android.tethering/bin/netbpfload"
[    8.744609] NetBpfLoad: map /sys/fs/bpf/netd_shared/map_netd_packet_trace_enabled_map id 37
[    8.745288] type=1320 audit(1790634422.363:37): 
[    8.745872] NetBpfLoad: map /sys/fs/bpf/netd_shared/map_netd_packet_trace_ringbuf id 38
[    8.746202] type=1334 audit(1790634422.363:38): prog-id=28 op=LOAD
[    8.746758] NetBpfLoad: map /sys/fs/bpf/netd_shared/map_netd_data_saver_enabled_map id 39
[    8.747198] type=1300 audit(1790634422.363:38): arch=c000003e syscall=321 success=yes exit=50 a0=5 a1=7ffcecd6c5c0 a2=94 a3=10 items=0 ppid=1 auid=4294967295 uid=0 gid=0 euid=0 suid=0 fsuid=0 egid=0 sgid=0 fsgid=0 tty=(none) ses=4294967295 comm="netbpfload" exe="/apex/com.android.tethering/bin/netbpfload" subj=u:r:bpfloader:s0 key=(null)
[    8.747762] NetBpfLoad: map /sys/fs/bpf/netd_shared/map_netd_local_net_access_map id 40
[    8.749907] type=1327 audit(1790634422.363:38): proctitle="/apex/com.android.tethering/bin/netbpfload"
[    8.750472] NetBpfLoad: map /sys/fs/bpf/netd_shared/map_netd_local_net_blocked_uid_map id 41
[    8.751186] type=1320 audit(1790634422.363:38): 
[    8.751770] NetBpfLoad: map /sys/fs/bpf/netd_shared/map_netd_local_net_uid_host_allowlist_map id 42
[    8.752101] type=1334 audit(1790634422.363:39): prog-id=29 op=LOAD
[    8.752731] NetBpfLoad: map /sys/fs/bpf/netd_shared/map_netd_uid_migration_enabled_map id 43
[    8.753181] type=1300 audit(1790634422.363:39): arch=c000003e syscall=321 success=yes exit=51 a0=5 a1=7ffcecd6c5c0 a2=94 a3=5b items=0 ppid=1 auid=4294967295 uid=0 gid=0 euid=0 suid=0 fsuid=0 egid=0 sgid=0 fsgid=0 tty=(none) ses=4294967295 comm="netbpfload" exe="/apex/com.android.tethering/bin/netbpfload" subj=u:r:bpfloader:s0 key=(null)
[    8.753763] NetBpfLoad: map /sys/fs/bpf/netd_shared/map_netd_permission_propagation_enabled_map id 44
[    8.755798] type=1327 audit(1790634422.363:39): proctitle="/apex/com.android.tethering/bin/netbpfload"
[    8.756438] NetBpfLoad: map /sys/fs/bpf/netd_shared/map_netd_local_net_note_op_ringbuf id 45
[    8.757181] type=1320 audit(1790634422.363:39): 
[    8.757768] NetBpfLoad: map /sys/fs/bpf/netd_shared/map_netd_local_net_note_op_cache_map id 46
[    8.758091] type=1334 audit(1790634422.363:40): prog-id=30 op=LOAD
[    8.758698] NetBpfLoad: map /sys/fs/bpf/netd_shared/map_netd_local_net_note_op_enabled_map id 47
[    8.759143] type=1300 audit(1790634422.363:40): arch=c000003e syscall=321 success=yes exit=52 a0=5 a1=7ffcecd6c5c0 a2=94 a3=a items=0 ppid=1 auid=4294967295 uid=0 gid=0 euid=0 suid=0 fsuid=0 egid=0 sgid=0 fsgid=0 tty=(none) ses=4294967295 comm="netbpfload" exe="/apex/com.android.tethering/bin/netbpfload" subj=u:r:bpfloader:s0 key=(null)
[    8.759749] NetBpfLoad: map /sys/fs/bpf/netd_shared/map_netd_local_net_cache_generation_id_map id 48
[    8.761984] type=1327 audit(1790634422.363:40): proctitle="/apex/com.android.tethering/bin/netbpfload"
[    8.762629] NetBpfLoad: map /sys/fs/bpf/netd_shared/map_netd_loopback_access_ringbuf id 49
[    8.763260] type=1320 audit(1790634422.363:40): 
[    8.763831] NetBpfLoad: map /sys/fs/bpf/netd_shared/map_netd_loopback_access_cache_map id 50
[    8.764161] type=1334 audit(1790634422.363:41): prog-id=31 op=LOAD
[    8.764751] NetBpfLoad: map /sys/fs/bpf/netd_shared/map_netd_loopback_access_metrics_enabled_map id 51
[    8.765215] type=1300 audit(1790634422.363:41): arch=c000003e syscall=321 success=yes exit=53 a0=5 a1=7ffcecd6c5c0 a2=94 a3=63 items=0 ppid=1 auid=4294967295 uid=0 gid=0 euid=0 suid=0 fsuid=0 egid=0 sgid=0 fsgid=0 tty=(none) ses=4294967295 comm="netbpfload" exe="/apex/com.android.tethering/bin/netbpfload" subj=u:r:bpfloader:s0 key=(null)
[    8.765845] NetBpfLoad: map /sys/fs/bpf/netd_shared/map_netd_loopback_checks_enabled_map id 52
[    8.767966] type=1327 audit(1790634422.363:41): proctitle="/apex/com.android.tethering/bin/netbpfload"
[    8.768571] NetBpfLoad: map /sys/fs/bpf/netd_shared/map_netd_l4s_conn_counter id 53
[    8.769212] type=1320 audit(1790634422.363:41): 
[    8.769828] NetBpfLoad: map /sys/fs/bpf/netd_shared/map_netd_l4s_accecn_enabled_map id 54
[    8.770174] type=1334 audit(1790634422.363:42): prog-id=32 op=LOAD
[    8.770744] NetBpfLoad: prog /sys/fs/bpf/netd_shared/prog_netd_sockops_accecn_option id 19 len jit:472 xlat:768
[    8.771184] type=1300 audit(1790634422.363:42): arch=c000003e syscall=321 success=yes exit=54 a0=5 a1=7ffcecd6c5c0 a2=94 a3=63 items=0 ppid=1 auid=4294967295 uid=0 gid=0 euid=0 suid=0 fsuid=0 egid=0 sgid=0 fsgid=0 tty=(none) ses=4294967295 comm="netbpfload" exe="/apex/com.android.tethering/bin/netbpfload" subj=u:r:bpfloader:s0 key=(null)
[    8.771879] NetBpfLoad: prog /sys/fs/bpf/netd_shared/prog_netd_schedcls_egress_accecn_eth id 20 len jit:745 xlat:1168
[    8.774020] type=1327 audit(1790634422.363:42): proctitle="/apex/com.android.tethering/bin/netbpfload"
[    8.774761] NetBpfLoad: prog /sys/fs/bpf/netd_shared/prog_netd_schedcls_egress_accecn_rawip id 21 len jit:745 xlat:1168
[    8.775397] type=1320 audit(1790634422.363:42): 
[    8.776194] NetBpfLoad: prog /sys/fs/bpf/netd_shared/prog_netd_ingress_stats id 22 len jit:7096 xlat:12240
[    8.776550] type=1334 audit(1790634422.363:43): prog-id=33 op=LOAD
[    8.777241] NetBpfLoad: prog /sys/fs/bpf/netd_shared/prog_netd_egress_stats id 23 len jit:8336 xlat:14848
[    8.777676] type=1300 audit(1790634422.363:43): arch=c000003e syscall=321 success=yes exit=55 a0=5 a1=7ffcecd6c5c0 a2=94 a3=2 items=0 ppid=1 auid=4294967295 uid=0 gid=0 euid=0 suid=0 fsuid=0 egid=0 sgid=0 fsgid=0 tty=(none) ses=4294967295 comm="netbpfload" exe="/apex/com.android.tethering/bin/netbpfload" subj=u:r:bpfloader:s0 key=(null)
[    8.778331] NetBpfLoad: prog /sys/fs/bpf/netd_shared/prog_netd_skfilter_egress_xtbpf id 24 len jit:411 xlat:648
[    8.780336] type=1327 audit(1790634422.363:43): proctitle="/apex/com.android.tethering/bin/netbpfload"
[    8.781077] NetBpfLoad: prog /sys/fs/bpf/netd_shared/prog_netd_skfilter_ingress_xtbpf id 25 len jit:321 xlat:496
[    8.781704] type=1320 audit(1790634422.363:43): 
[    8.782524] NetBpfLoad: prog /sys/fs/bpf/netd_shared/prog_netd_schedact_ingress_account id 26 len jit:339 xlat:512
[    8.782842] type=1334 audit(1790634422.363:44): prog-id=34 op=LOAD
[    8.783668] NetBpfLoad: prog /sys/fs/bpf/netd_shared/prog_netd_skfilter_allowlist_xtbpf id 27 len jit:159 xlat:240
[    8.784106] type=1300 audit(1790634422.363:44): arch=c000003e syscall=321 success=yes exit=56 a0=5 a1=7ffcecd6c5c0 a2=94 a3=2 items=0 ppid=1 auid=4294967295 uid=0 gid=0 euid=0 suid=0 fsuid=0 egid=0 sgid=0 fsgid=0 tty=(none) ses=4294967295 comm="netbpfload" exe="/apex/com.android.tethering/bin/netbpfload" subj=u:r:bpfloader:s0 key=(null)
[    8.784810] NetBpfLoad: prog /sys/fs/bpf/netd_shared/prog_netd_skfilter_denylist_xtbpf id 28 len jit:103 xlat:144
[    8.786824] type=1327 audit(1790634422.363:44): proctitle="/apex/com.android.tethering/bin/netbpfload"
[    8.787543] NetBpfLoad: prog /sys/fs/bpf/netd_shared/prog_netd_cgroupsock_inet_create id 29 len jit:483 xlat:816
[    8.788180] type=1320 audit(1790634422.363:44): 
[    8.788883] NetBpfLoad: prog /sys/fs/bpf/netd_shared/prog_netd_cgroupsockrelease_inet_release id 30 len jit:73 xlat:80
[    8.789231] type=1334 audit(1790634422.363:45): prog-id=35 op=LOAD
[    8.790035] NetBpfLoad: prog /sys/fs/bpf/netd_shared/prog_netd_bind4_inet4_bind id 31 len jit:691 xlat:944
[    8.790470] type=1300 audit(1790634422.363:45): arch=c000003e syscall=321 success=yes exit=57 a0=5 a1=7ffcecd6c5c0 a2=94 a3=2 items=0 ppid=1 auid=4294967295 uid=0 gid=0 euid=0 suid=0 fsuid=0 egid=0 sgid=0 fsgid=0 tty=(none) ses=4294967295 comm="netbpfload" exe="/apex/com.android.tethering/bin/netbpfload" subj=u:r:bpfloader:s0 key=(null)
[    8.791168] NetBpfLoad: prog /sys/fs/bpf/netd_shared/prog_netd_bind6_inet6_bind id 32 len jit:691 xlat:944
[    8.793171] type=1327 audit(1790634422.363:45): proctitle="/apex/com.android.tethering/bin/netbpfload"
[    8.793929] NetBpfLoad: prog /sys/fs/bpf/netd_shared/prog_netd_connect4_inet4_connect id 33 len jit:30 xlat:16
[    8.794567] type=1320 audit(1790634422.363:45): 
[    8.795269] NetBpfLoad: prog /sys/fs/bpf/netd_shared/prog_netd_connect6_inet6_connect id 34 len jit:30 xlat:16
[    8.795594] type=1334 audit(1790634422.363:46): prog-id=36 op=LOAD
[    8.796294] NetBpfLoad: prog /sys/fs/bpf/netd_shared/prog_netd_recvmsg4_udp4_recvmsg id 35 len jit:30 xlat:16
[    8.796721] type=1300 audit(1790634422.363:46): arch=c000003e syscall=321 success=yes exit=58 a0=5 a1=7ffcecd6c5c0 a2=94 a3=2 items=0 ppid=1 auid=4294967295 uid=0 gid=0 euid=0 suid=0 fsuid=0 egid=0 sgid=0 fsgid=0 tty=(none) ses=4294967295 comm="netbpfload" exe="/apex/com.android.tethering/bin/netbpfload" subj=u:r:bpfloader:s0 key=(null)
[    8.797521] NetBpfLoad: prog /sys/fs/bpf/netd_shared/prog_netd_recvmsg6_udp6_recvmsg id 36 len jit:30 xlat:16
[    8.799511] type=1327 audit(1790634422.363:46): proctitle="/apex/com.android.tethering/bin/netbpfload"
[    8.800226] NetBpfLoad: prog /sys/fs/bpf/netd_shared/prog_netd_sendmsg4_udp4_sendmsg id 37 len jit:30 xlat:16
[    8.800842] type=1320 audit(1790634422.363:46): 
[    8.801550] NetBpfLoad: prog /sys/fs/bpf/netd_shared/prog_netd_sendmsg6_udp6_sendmsg id 38 len jit:30 xlat:16
[    8.801874] type=1334 audit(1790634422.363:47): prog-id=37 op=LOAD
[    8.802675] NetBpfLoad: prog /sys/fs/bpf/netd_shared/prog_netd_getsockopt_prog id 39 len jit:450 xlat:760
[    8.803174] type=1300 audit(1790634422.363:47): arch=c000003e syscall=321 success=yes exit=59 a0=5 a1=7ffcecd6c5c0 a2=94 a3=2 items=0 ppid=1 auid=4294967295 uid=0 gid=0 euid=0 suid=0 fsuid=0 egid=0 sgid=0 fsgid=0 tty=(none) ses=4294967295 comm="netbpfload" exe="/apex/com.android.tethering/bin/netbpfload" subj=u:r:bpfloader:s0 key=(null)
[    8.803824] NetBpfLoad: prog /sys/fs/bpf/netd_shared/prog_netd_setsockopt_prog id 40 len jit:339 xlat:592
[    8.805955] type=1327 audit(1790634422.363:47): proctitle="/apex/com.android.tethering/bin/netbpfload"
[    8.806935] NetBpfLoad: Loaded object: /apex/com.android.tethering/etc/bpf/mainline/netd@funcs.o, libbpf: 1
[    8.807553] type=1320 audit(1790634422.363:47): 
[    8.808207] NetBpfLoad: Loaded total objects took 309 ms
[    8.808551] type=1334 audit(1790634422.363:48): prog-id=38 op=LOAD
[    8.809119] NetBpfLoad: done, transferring control to uprobestatsbpfload.
[    8.809399] type=1300 audit(1790634422.363:48): arch=c000003e syscall=321 success=yes exit=60 a0=5 a1=7ffcecd6c5c0 a2=94 a3=2 items=0 ppid=1 auid=4294967295 uid=0 gid=0 euid=0 suid=0 fsuid=0 egid=0 sgid=0 fsgid=0 tty=(none) ses=4294967295 comm="netbpfload" exe="/apex/com.android.tethering/bin/netbpfload" subj=u:r:bpfloader:s0 key=(null)
[    8.718570] type=1300 audit(1790634422.347:33): arch=c000003e syscall=321 success=yes exit=45 a0=5 a1=7ffcecd6c5c0 a2=94 a3=6c2 items=0 ppid=1 auid=4294967295 uid=0 gid=0 euid=0 suid=0 fsuid=0 egid=0 sgid=0 fsgid=0 tty=(none) ses=4294967295 comm="netbpfload" exe="/apex/com.android.tethering/bin/netbpfload" subj=u:r:bpfloader:s0 key=(null)
[    8.719091] NetBpfLoad: map /sys/fs/bpf/netd_shared/map_netd_configuration_map id 20
[    8.720800] type=1327 audit(1790634422.347:33): proctitle="/apex/com.android.tethering/bin/netbpfload"
[    8.721362] NetBpfLoad: map /sys/fs/bpf/netd_shared/map_netd_blocked_ports_map id 21
[    8.721996] type=1320 audit(1790634422.347:33): 
[    8.722546] NetBpfLoad: map /sys/fs/bpf/netd_shared/map_netd_cookie_tag_map id 22
[    8.722865] type=1334 audit(1790634422.363:34): prog-id=24 op=LOAD
[    8.723505] NetBpfLoad: map /sys/fs/bpf/netd_shared/map_netd_uid_counterset_map id 23
[    8.724031] type=1300 audit(1790634422.363:34): arch=c000003e syscall=321 success=yes exit=46 a0=5 a1=7ffcecd6c5c0 a2=94 a3=46 items=0 ppid=1 auid=4294967295 uid=0 gid=0 euid=0 suid=0 fsuid=0 egid=0 sgid=0 fsgid=0 tty=(none) ses=4294967295 comm="netbpfload" exe="/apex/com.android.tethering/bin/netbpfload" subj=u:r:bpfloader:s0 key=(null)
[    8.724675] NetBpfLoad: map /sys/fs/bpf/netd_shared/map_netd_app_uid_stats_map id 24
[    8.726874] type=1327 audit(1790634422.363:34): proctitle="/apex/com.android.tethering/bin/netbpfload"
[    8.727414] NetBpfLoad: map /sys/fs/bpf/netd_shared/map_netd_stats_map_A id 25
[    8.728040] type=1320 audit(1790634422.363:34): 
[    8.728661] NetBpfLoad: map /sys/fs/bpf/netd_shared/map_netd_stats_map_B id 26
[    8.729072] type=1334 audit(1790634422.363:35): prog-id=25 op=LOAD
[    8.729565] NetBpfLoad: map /sys/fs/bpf/netd_shared/map_netd_iface_stats_map id 27
[    8.729995] type=1300 audit(1790634422.363:35): arch=c000003e syscall=321 success=yes exit=47 a0=5 a1=7ffcecd6c5c0 a2=94 a3=35 items=0 ppid=1 auid=4294967295 uid=0 gid=0 euid=0 suid=0 fsuid=0 egid=0 sgid=0 fsgid=0 tty=(none) ses=4294967295 comm="netbpfload" exe="/apex/com.android.tethering/bin/netbpfload" subj=u:r:bpfloader:s0 key=(null)
[    8.730528] NetBpfLoad: map /sys/fs/bpf/netd_shared/map_netd_uid_owner_map id 28
[    8.732518] type=1327 audit(1790634422.363:35): proctitle="/apex/com.android.tethering/bin/netbpfload"
[    8.733040] NetBpfLoad: map /sys/fs/bpf/netd_shared/map_netd_uid_permission_map id 29
[    8.733676] type=1320 audit(1790634422.363:35): 
[    8.734262] NetBpfLoad: map /sys/fs/bpf/netd_shared/map_netd_uid_permission_chunk_map id 30
[    8.734595] type=1334 audit(1790634422.363:36): prog-id=26 op=LOAD
[    8.735186] NetBpfLoad: map /sys/fs/bpf/netd_shared/map_netd_ingress_discard_map id 31
[    8.735626] type=1300 audit(1790634422.363:36): arch=c000003e syscall=321 success=yes exit=48 a0=5 a1=7ffcecd6c5c0 a2=94 a3=37 items=0 ppid=1 auid=4294967295 uid=0 gid=0 euid=0 suid=0 fsuid=0 egid=0 sgid=0 fsgid=0 tty=(none) ses=4294967295 comm="netbpfload" exe="/apex/com.android.tethering/bin/netbpfload" subj=u:r:bpfloader:s0 key=(null)
[    8.736202] NetBpfLoad: map /sys/fs/bpf/netd_shared/map_netd_netd_pid_map id 32
[    8.738326] type=1327 audit(1790634422.363:36): proctitle="/apex/com.android.tethering/bin/netbpfload"
[    8.738883] NetBpfLoad: map /sys/fs/bpf/netd_shared/map_netd_lock_array_test_map id 33
[    8.739539] type=1320 audit(1790634422.363:36): 
[    8.740092] NetBpfLoad: map /sys/fs/bpf/netd_shared/map_netd_lock_hash_test_map id 34
[    8.740435] type=1334 audit(1790634422.363:37): prog-id=27 op=LOAD
[    8.740981] NetBpfLoad: map /sys/fs/bpf/netd_shared/map_netd_sk_storage id 35
[    8.741439] type=1300 audit(1790634422.363:37): arch=c000003e syscall=321 success=yes exit=49 a0=5 a1=7ffcecd6c5c0 a2=94 a3=1c items=0 ppid=1 auid=4294967295 uid=0 gid=0 euid=0 suid=0 fsuid=0 egid=0 sgid=0 fsgid=0 tty=(none) ses=4294967295 comm="netbpfload" exe="/apex/com.android.tethering/bin/netbpfload" subj=u:r:bpfloader:s0 key=(null)
[    8.741927] NetBpfLoad: map /sys/fs/bpf/netd_shared/map_netd_iface_index_name_map id 36
[    8.744047] type=1327 audit(1790634422.363:37): proctitle="/apex/com.android.tethering/bin/netbpfload"
[    8.744609] NetBpfLoad: map /sys/fs/bpf/netd_shared/map_netd_packet_trace_enabled_map id 37
[    8.745288] type=1320 audit(1790634422.363:37): 
[    8.745872] NetBpfLoad: map /sys/fs/bpf/netd_shared/map_netd_packet_trace_ringbuf id 38
[    8.746202] type=1334 audit(1790634422.363:38): prog-id=28 op=LOAD
[    8.746758] NetBpfLoad: map /sys/fs/bpf/netd_shared/map_netd_data_saver_enabled_map id 39
[    8.747198] type=1300 audit(1790634422.363:38): arch=c000003e syscall=321 success=yes exit=50 a0=5 a1=7ffcecd6c5c0 a2=94 a3=10 items=0 ppid=1 auid=4294967295 uid=0 gid=0 euid=0 suid=0 fsuid=0 egid=0 sgid=0 fsgid=0 tty=(none) ses=4294967295 comm="netbpfload" exe="/apex/com.android.tethering/bin/netbpfload" subj=u:r:bpfloader:s0 key=(null)
[    8.747762] NetBpfLoad: map /sys/fs/bpf/netd_shared/map_netd_local_net_access_map id 40
[    8.749907] type=1327 audit(1790634422.363:38): proctitle="/apex/com.android.tethering/bin/netbpfload"
[    8.750472] NetBpfLoad: map /sys/fs/bpf/netd_shared/map_netd_local_net_blocked_uid_map id 41
[    8.751186] type=1320 audit(1790634422.363:38): 
[    8.751770] NetBpfLoad: map /sys/fs/bpf/netd_shared/map_netd_local_net_uid_host_allowlist_map id 42
[    8.752101] type=1334 audit(1790634422.363:39): prog-id=29 op=LOAD
[    8.752731] NetBpfLoad: map /sys/fs/bpf/netd_shared/map_netd_uid_migration_enabled_map id 43
[    8.753181] type=1300 audit(1790634422.363:39): arch=c000003e syscall=321 success=yes exit=51 a0=5 a1=7ffcecd6c5c0 a2=94 a3=5b items=0 ppid=1 auid=4294967295 uid=0 gid=0 euid=0 suid=0 fsuid=0 egid=0 sgid=0 fsgid=0 tty=(none) ses=4294967295 comm="netbpfload" exe="/apex/com.android.tethering/bin/netbpfload" subj=u:r:bpfloader:s0 key=(null)
[    8.753763] NetBpfLoad: map /sys/fs/bpf/netd_shared/map_netd_permission_propagation_enabled_map id 44
[    8.755798] type=1327 audit(1790634422.363:39): proctitle="/apex/com.android.tethering/bin/netbpfload"
[    8.756438] NetBpfLoad: map /sys/fs/bpf/netd_shared/map_netd_local_net_note_op_ringbuf id 45
[    8.757181] type=1320 audit(1790634422.363:39): 
[    8.757768] NetBpfLoad: map /sys/fs/bpf/netd_shared/map_netd_local_net_note_op_cache_map id 46
[    8.758091] type=1334 audit(1790634422.363:40): prog-id=30 op=LOAD
[    8.758698] NetBpfLoad: map /sys/fs/bpf/netd_shared/map_netd_local_net_note_op_enabled_map id 47
[    8.759143] type=1300 audit(1790634422.363:40): arch=c000003e syscall=321 success=yes exit=52 a0=5 a1=7ffcecd6c5c0 a2=94 a3=a items=0 ppid=1 auid=4294967295 uid=0 gid=0 euid=0 suid=0 fsuid=0 egid=0 sgid=0 fsgid=0 tty=(none) ses=4294967295 comm="netbpfload" exe="/apex/com.android.tethering/bin/netbpfload" subj=u:r:bpfloader:s0 key=(null)
[    8.759749] NetBpfLoad: map /sys/fs/bpf/netd_shared/map_netd_local_net_cache_generation_id_map id 48
[    8.761984] type=1327 audit(1790634422.363:40): proctitle="/apex/com.android.tethering/bin/netbpfload"
[    8.762629] NetBpfLoad: map /sys/fs/bpf/netd_shared/map_netd_loopback_access_ringbuf id 49
[    8.763260] type=1320 audit(1790634422.363:40): 
[    8.763831] NetBpfLoad: map /sys/fs/bpf/netd_shared/map_netd_loopback_access_cache_map id 50
[    8.764161] type=1334 audit(1790634422.363:41): prog-id=31 op=LOAD
[    8.764751] NetBpfLoad: map /sys/fs/bpf/netd_shared/map_netd_loopback_access_metrics_enabled_map id 51
[    8.765215] type=1300 audit(1790634422.363:41): arch=c000003e syscall=321 success=yes exit=53 a0=5 a1=7ffcecd6c5c0 a2=94 a3=63 items=0 ppid=1 auid=4294967295 uid=0 gid=0 euid=0 suid=0 fsuid=0 egid=0 sgid=0 fsgid=0 tty=(none) ses=4294967295 comm="netbpfload" exe="/apex/com.android.tethering/bin/netbpfload" subj=u:r:bpfloader:s0 key=(null)
[    8.765845] NetBpfLoad: map /sys/fs/bpf/netd_shared/map_netd_loopback_checks_enabled_map id 52
[    8.767966] type=1327 audit(1790634422.363:41): proctitle="/apex/com.android.tethering/bin/netbpfload"
[    8.768571] NetBpfLoad: map /sys/fs/bpf/netd_shared/map_netd_l4s_conn_counter id 53
[    8.769212] type=1320 audit(1790634422.363:41): 
[    8.769828] NetBpfLoad: map /sys/fs/bpf/netd_shared/map_netd_l4s_accecn_enabled_map id 54
[    8.770174] type=1334 audit(1790634422.363:42): prog-id=32 op=LOAD
[    8.770744] NetBpfLoad: prog /sys/fs/bpf/netd_shared/prog_netd_sockops_accecn_option id 19 len jit:472 xlat:768
[    8.771184] type=1300 audit(1790634422.363:42): arch=c000003e syscall=321 success=yes exit=54 a0=5 a1=7ffcecd6c5c0 a2=94 a3=63 items=0 ppid=1 auid=4294967295 uid=0 gid=0 euid=0 suid=0 fsuid=0 egid=0 sgid=0 fsgid=0 tty=(none) ses=4294967295 comm="netbpfload" exe="/apex/com.android.tethering/bin/netbpfload" subj=u:r:bpfloader:s0 key=(null)
[    8.771879] NetBpfLoad: prog /sys/fs/bpf/netd_shared/prog_netd_schedcls_egress_accecn_eth id 20 len jit:745 xlat:1168
[    8.774020] type=1327 audit(1790634422.363:42): proctitle="/apex/com.android.tethering/bin/netbpfload"
[    8.774761] NetBpfLoad: prog /sys/fs/bpf/netd_shared/prog_netd_schedcls_egress_accecn_rawip id 21 len jit:745 xlat:1168
[    8.775397] type=1320 audit(1790634422.363:42): 
[    8.776194] NetBpfLoad: prog /sys/fs/bpf/netd_shared/prog_netd_ingress_stats id 22 len jit:7096 xlat:12240
[    8.776550] type=1334 audit(1790634422.363:43): prog-id=33 op=LOAD
[    8.777241] NetBpfLoad: prog /sys/fs/bpf/netd_shared/prog_netd_egress_stats id 23 len jit:8336 xlat:14848
[    8.777676] type=1300 audit(1790634422.363:43): arch=c000003e syscall=321 success=yes exit=55 a0=5 a1=7ffcecd6c5c0 a2=94 a3=2 items=0 ppid=1 auid=4294967295 uid=0 gid=0 euid=0 suid=0 fsuid=0 egid=0 sgid=0 fsgid=0 tty=(none) ses=4294967295 comm="netbpfload" exe="/apex/com.android.tethering/bin/netbpfload" subj=u:r:bpfloader:s0 key=(null)
[    8.778331] NetBpfLoad: prog /sys/fs/bpf/netd_shared/prog_netd_skfilter_egress_xtbpf id 24 len jit:411 xlat:648
[    8.780336] type=1327 audit(1790634422.363:43): proctitle="/apex/com.android.tethering/bin/netbpfload"
[    8.781077] NetBpfLoad: prog /sys/fs/bpf/netd_shared/prog_netd_skfilter_ingress_xtbpf id 25 len jit:321 xlat:496
[    8.781704] type=1320 audit(1790634422.363:43): 
[    8.782524] NetBpfLoad: prog /sys/fs/bpf/netd_shared/prog_netd_schedact_ingress_account id 26 len jit:339 xlat:512
[    8.782842] type=1334 audit(1790634422.363:44): prog-id=34 op=LOAD
[    8.783668] NetBpfLoad: prog /sys/fs/bpf/netd_shared/prog_netd_skfilter_allowlist_xtbpf id 27 len jit:159 xlat:240
[    8.784106] type=1300 audit(1790634422.363:44): arch=c000003e syscall=321 success=yes exit=56 a0=5 a1=7ffcecd6c5c0 a2=94 a3=2 items=0 ppid=1 auid=4294967295 uid=0 gid=0 euid=0 suid=0 fsuid=0 egid=0 sgid=0 fsgid=0 tty=(none) ses=4294967295 comm="netbpfload" exe="/apex/com.android.tethering/bin/netbpfload" subj=u:r:bpfloader:s0 key=(null)
[    8.784810] NetBpfLoad: prog /sys/fs/bpf/netd_shared/prog_netd_skfilter_denylist_xtbpf id 28 len jit:103 xlat:144
[    8.786824] type=1327 audit(1790634422.363:44): proctitle="/apex/com.android.tethering/bin/netbpfload"
[    8.787543] NetBpfLoad: prog /sys/fs/bpf/netd_shared/prog_netd_cgroupsock_inet_create id 29 len jit:483 xlat:816
[    8.788180] type=1320 audit(1790634422.363:44): 
[    8.788883] NetBpfLoad: prog /sys/fs/bpf/netd_shared/prog_netd_cgroupsockrelease_inet_release id 30 len jit:73 xlat:80
[    8.789231] type=1334 audit(1790634422.363:45): prog-id=35 op=LOAD
[    8.790035] NetBpfLoad: prog /sys/fs/bpf/netd_shared/prog_netd_bind4_inet4_bind id 31 len jit:691 xlat:944
[    8.790470] type=1300 audit(1790634422.363:45): arch=c000003e syscall=321 success=yes exit=57 a0=5 a1=7ffcecd6c5c0 a2=94 a3=2 items=0 ppid=1 auid=4294967295 uid=0 gid=0 euid=0 suid=0 fsuid=0 egid=0 sgid=0 fsgid=0 tty=(none) ses=4294967295 comm="netbpfload" exe="/apex/com.android.tethering/bin/netbpfload" subj=u:r:bpfloader:s0 key=(null)
[    8.791168] NetBpfLoad: prog /sys/fs/bpf/netd_shared/prog_netd_bind6_inet6_bind id 32 len jit:691 xlat:944
[    8.793171] type=1327 audit(1790634422.363:45): proctitle="/apex/com.android.tethering/bin/netbpfload"
[    8.793929] NetBpfLoad: prog /sys/fs/bpf/netd_shared/prog_netd_connect4_inet4_connect id 33 len jit:30 xlat:16
[    8.794567] type=1320 audit(1790634422.363:45): 
[    8.795269] NetBpfLoad: prog /sys/fs/bpf/netd_shared/prog_netd_connect6_inet6_connect id 34 len jit:30 xlat:16
[    8.795594] type=1334 audit(1790634422.363:46): prog-id=36 op=LOAD
[    8.796294] NetBpfLoad: prog /sys/fs/bpf/netd_shared/prog_netd_recvmsg4_udp4_recvmsg id 35 len jit:30 xlat:16
[    8.796721] type=1300 audit(1790634422.363:46): arch=c000003e syscall=321 success=yes exit=58 a0=5 a1=7ffcecd6c5c0 a2=94 a3=2 items=0 ppid=1 auid=4294967295 uid=0 gid=0 euid=0 suid=0 fsuid=0 egid=0 sgid=0 fsgid=0 tty=(none) ses=4294967295 comm="netbpfload" exe="/apex/com.android.tethering/bin/netbpfload" subj=u:r:bpfloader:s0 key=(null)
[    8.797521] NetBpfLoad: prog /sys/fs/bpf/netd_shared/prog_netd_recvmsg6_udp6_recvmsg id 36 len jit:30 xlat:16
[    8.799511] type=1327 audit(1790634422.363:46): proctitle="/apex/com.android.tethering/bin/netbpfload"
[    8.800226] NetBpfLoad: prog /sys/fs/bpf/netd_shared/prog_netd_sendmsg4_udp4_sendmsg id 37 len jit:30 xlat:16
[    8.800842] type=1320 audit(1790634422.363:46): 
[    8.801550] NetBpfLoad: prog /sys/fs/bpf/netd_shared/prog_netd_sendmsg6_udp6_sendmsg id 38 len jit:30 xlat:16
[    8.801874] type=1334 audit(1790634422.363:47): prog-id=37 op=LOAD
[    8.802675] NetBpfLoad: prog /sys/fs/bpf/netd_shared/prog_netd_getsockopt_prog id 39 len jit:450 xlat:760
[    8.803174] type=1300 audit(1790634422.363:47): arch=c000003e syscall=321 success=yes exit=59 a0=5 a1=7ffcecd6c5c0 a2=94 a3=2 items=0 ppid=1 auid=4294967295 uid=0 gid=0 euid=0 suid=0 fsuid=0 egid=0 sgid=0 fsgid=0 tty=(none) ses=4294967295 comm="netbpfload" exe="/apex/com.android.tethering/bin/netbpfload" subj=u:r:bpfloader:s0 key=(null)
[    8.803824] NetBpfLoad: prog /sys/fs/bpf/netd_shared/prog_netd_setsockopt_prog id 40 len jit:339 xlat:592
[    8.805955] type=1327 audit(1790634422.363:47): proctitle="/apex/com.android.tethering/bin/netbpfload"
[    8.806935] NetBpfLoad: Loaded object: /apex/com.android.tethering/etc/bpf/mainline/netd@funcs.o, libbpf: 1
[    8.807553] type=1320 audit(1790634422.363:47): 
[    8.808207] NetBpfLoad: Loaded total objects took 309 ms
[    8.808551] type=1334 audit(1790634422.363:48): prog-id=38 op=LOAD
[    8.809119] NetBpfLoad: done, transferring control to uprobestatsbpfload.
[    8.809399] type=1300 audit(1790634422.363:48): arch=c000003e syscall=321 success=yes exit=60 a0=5 a1=7ffcecd6c5c0 a2=94 a3=2 items=0 ppid=1 auid=4294967295 uid=0 gid=0 euid=0 suid=0 fsuid=0 egid=0 sgid=0 fsgid=0 tty=(none) ses=4294967295 comm="netbpfload" exe="/apex/com.android.tethering/bin/netbpfload" subj=u:r:bpfloader:s0 key=(null)
[    8.817415] type=1327 audit(1790634422.363:48): proctitle="/apex/com.android.tethering/bin/netbpfload"
[    8.817415] type=1327 audit(1790634422.363:48): proctitle="/apex/com.android.tethering/bin/netbpfload"
[    8.818144] type=1320 audit(1790634422.363:48): 
[    8.818144] type=1320 audit(1790634422.363:48): 
[    8.818544] type=1334 audit(1790634422.363:49): prog-id=39 op=LOAD
[    8.818544] type=1334 audit(1790634422.363:49): prog-id=39 op=LOAD
[    8.819143] type=1300 audit(1790634422.363:49): arch=c000003e syscall=321 success=yes exit=61 a0=5 a1=7ffcecd6c5c0 a2=94 a3=50 items=0 ppid=1 auid=4294967295 uid=0 gid=0 euid=0 suid=0 fsuid=0 egid=0 sgid=0 fsgid=0 tty=(none) ses=4294967295 comm="netbpfload" exe="/apex/com.android.tethering/bin/netbpfload" subj=u:r:bpfloader:s0 key=(null)
[    8.819294] UprobeStatsBpfLoad: UprobeStatsBpfLoad loading optional ELF object /apex/com.android.uprobestats/etc/bpf/uprobestats/BitmapAllocation.o with license GPL
[    8.821304] type=1327 audit(1790634422.363:49): proctitle="/apex/com.android.tethering/bin/netbpfload"
[    8.819143] type=1300 audit(1790634422.363:49): arch=c000003e syscall=321 success=yes exit=61 a0=5 a1=7ffcecd6c5c0 a2=94 a3=50 items=0 ppid=1 auid=4294967295 uid=0 gid=0 euid=0 suid=0 fsuid=0 egid=0 sgid=0 fsgid=0 tty=(none) ses=4294967295 comm="netbpfload" exe="/apex/com.android.tethering/bin/netbpfload" subj=u:r:bpfloader:s0 key=(null)
[    8.819294] UprobeStatsBpfLoad: UprobeStatsBpfLoad loading optional ELF object /apex/com.android.uprobestats/etc/bpf/uprobestats/BitmapAllocation.o with license GPL
[    8.821304] type=1327 audit(1790634422.363:49): proctitle="/apex/com.android.tethering/bin/netbpfload"
[    8.823201] type=1320 audit(1790634422.363:49): 
[    8.823356] UprobeStatsBpfLoad: map /sys/fs/bpf/uprobestats/map_BitmapAllocation_output_buf id 55
[    8.823586] type=1334 audit(1790634422.363:50): prog-id=40 op=LOAD
[    8.824289] UprobeStatsBpfLoad: map /sys/fs/bpf/uprobestats/map_BitmapAllocation_active_bitmaps id 56
[    8.824664] type=1300 audit(1790634422.363:50): arch=c000003e syscall=321 success=yes exit=62 a0=5 a1=7ffcecd6c5c0 a2=94 a3=43 items=0 ppid=1 auid=4294967295 uid=0 gid=0 euid=0 suid=0 fsuid=0 egid=0 sgid=0 fsgid=0 tty=(none) ses=4294967295 comm="netbpfload" exe="/apex/com.android.tethering/bin/netbpfload" subj=u:r:bpfloader:s0 key=(null)
[    8.825329] UprobeStatsBpfLoad: map /sys/fs/bpf/uprobestats/map_BitmapAllocation_output id 57
[    8.827356] type=1327 audit(1790634422.363:50): proctitle="/apex/com.android.tethering/bin/netbpfload"
[    8.828209] UprobeStatsBpfLoad: prog /sys/fs/bpf/uprobestats/prog_BitmapAllocation_uprobe_bitmap_constructor_heap id 41
[    8.828601] type=1320 audit(1790634422.363:50): 
[    8.829433] UprobeStatsBpfLoad: prog /sys/fs/bpf/uprobestats/prog_BitmapAllocation_uprobe_bitmap_creation id 42
[    8.829793] type=1334 audit(1790634422.471:51): prog-id=41 op=LOAD
[    8.830574] UprobeStatsBpfLoad: prog /sys/fs/bpf/uprobestats/prog_BitmapAllocation_uprobe_bitmap_creation_for_snapshot id 43
[    8.830969] type=1300 audit(1790634422.471:51): arch=c000003e syscall=321 success=yes exit=8 a0=5 a1=7ffecff56960 a2=a8 a3=1 items=0 ppid=1 auid=4294967295 uid=0 gid=0 euid=0 suid=0 fsuid=0 egid=0 sgid=0 fsgid=0 tty=(none) ses=4294967295 comm="uprobestatsbpfl" exe="/apex/com.android.uprobestats/bin/uprobestatsbpfload" subj=u:r:bpfloader:s0 key=(null)
[    8.831794] UprobeStatsBpfLoad: prog /sys/fs/bpf/uprobestats/prog_BitmapAllocation_uprobe_apply_free_function id 44
[    8.833977] type=1327 audit(1790634422.471:51): proctitle="/apex/com.android.tethering/bin/netbpfload"
[    8.834766] UprobeStatsBpfLoad: prog /sys/fs/bpf/uprobestats/prog_BitmapAllocation_uprobe_activity_perform_start id 45
[    8.835335] type=1320 audit(1790634422.471:51): 
[    8.836146] UprobeStatsBpfLoad: prog /sys/fs/bpf/uprobestats/prog_BitmapAllocation_uprobe_create_scaled_bitmap id 46
[    8.836409] type=1334 audit(1790634422.475:52): prog-id=42 op=LOAD
[    8.837386] UprobeStatsBpfLoad: UprobeStatsBpfLoad loading optional ELF object /apex/com.android.uprobestats/etc/bpf/uprobestats/Binder.o with license GPL
[    8.837637] type=1300 audit(1790634422.475:52): arch=c000003e syscall=321 success=yes exit=9 a0=5 a1=7ffecff56960 a2=a8 a3=1 items=0 ppid=1 auid=4294967295 uid=0 gid=0 euid=0 suid=0 fsuid=0 egid=0 sgid=0 fsgid=0 tty=(none) ses=4294967295 comm="uprobestatsbpfl" exe="/apex/com.android.uprobestats/bin/uprobestatsbpfload" subj=u:r:bpfloader:s0 key=(null)
[    8.839038] UprobeStatsBpfLoad: map /sys/fs/bpf/uprobestats/map_Binder_interfaces id 58
[    8.840787] type=1327 audit(1790634422.475:52): proctitle="/apex/com.android.tethering/bin/netbpfload"
[    8.841388] UprobeStatsBpfLoad: map /sys/fs/bpf/uprobestats/map_Binder_output_buf id 59
[    8.842129] type=1320 audit(1790634422.475:52): 
[    8.823201] type=1320 audit(1790634422.363:49): 
[    8.842999] UprobeStatsBpfLoad: prog /sys/fs/bpf/uprobestats/prog_Binder_uprobe_exec_transact_internal id 47
[    8.843035] type=1334 audit(1790634422.475:53): prog-id=43 op=LOAD
[    8.843942] UprobeStatsBpfLoad: UprobeStatsBpfLoad loading optional ELF object /apex/com.android.uprobestats/etc/bpf/uprobestats/Accessibility.o with license GPL
[    8.844181] type=1300 audit(1790634422.475:53): arch=c000003e syscall=321 success=yes exit=10 a0=5 a1=7ffecff56960 a2=a8 a3=1 items=0 ppid=1 auid=4294967295 uid=0 gid=0 euid=0 suid=0 fsuid=0 egid=0 sgid=0 fsgid=0 tty=(none) ses=4294967295 comm="uprobestatsbpfl" exe="/apex/com.android.uprobestats/bin/uprobestatsbpfload" subj=u:r:bpfloader:s0 key=(null)
[    8.845554] UprobeStatsBpfLoad: map /sys/fs/bpf/uprobestats/map_Accessibility_output_buf id 60
[    8.847264] type=1327 audit(1790634422.475:53): proctitle="/apex/com.android.tethering/bin/netbpfload"
[    8.848041] UprobeStatsBpfLoad: prog /sys/fs/bpf/uprobestats/prog_Accessibility_uprobe_grant_runtime_permission id 48
[    8.848504] type=1320 audit(1790634422.475:53): 
[    8.849386] UprobeStatsBpfLoad: prog /sys/fs/bpf/uprobestats/prog_Accessibility_uprobe_dispatch_gesture id 49
[    8.849650] type=1334 audit(1790634422.475:54): prog-id=44 op=LOAD
[    8.850517] UprobeStatsBpfLoad: UprobeStatsBpfLoad loading optional ELF object /apex/com.android.uprobestats/etc/bpf/uprobestats/ArtTest.o with license GPL
[    8.850781] type=1300 audit(1790634422.475:54): arch=c000003e syscall=321 success=yes exit=11 a0=5 a1=7ffecff56960 a2=a8 a3=1 items=0 ppid=1 auid=4294967295 uid=0 gid=0 euid=0 suid=0 fsuid=0 egid=0 sgid=0 fsgid=0 tty=(none) ses=4294967295 comm="uprobestatsbpfl" exe="/apex/com.android.uprobestats/bin/uprobestatsbpfload" subj=u:r:bpfloader:s0 key=(null)
[    8.852122] UprobeStatsBpfLoad: map /sys/fs/bpf/uprobestats/map_ArtTest_output_buf_aot id 61
[    8.853990] type=1327 audit(1790634422.475:54): proctitle="/apex/com.android.tethering/bin/netbpfload"
[    8.854596] UprobeStatsBpfLoad: map /sys/fs/bpf/uprobestats/map_ArtTest_output_buf_jit id 62
[    8.855223] type=1320 audit(1790634422.475:54): 
[    8.855933] UprobeStatsBpfLoad: BPF_PROG_LOAD call for /apex/com.android.uprobestats/etc/bpf/uprobestats/ArtTest.o (uprobe_update_device_idle_temp_allowlist) returned fd: -1 (Permission denied)
[    8.856145] type=1334 audit(1790634422.483:55): prog-id=45 op=LOAD
[    8.857324] UprobeStatsBpfLoad: non-optional program failed to load.
[    8.857899] type=1300 audit(1790634422.483:55): arch=c000003e syscall=321 success=yes exit=12 a0=5 a1=7ffecff56960 a2=a8 a3=1 items=0 ppid=1 auid=4294967295 uid=0 gid=0 euid=0 suid=0 fsuid=0 egid=0 sgid=0 fsgid=0 tty=(none) ses=4294967295 comm="uprobestatsbpfl" exe="/apex/com.android.uprobestats/bin/uprobestatsbpfload" subj=u:r:bpfloader:s0 key=(null)
[    8.858330] UprobeStatsBpfLoad: Failed to load programs, loadCodeSections ret=-1
[    8.860593] type=1327 audit(1790634422.483:55): proctitle="/apex/com.android.tethering/bin/netbpfload"
[    8.861083] UprobeStatsBpfLoad: Failed to load object: /apex/com.android.uprobestats/etc/bpf/uprobestats/ArtTest.o, ret: Operation not permitted
[    8.861741] type=1320 audit(1790634422.483:55): 
[    8.862832] UprobeStatsBpfLoad: UprobeStatsBpfLoad loading optional ELF object /apex/com.android.uprobestats/etc/bpf/uprobestats/GenericInstrumentation.o with license GPL
[    8.862966] type=1334 audit(1790634422.483:56): prog-id=46 op=LOAD
[    8.823356] UprobeStatsBpfLoad: map /sys/fs/bpf/uprobestats/map_BitmapAllocation_output_buf id 55
[    8.823586] type=1334 audit(1790634422.363:50): prog-id=40 op=LOAD
[    8.824289] UprobeStatsBpfLoad: map /sys/fs/bpf/uprobestats/map_BitmapAllocation_active_bitmaps id 56
[    8.824664] type=1300 audit(1790634422.363:50): arch=c000003e syscall=321 success=yes exit=62 a0=5 a1=7ffcecd6c5c0 a2=94 a3=43 items=0 ppid=1 auid=4294967295 uid=0 gid=0 euid=0 suid=0 fsuid=0 egid=0 sgid=0 fsgid=0 tty=(none) ses=4294967295 comm="netbpfload" exe="/apex/com.android.tethering/bin/netbpfload" subj=u:r:bpfloader:s0 key=(null)
[    8.825329] UprobeStatsBpfLoad: map /sys/fs/bpf/uprobestats/map_BitmapAllocation_output id 57
[    8.827356] type=1327 audit(1790634422.363:50): proctitle="/apex/com.android.tethering/bin/netbpfload"
[    8.828209] UprobeStatsBpfLoad: prog /sys/fs/bpf/uprobestats/prog_BitmapAllocation_uprobe_bitmap_constructor_heap id 41
[    8.828601] type=1320 audit(1790634422.363:50): 
[    8.829433] UprobeStatsBpfLoad: prog /sys/fs/bpf/uprobestats/prog_BitmapAllocation_uprobe_bitmap_creation id 42
[    8.829793] type=1334 audit(1790634422.471:51): prog-id=41 op=LOAD
[    8.830574] UprobeStatsBpfLoad: prog /sys/fs/bpf/uprobestats/prog_BitmapAllocation_uprobe_bitmap_creation_for_snapshot id 43
[    8.830969] type=1300 audit(1790634422.471:51): arch=c000003e syscall=321 success=yes exit=8 a0=5 a1=7ffecff56960 a2=a8 a3=1 items=0 ppid=1 auid=4294967295 uid=0 gid=0 euid=0 suid=0 fsuid=0 egid=0 sgid=0 fsgid=0 tty=(none) ses=4294967295 comm="uprobestatsbpfl" exe="/apex/com.android.uprobestats/bin/uprobestatsbpfload" subj=u:r:bpfloader:s0 key=(null)
[    8.831794] UprobeStatsBpfLoad: prog /sys/fs/bpf/uprobestats/prog_BitmapAllocation_uprobe_apply_free_function id 44
[    8.865055] UprobeStatsBpfLoad: map /sys/fs/bpf/uprobestats/map_GenericInstrumentation_call_detail_buf id 63
[    8.865120] type=1300 audit(1790634422.483:56): arch=c000003e syscall=321 success=yes exit=13 a0=5 a1=7ffecff56960 a2=a8 a3=1 items=0 ppid=1 auid=4294967295 uid=0 gid=0 euid=0 suid=0 fsuid=0 egid=0 sgid=0 fsgid=0 tty=(none) ses=4294967295 comm="uprobestatsbpfl" exe="/apex/com.android.uprobestats/bin/uprobestatsbpfload" subj=u:r:bpfloader:s0 key=(null)
[    8.865801] UprobeStatsBpfLoad: map /sys/fs/bpf/uprobestats/map_GenericInstrumentation_call_timestamp_buf id 64
[    8.867887] type=1327 audit(1790634422.483:56): proctitle="/apex/com.android.tethering/bin/netbpfload"
[    8.868850] UprobeStatsBpfLoad: prog /sys/fs/bpf/uprobestats/prog_GenericInstrumentation_uprobe_call_detail id 50
[    8.869326] type=1320 audit(1790634422.483:56): 
[    8.870086] UprobeStatsBpfLoad: prog /sys/fs/bpf/uprobestats/prog_GenericInstrumentation_uprobe_call_timestamp id 51
[    8.870374] type=1334 audit(1790634422.487:57): prog-id=47 op=LOAD
[    8.871200] UprobeStatsBpfLoad: prog /sys/fs/bpf/uprobestats/prog_GenericInstrumentation_uprobe_call_timestamp_1 id 52
[    8.871628] type=1300 audit(1790634422.487:57): arch=c000003e syscall=321 success=yes exit=7 a0=5 a1=7ffecff56960 a2=a8 a3=1 items=0 ppid=1 auid=4294967295 uid=0 gid=0 euid=0 suid=0 fsuid=0 egid=0 sgid=0 fsgid=0 tty=(none) ses=4294967295 comm="uprobestatsbpfl" exe="/apex/com.android.uprobestats/bin/uprobestatsbpfload" subj=u:r:bpfloader:s0 key=(null)
[    8.872407] UprobeStatsBpfLoad: prog /sys/fs/bpf/uprobestats/prog_GenericInstrumentation_uprobe_call_timestamp_2 id 53
[    8.874596] type=1327 audit(1790634422.487:57): proctitle="/apex/com.android.tethering/bin/netbpfload"
[    8.875421] UprobeStatsBpfLoad: prog /sys/fs/bpf/uprobestats/prog_GenericInstrumentation_uprobe_call_timestamp_3 id 54
[    8.876084] type=1320 audit(1790634422.487:57): 
[    8.876881] UprobeStatsBpfLoad: prog /sys/fs/bpf/uprobestats/prog_GenericInstrumentation_uprobe_call_timestamp_4 id 55
[    8.877171] type=1334 audit(1790634422.491:58): prog-id=48 op=LOAD
[    8.877980] UprobeStatsBpfLoad: prog /sys/fs/bpf/uprobestats/prog_GenericInstrumentation_uprobe_call_timestamp_5 id 56
[    8.878462] type=1300 audit(1790634422.491:58): arch=c000003e syscall=321 success=yes exit=6 a0=5 a1=7ffecff56960 a2=a8 a3=1 items=0 ppid=1 auid=4294967295 uid=0 gid=0 euid=0 suid=0 fsuid=0 egid=0 sgid=0 fsgid=0 tty=(none) ses=4294967295 comm="uprobestatsbpfl" exe="/apex/com.android.uprobestats/bin/uprobestatsbpfload" subj=u:r:bpfloader:s0 key=(null)
[    8.879626] UprobeStatsBpfLoad: UprobeStatsBpfLoad loading optional ELF object /apex/com.android.uprobestats/etc/bpf/uprobestats/ProcessManagement.o with license GPL
[    8.881671] type=1327 audit(1790634422.491:58): proctitle="/apex/com.android.tethering/bin/netbpfload"
[    8.833977] type=1327 audit(1790634422.471:51): proctitle="/apex/com.android.tethering/bin/netbpfload"
[    8.834766] UprobeStatsBpfLoad: prog /sys/fs/bpf/uprobestats/prog_BitmapAllocation_uprobe_activity_perform_start id 45
[    8.883593] UprobeStatsBpfLoad: map /sys/fs/bpf/uprobestats/map_ProcessManagement_output_buf id 65
[    8.883650] type=1320 audit(1790634422.491:58): 
[    8.884327] UprobeStatsBpfLoad: map /sys/fs/bpf/uprobestats/map_ProcessManagement_update_device_idle_temp_allowlist_records id 66
[    8.884707] type=1334 audit(1790634422.495:59): prog-id=49 op=LOAD
[    8.885704] UprobeStatsBpfLoad: map /sys/fs/bpf/uprobestats/map_ProcessManagement_process_change_output_buf id 67
[    8.886137] type=1300 audit(1790634422.495:59): arch=c000003e syscall=321 success=yes exit=7 a0=5 a1=7ffecff56960 a2=a8 a3=1 items=0 ppid=1 auid=4294967295 uid=0 gid=0 euid=0 suid=0 fsuid=0 egid=0 sgid=0 fsgid=0 tty=(none) ses=4294967295 comm="uprobestatsbpfl" exe="/apex/com.android.uprobestats/bin/uprobestatsbpfload" subj=u:r:bpfloader:s0 key=(null)
[    8.887229] UprobeStatsBpfLoad: prog /sys/fs/bpf/uprobestats/prog_ProcessManagement_uprobe_set_uid_temp_allowlist_state id 57
[    8.889375] type=1327 audit(1790634422.495:59): proctitle="/apex/com.android.tethering/bin/netbpfload"
[    8.890344] UprobeStatsBpfLoad: BPF_PROG_LOAD call for /apex/com.android.uprobestats/etc/bpf/uprobestats/ProcessManagement.o (uprobe_update_device_idle_temp_allowlist) returned fd: -1 (Permission denied)
[    8.890942] type=1320 audit(1790634422.495:59): 
[    8.892341] UprobeStatsBpfLoad: non-optional program failed to load.
[    8.892746] type=1334 audit(1790634422.511:60): prog-id=50 op=LOAD
[    8.893272] UprobeStatsBpfLoad: Failed to load programs, loadCodeSections ret=-1
[    8.893742] type=1300 audit(1790634422.511:60): arch=c000003e syscall=321 success=yes exit=7 a0=5 a1=7ffecff56960 a2=a8 a3=1 items=0 ppid=1 auid=4294967295 uid=0 gid=0 euid=0 suid=0 fsuid=0 egid=0 sgid=0 fsgid=0 tty=(none) ses=4294967295 comm="uprobestatsbpfl" exe="/apex/com.android.uprobestats/bin/uprobestatsbpfload" subj=u:r:bpfloader:s0 key=(null)
[    8.894411] UprobeStatsBpfLoad: Failed to load object: /apex/com.android.uprobestats/etc/bpf/uprobestats/ProcessManagement.o, ret: Operation not permitted
[    8.896607] type=1327 audit(1790634422.511:60): proctitle="/apex/com.android.tethering/bin/netbpfload"
[    8.898041] UprobeStatsBpfLoad: UprobeStatsBpfLoad loading optional ELF object /apex/com.android.uprobestats/etc/bpf/uprobestats/DisruptiveApp.o with license GPL
[    8.898380] type=1320 audit(1790634422.511:60): 
[    8.835335] type=1320 audit(1790634422.471:51): 
[    8.836146] UprobeStatsBpfLoad: prog /sys/fs/bpf/uprobestats/prog_BitmapAllocation_uprobe_create_scaled_bitmap id 46
[    8.836409] type=1334 audit(1790634422.475:52): prog-id=42 op=LOAD
[    8.837386] UprobeStatsBpfLoad: UprobeStatsBpfLoad loading optional ELF object /apex/com.android.uprobestats/etc/bpf/uprobestats/Binder.o with license GPL
[    8.837637] type=1300 audit(1790634422.475:52): arch=c000003e syscall=321 success=yes exit=9 a0=5 a1=7ffecff56960 a2=a8 a3=1 items=0 ppid=1 auid=4294967295 uid=0 gid=0 euid=0 suid=0 fsuid=0 egid=0 sgid=0 fsgid=0 tty=(none) ses=4294967295 comm="uprobestatsbpfl" exe="/apex/com.android.uprobestats/bin/uprobestatsbpfload" subj=u:r:bpfloader:s0 key=(null)
[    8.900052] UprobeStatsBpfLoad: map /sys/fs/bpf/uprobestats/map_DisruptiveApp_BindServiceLocked_output_buf id 68
[    8.900189] type=1334 audit(1790634422.515:61): prog-id=51 op=LOAD
[    8.900958] UprobeStatsBpfLoad: map /sys/fs/bpf/uprobestats/map_DisruptiveApp_ComponentEnabledSetting_output_buf id 69
[    8.901419] type=1300 audit(1790634422.515:61): arch=c000003e syscall=321 success=yes exit=8 a0=5 a1=7ffecff56960 a2=a8 a3=1 items=0 ppid=1 auid=4294967295 uid=0 gid=0 euid=0 suid=0 fsuid=0 egid=0 sgid=0 fsgid=0 tty=(none) ses=4294967295 comm="uprobestatsbpfl" exe="/apex/com.android.uprobestats/bin/uprobestatsbpfload" subj=u:r:bpfloader:s0 key=(null)
[    8.902516] UprobeStatsBpfLoad: BPF_PROG_LOAD call for /apex/com.android.uprobestats/etc/bpf/uprobestats/DisruptiveApp.o (uprobe_bind_service_locked) returned fd: -1 (Permission denied)
[    8.904536] type=1327 audit(1790634422.515:61): proctitle="/apex/com.android.tethering/bin/netbpfload"
[    8.905640] UprobeStatsBpfLoad: non-optional program failed to load.
[    8.906309] type=1320 audit(1790634422.515:61): 
[    8.906744] UprobeStatsBpfLoad: Failed to load programs, loadCodeSections ret=-1
[    8.907083] type=1334 audit(1790634422.515:62): prog-id=52 op=LOAD
[    8.907615] UprobeStatsBpfLoad: Failed to load object: /apex/com.android.uprobestats/etc/bpf/uprobestats/DisruptiveApp.o, ret: Operation not permitted
[    8.908150] type=1300 audit(1790634422.515:62): arch=c000003e syscall=321 success=yes exit=9 a0=5 a1=7ffecff56960 a2=a8 a3=1 items=0 ppid=1 auid=4294967295 uid=0 gid=0 euid=0 suid=0 fsuid=0 egid=0 sgid=0 fsgid=0 tty=(none) ses=4294967295 comm="uprobestatsbpfl" exe="/apex/com.android.uprobestats/bin/uprobestatsbpfload" subj=u:r:bpfloader:s0 key=(null)
[    8.839038] UprobeStatsBpfLoad: map /sys/fs/bpf/uprobestats/map_Binder_interfaces id 58
[    8.840787] type=1327 audit(1790634422.475:52): proctitle="/apex/com.android.tethering/bin/netbpfload"
[    8.841388] UprobeStatsBpfLoad: map /sys/fs/bpf/uprobestats/map_Binder_output_buf id 59
[    8.842129] type=1320 audit(1790634422.475:52): 
[    8.842999] UprobeStatsBpfLoad: prog /sys/fs/bpf/uprobestats/prog_Binder_uprobe_exec_transact_internal id 47
[    8.843035] type=1334 audit(1790634422.475:53): prog-id=43 op=LOAD
[    8.843942] UprobeStatsBpfLoad: UprobeStatsBpfLoad loading optional ELF object /apex/com.android.uprobestats/etc/bpf/uprobestats/Accessibility.o with license GPL
[    8.844181] type=1300 audit(1790634422.475:53): arch=c000003e syscall=321 success=yes exit=10 a0=5 a1=7ffecff56960 a2=a8 a3=1 items=0 ppid=1 auid=4294967295 uid=0 gid=0 euid=0 suid=0 fsuid=0 egid=0 sgid=0 fsgid=0 tty=(none) ses=4294967295 comm="uprobestatsbpfl" exe="/apex/com.android.uprobestats/bin/uprobestatsbpfload" subj=u:r:bpfloader:s0 key=(null)
[    8.845554] UprobeStatsBpfLoad: map /sys/fs/bpf/uprobestats/map_Accessibility_output_buf id 60
[    8.847264] type=1327 audit(1790634422.475:53): proctitle="/apex/com.android.tethering/bin/netbpfload"
[    8.848041] UprobeStatsBpfLoad: prog /sys/fs/bpf/uprobestats/prog_Accessibility_uprobe_grant_runtime_permission id 48
[    8.848504] type=1320 audit(1790634422.475:53): 
[    8.849386] UprobeStatsBpfLoad: prog /sys/fs/bpf/uprobestats/prog_Accessibility_uprobe_dispatch_gesture id 49
[    8.849650] type=1334 audit(1790634422.475:54): prog-id=44 op=LOAD
[    8.850517] UprobeStatsBpfLoad: UprobeStatsBpfLoad loading optional ELF object /apex/com.android.uprobestats/etc/bpf/uprobestats/ArtTest.o with license GPL
[    8.850781] type=1300 audit(1790634422.475:54): arch=c000003e syscall=321 success=yes exit=11 a0=5 a1=7ffecff56960 a2=a8 a3=1 items=0 ppid=1 auid=4294967295 uid=0 gid=0 euid=0 suid=0 fsuid=0 egid=0 sgid=0 fsgid=0 tty=(none) ses=4294967295 comm="uprobestatsbpfl" exe="/apex/com.android.uprobestats/bin/uprobestatsbpfload" subj=u:r:bpfloader:s0 key=(null)
[    8.852122] UprobeStatsBpfLoad: map /sys/fs/bpf/uprobestats/map_ArtTest_output_buf_aot id 61
[    8.853990] type=1327 audit(1790634422.475:54): proctitle="/apex/com.android.tethering/bin/netbpfload"
[    8.854596] UprobeStatsBpfLoad: map /sys/fs/bpf/uprobestats/map_ArtTest_output_buf_jit id 62
[    8.855223] type=1320 audit(1790634422.475:54): 
[    8.855933] UprobeStatsBpfLoad: BPF_PROG_LOAD call for /apex/com.android.uprobestats/etc/bpf/uprobestats/ArtTest.o (uprobe_update_device_idle_temp_allowlist) returned fd: -1 (Permission denied)
[    8.856145] type=1334 audit(1790634422.483:55): prog-id=45 op=LOAD
[    8.857324] UprobeStatsBpfLoad: non-optional program failed to load.
[    8.857899] type=1300 audit(1790634422.483:55): arch=c000003e syscall=321 success=yes exit=12 a0=5 a1=7ffecff56960 a2=a8 a3=1 items=0 ppid=1 auid=4294967295 uid=0 gid=0 euid=0 suid=0 fsuid=0 egid=0 sgid=0 fsgid=0 tty=(none) ses=4294967295 comm="uprobestatsbpfl" exe="/apex/com.android.uprobestats/bin/uprobestatsbpfload" subj=u:r:bpfloader:s0 key=(null)
[    8.858330] UprobeStatsBpfLoad: Failed to load programs, loadCodeSections ret=-1
[    8.860593] type=1327 audit(1790634422.483:55): proctitle="/apex/com.android.tethering/bin/netbpfload"
[    8.861083] UprobeStatsBpfLoad: Failed to load object: /apex/com.android.uprobestats/etc/bpf/uprobestats/ArtTest.o, ret: Operation not permitted
[    8.861741] type=1320 audit(1790634422.483:55): 
[    8.862832] UprobeStatsBpfLoad: UprobeStatsBpfLoad loading optional ELF object /apex/com.android.uprobestats/etc/bpf/uprobestats/GenericInstrumentation.o with license GPL
[    8.862966] type=1334 audit(1790634422.483:56): prog-id=46 op=LOAD
[    8.865055] UprobeStatsBpfLoad: map /sys/fs/bpf/uprobestats/map_GenericInstrumentation_call_detail_buf id 63
[    8.865120] type=1300 audit(1790634422.483:56): arch=c000003e syscall=321 success=yes exit=13 a0=5 a1=7ffecff56960 a2=a8 a3=1 items=0 ppid=1 auid=4294967295 uid=0 gid=0 euid=0 suid=0 fsuid=0 egid=0 sgid=0 fsgid=0 tty=(none) ses=4294967295 comm="uprobestatsbpfl" exe="/apex/com.android.uprobestats/bin/uprobestatsbpfload" subj=u:r:bpfloader:s0 key=(null)
[    8.865801] UprobeStatsBpfLoad: map /sys/fs/bpf/uprobestats/map_GenericInstrumentation_call_timestamp_buf id 64
[    8.867887] type=1327 audit(1790634422.483:56): proctitle="/apex/com.android.tethering/bin/netbpfload"
[    8.868850] UprobeStatsBpfLoad: prog /sys/fs/bpf/uprobestats/prog_GenericInstrumentation_uprobe_call_detail id 50
[    8.869326] type=1320 audit(1790634422.483:56): 
[    8.870086] UprobeStatsBpfLoad: prog /sys/fs/bpf/uprobestats/prog_GenericInstrumentation_uprobe_call_timestamp id 51
[    8.870374] type=1334 audit(1790634422.487:57): prog-id=47 op=LOAD
[    8.871200] UprobeStatsBpfLoad: prog /sys/fs/bpf/uprobestats/prog_GenericInstrumentation_uprobe_call_timestamp_1 id 52
[    8.871628] type=1300 audit(1790634422.487:57): arch=c000003e syscall=321 success=yes exit=7 a0=5 a1=7ffecff56960 a2=a8 a3=1 items=0 ppid=1 auid=4294967295 uid=0 gid=0 euid=0 suid=0 fsuid=0 egid=0 sgid=0 fsgid=0 tty=(none) ses=4294967295 comm="uprobestatsbpfl" exe="/apex/com.android.uprobestats/bin/uprobestatsbpfload" subj=u:r:bpfloader:s0 key=(null)
[    8.872407] UprobeStatsBpfLoad: prog /sys/fs/bpf/uprobestats/prog_GenericInstrumentation_uprobe_call_timestamp_2 id 53
[    8.874596] type=1327 audit(1790634422.487:57): proctitle="/apex/com.android.tethering/bin/netbpfload"
[    8.875421] UprobeStatsBpfLoad: prog /sys/fs/bpf/uprobestats/prog_GenericInstrumentation_uprobe_call_timestamp_3 id 54
[    8.876084] type=1320 audit(1790634422.487:57): 
[    8.876881] UprobeStatsBpfLoad: prog /sys/fs/bpf/uprobestats/prog_GenericInstrumentation_uprobe_call_timestamp_4 id 55
[    8.877171] type=1334 audit(1790634422.491:58): prog-id=48 op=LOAD
[    8.877980] UprobeStatsBpfLoad: prog /sys/fs/bpf/uprobestats/prog_GenericInstrumentation_uprobe_call_timestamp_5 id 56
[    8.878462] type=1300 audit(1790634422.491:58): arch=c000003e syscall=321 success=yes exit=6 a0=5 a1=7ffecff56960 a2=a8 a3=1 items=0 ppid=1 auid=4294967295 uid=0 gid=0 euid=0 suid=0 fsuid=0 egid=0 sgid=0 fsgid=0 tty=(none) ses=4294967295 comm="uprobestatsbpfl" exe="/apex/com.android.uprobestats/bin/uprobestatsbpfload" subj=u:r:bpfloader:s0 key=(null)
[    8.879626] UprobeStatsBpfLoad: UprobeStatsBpfLoad loading optional ELF object /apex/com.android.uprobestats/etc/bpf/uprobestats/ProcessManagement.o with license GPL
[    8.881671] type=1327 audit(1790634422.491:58): proctitle="/apex/com.android.tethering/bin/netbpfload"
[    8.883593] UprobeStatsBpfLoad: map /sys/fs/bpf/uprobestats/map_ProcessManagement_output_buf id 65
[    8.883650] type=1320 audit(1790634422.491:58): 
[    8.884327] UprobeStatsBpfLoad: map /sys/fs/bpf/uprobestats/map_ProcessManagement_update_device_idle_temp_allowlist_records id 66
[    8.884707] type=1334 audit(1790634422.495:59): prog-id=49 op=LOAD
[    8.885704] UprobeStatsBpfLoad: map /sys/fs/bpf/uprobestats/map_ProcessManagement_process_change_output_buf id 67
[    8.886137] type=1300 audit(1790634422.495:59): arch=c000003e syscall=321 success=yes exit=7 a0=5 a1=7ffecff56960 a2=a8 a3=1 items=0 ppid=1 auid=4294967295 uid=0 gid=0 euid=0 suid=0 fsuid=0 egid=0 sgid=0 fsgid=0 tty=(none) ses=4294967295 comm="uprobestatsbpfl" exe="/apex/com.android.uprobestats/bin/uprobestatsbpfload" subj=u:r:bpfloader:s0 key=(null)
[    8.887229] UprobeStatsBpfLoad: prog /sys/fs/bpf/uprobestats/prog_ProcessManagement_uprobe_set_uid_temp_allowlist_state id 57
[    8.889375] type=1327 audit(1790634422.495:59): proctitle="/apex/com.android.tethering/bin/netbpfload"
[    8.890344] UprobeStatsBpfLoad: BPF_PROG_LOAD call for /apex/com.android.uprobestats/etc/bpf/uprobestats/ProcessManagement.o (uprobe_update_device_idle_temp_allowlist) returned fd: -1 (Permission denied)
[    8.890942] type=1320 audit(1790634422.495:59): 
[    8.892341] UprobeStatsBpfLoad: non-optional program failed to load.
[    8.892746] type=1334 audit(1790634422.511:60): prog-id=50 op=LOAD
[    8.893272] UprobeStatsBpfLoad: Failed to load programs, loadCodeSections ret=-1
[    8.893742] type=1300 audit(1790634422.511:60): arch=c000003e syscall=321 success=yes exit=7 a0=5 a1=7ffecff56960 a2=a8 a3=1 items=0 ppid=1 auid=4294967295 uid=0 gid=0 euid=0 suid=0 fsuid=0 egid=0 sgid=0 fsgid=0 tty=(none) ses=4294967295 comm="uprobestatsbpfl" exe="/apex/com.android.uprobestats/bin/uprobestatsbpfload" subj=u:r:bpfloader:s0 key=(null)
[    8.894411] UprobeStatsBpfLoad: Failed to load object: /apex/com.android.uprobestats/etc/bpf/uprobestats/ProcessManagement.o, ret: Operation not permitted
[    8.896607] type=1327 audit(1790634422.511:60): proctitle="/apex/com.android.tethering/bin/netbpfload"
[    8.898041] UprobeStatsBpfLoad: UprobeStatsBpfLoad loading optional ELF object /apex/com.android.uprobestats/etc/bpf/uprobestats/DisruptiveApp.o with license GPL
[    8.898380] type=1320 audit(1790634422.511:60): 
[    8.900052] UprobeStatsBpfLoad: map /sys/fs/bpf/uprobestats/map_DisruptiveApp_BindServiceLocked_output_buf id 68
[    8.900189] type=1334 audit(1790634422.515:61): prog-id=51 op=LOAD
[    8.900958] UprobeStatsBpfLoad: map /sys/fs/bpf/uprobestats/map_DisruptiveApp_ComponentEnabledSetting_output_buf id 69
[    8.901419] type=1300 audit(1790634422.515:61): arch=c000003e syscall=321 success=yes exit=8 a0=5 a1=7ffecff56960 a2=a8 a3=1 items=0 ppid=1 auid=4294967295 uid=0 gid=0 euid=0 suid=0 fsuid=0 egid=0 sgid=0 fsgid=0 tty=(none) ses=4294967295 comm="uprobestatsbpfl" exe="/apex/com.android.uprobestats/bin/uprobestatsbpfload" subj=u:r:bpfloader:s0 key=(null)
[    8.902516] UprobeStatsBpfLoad: BPF_PROG_LOAD call for /apex/com.android.uprobestats/etc/bpf/uprobestats/DisruptiveApp.o (uprobe_bind_service_locked) returned fd: -1 (Permission denied)
[    8.904536] type=1327 audit(1790634422.515:61): proctitle="/apex/com.android.tethering/bin/netbpfload"
[    8.905640] UprobeStatsBpfLoad: non-optional program failed to load.
[    8.906309] type=1320 audit(1790634422.515:61): 
[    8.906744] UprobeStatsBpfLoad: Failed to load programs, loadCodeSections ret=-1
[    8.907083] type=1334 audit(1790634422.515:62): prog-id=52 op=LOAD
[    8.907615] UprobeStatsBpfLoad: Failed to load object: /apex/com.android.uprobestats/etc/bpf/uprobestats/DisruptiveApp.o, ret: Operation not permitted
[    8.908150] type=1300 audit(1790634422.515:62): arch=c000003e syscall=321 success=yes exit=9 a0=5 a1=7ffecff56960 a2=a8 a3=1 items=0 ppid=1 auid=4294967295 uid=0 gid=0 euid=0 suid=0 fsuid=0 egid=0 sgid=0 fsgid=0 tty=(none) ses=4294967295 comm="uprobestatsbpfl" exe="/apex/com.android.uprobestats/bin/uprobestatsbpfload" subj=u:r:bpfloader:s0 key=(null)
[    8.915012] type=1327 audit(1790634422.515:62): proctitle="/apex/com.android.tethering/bin/netbpfload"
[    8.915012] type=1327 audit(1790634422.515:62): proctitle="/apex/com.android.tethering/bin/netbpfload"
[    8.915723] type=1320 audit(1790634422.515:62): 
[    8.915723] type=1320 audit(1790634422.515:62): 
[    8.916109] type=1334 audit(1790634422.515:63): prog-id=53 op=LOAD
[    8.916109] type=1334 audit(1790634422.515:63): prog-id=53 op=LOAD
[    8.916629] type=1300 audit(1790634422.515:63): arch=c000003e syscall=321 success=yes exit=10 a0=5 a1=7ffecff56960 a2=a8 a3=1 items=0 ppid=1 auid=4294967295 uid=0 gid=0 euid=0 suid=0 fsuid=0 egid=0 sgid=0 fsgid=0 tty=(none) ses=4294967295 comm="uprobestatsbpfl" exe="/apex/com.android.uprobestats/bin/uprobestatsbpfload" subj=u:r:bpfloader:s0 key=(null)
[    8.916629] type=1300 audit(1790634422.515:63): arch=c000003e syscall=321 success=yes exit=10 a0=5 a1=7ffecff56960 a2=a8 a3=1 items=0 ppid=1 auid=4294967295 uid=0 gid=0 euid=0 suid=0 fsuid=0 egid=0 sgid=0 fsgid=0 tty=(none) ses=4294967295 comm="uprobestatsbpfl" exe="/apex/com.android.uprobestats/bin/uprobestatsbpfload" subj=u:r:bpfloader:s0 key=(null)
[    8.919105] type=1327 audit(1790634422.515:63): proctitle="/apex/com.android.tethering/bin/netbpfload"
[    8.919105] type=1327 audit(1790634422.515:63): proctitle="/apex/com.android.tethering/bin/netbpfload"
[    8.919799] type=1320 audit(1790634422.515:63): 
[    8.919799] type=1320 audit(1790634422.515:63): 
[    8.920184] type=1334 audit(1790634422.523:64): prog-id=54 op=LOAD
[    8.920184] type=1334 audit(1790634422.523:64): prog-id=54 op=LOAD
[    8.920664] type=1300 audit(1790634422.523:64): arch=c000003e syscall=321 success=yes exit=11 a0=5 a1=7ffecff56960 a2=a8 a3=1 items=0 ppid=1 auid=4294967295 uid=0 gid=0 euid=0 suid=0 fsuid=0 egid=0 sgid=0 fsgid=0 tty=(none) ses=4294967295 comm="uprobestatsbpfl" exe="/apex/com.android.uprobestats/bin/uprobestatsbpfload" subj=u:r:bpfloader:s0 key=(null)
[    8.920664] type=1300 audit(1790634422.523:64): arch=c000003e syscall=321 success=yes exit=11 a0=5 a1=7ffecff56960 a2=a8 a3=1 items=0 ppid=1 auid=4294967295 uid=0 gid=0 euid=0 suid=0 fsuid=0 egid=0 sgid=0 fsgid=0 tty=(none) ses=4294967295 comm="uprobestatsbpfl" exe="/apex/com.android.uprobestats/bin/uprobestatsbpfload" subj=u:r:bpfloader:s0 key=(null)
[    8.923049] type=1327 audit(1790634422.523:64): proctitle="/apex/com.android.tethering/bin/netbpfload"
[    8.923049] type=1327 audit(1790634422.523:64): proctitle="/apex/com.android.tethering/bin/netbpfload"
[    8.923747] type=1320 audit(1790634422.523:64): 
[    8.923747] type=1320 audit(1790634422.523:64): 
[    8.924123] type=1334 audit(1790634422.523:65): prog-id=55 op=LOAD
[    8.924123] type=1334 audit(1790634422.523:65): prog-id=55 op=LOAD
[    8.924652] type=1300 audit(1790634422.523:65): arch=c000003e syscall=321 success=yes exit=12 a0=5 a1=7ffecff56960 a2=a8 a3=1 items=0 ppid=1 auid=4294967295 uid=0 gid=0 euid=0 suid=0 fsuid=0 egid=0 sgid=0 fsgid=0 tty=(none) ses=4294967295 comm="uprobestatsbpfl" exe="/apex/com.android.uprobestats/bin/uprobestatsbpfload" subj=u:r:bpfloader:s0 key=(null)
[    8.924652] type=1300 audit(1790634422.523:65): arch=c000003e syscall=321 success=yes exit=12 a0=5 a1=7ffecff56960 a2=a8 a3=1 items=0 ppid=1 auid=4294967295 uid=0 gid=0 euid=0 suid=0 fsuid=0 egid=0 sgid=0 fsgid=0 tty=(none) ses=4294967295 comm="uprobestatsbpfl" exe="/apex/com.android.uprobestats/bin/uprobestatsbpfload" subj=u:r:bpfloader:s0 key=(null)
[    8.926961] type=1327 audit(1790634422.523:65): proctitle="/apex/com.android.tethering/bin/netbpfload"
[    8.926961] type=1327 audit(1790634422.523:65): proctitle="/apex/com.android.tethering/bin/netbpfload"
[    8.927700] type=1320 audit(1790634422.523:65): 
[    8.927700] type=1320 audit(1790634422.523:65): 
[    8.928161] type=1334 audit(1790634422.523:66): prog-id=56 op=LOAD
[    8.928161] type=1334 audit(1790634422.523:66): prog-id=56 op=LOAD
[    8.928656] type=1300 audit(1790634422.523:66): arch=c000003e syscall=321 success=yes exit=13 a0=5 a1=7ffecff56960 a2=a8 a3=1 items=0 ppid=1 auid=4294967295 uid=0 gid=0 euid=0 suid=0 fsuid=0 egid=0 sgid=0 fsgid=0 tty=(none) ses=4294967295 comm="uprobestatsbpfl" exe="/apex/com.android.uprobestats/bin/uprobestatsbpfload" subj=u:r:bpfloader:s0 key=(null)
[    8.928656] type=1300 audit(1790634422.523:66): arch=c000003e syscall=321 success=yes exit=13 a0=5 a1=7ffecff56960 a2=a8 a3=1 items=0 ppid=1 auid=4294967295 uid=0 gid=0 euid=0 suid=0 fsuid=0 egid=0 sgid=0 fsgid=0 tty=(none) ses=4294967295 comm="uprobestatsbpfl" exe="/apex/com.android.uprobestats/bin/uprobestatsbpfload" subj=u:r:bpfloader:s0 key=(null)
[    8.931026] type=1327 audit(1790634422.523:66): proctitle="/apex/com.android.tethering/bin/netbpfload"
[    8.931026] type=1327 audit(1790634422.523:66): proctitle="/apex/com.android.tethering/bin/netbpfload"
[    8.931812] type=1320 audit(1790634422.523:66): 
[    8.931812] type=1320 audit(1790634422.523:66): 
[    8.932238] type=1334 audit(1790634422.535:67): prog-id=57 op=LOAD
[    8.932238] type=1334 audit(1790634422.535:67): prog-id=57 op=LOAD
[    8.932716] type=1300 audit(1790634422.535:67): arch=c000003e syscall=321 success=yes exit=8 a0=5 a1=7ffecff56960 a2=a8 a3=1 items=0 ppid=1 auid=4294967295 uid=0 gid=0 euid=0 suid=0 fsuid=0 egid=0 sgid=0 fsgid=0 tty=(none) ses=4294967295 comm="uprobestatsbpfl" exe="/apex/com.android.uprobestats/bin/uprobestatsbpfload" subj=u:r:bpfloader:s0 key=(null)
[    8.932716] type=1300 audit(1790634422.535:67): arch=c000003e syscall=321 success=yes exit=8 a0=5 a1=7ffecff56960 a2=a8 a3=1 items=0 ppid=1 auid=4294967295 uid=0 gid=0 euid=0 suid=0 fsuid=0 egid=0 sgid=0 fsgid=0 tty=(none) ses=4294967295 comm="uprobestatsbpfl" exe="/apex/com.android.uprobestats/bin/uprobestatsbpfload" subj=u:r:bpfloader:s0 key=(null)
[    8.935079] type=1327 audit(1790634422.535:67): proctitle="/apex/com.android.tethering/bin/netbpfload"
[    8.935079] type=1327 audit(1790634422.535:67): proctitle="/apex/com.android.tethering/bin/netbpfload"
[    8.935776] type=1320 audit(1790634422.535:67): 
[    8.935776] type=1320 audit(1790634422.535:67): 
[    8.936153] type=1334 audit(1790634422.567:68): prog-id=58 op=LOAD
[    8.936153] type=1334 audit(1790634422.567:68): prog-id=58 op=LOAD
[    8.936638] type=1300 audit(1790634422.567:68): arch=c000003e syscall=321 success=yes exit=4 a0=5 a1=7ffc13269af8 a2=74 a3=2a items=0 ppid=1 auid=4294967295 uid=0 gid=0 euid=0 suid=0 fsuid=0 egid=0 sgid=0 fsgid=0 tty=(none) ses=4294967295 comm="bpfloader" exe="/system/bin/bpfloader" subj=u:r:bpfloader:s0 key=(null)
[    8.936638] type=1300 audit(1790634422.567:68): arch=c000003e syscall=321 success=yes exit=4 a0=5 a1=7ffc13269af8 a2=74 a3=2a items=0 ppid=1 auid=4294967295 uid=0 gid=0 euid=0 suid=0 fsuid=0 egid=0 sgid=0 fsgid=0 tty=(none) ses=4294967295 comm="bpfloader" exe="/system/bin/bpfloader" subj=u:r:bpfloader:s0 key=(null)
[    8.938657] type=1327 audit(1790634422.567:68): proctitle="/apex/com.android.tethering/bin/netbpfload"
[    8.938657] type=1327 audit(1790634422.567:68): proctitle="/apex/com.android.tethering/bin/netbpfload"
[    8.939351] type=1320 audit(1790634422.567:68): 
[    8.939351] type=1320 audit(1790634422.567:68): 
[    8.939802] type=1334 audit(1790634422.567:69): prog-id=58 op=UNLOAD
[    8.939802] type=1334 audit(1790634422.567:69): prog-id=58 op=UNLOAD
[    8.940353] type=1300 audit(1790634422.567:69): arch=c000003e syscall=3 success=yes exit=0 a0=4 a1=0 a2=0 a3=2a items=0 ppid=1 auid=4294967295 uid=0 gid=0 euid=0 suid=0 fsuid=0 egid=0 sgid=0 fsgid=0 tty=(none) ses=4294967295 comm="bpfloader" exe="/system/bin/bpfloader" subj=u:r:bpfloader:s0 key=(null)
[    8.940353] type=1300 audit(1790634422.567:69): arch=c000003e syscall=3 success=yes exit=0 a0=4 a1=0 a2=0 a3=2a items=0 ppid=1 auid=4294967295 uid=0 gid=0 euid=0 suid=0 fsuid=0 egid=0 sgid=0 fsgid=0 tty=(none) ses=4294967295 comm="bpfloader" exe="/system/bin/bpfloader" subj=u:r:bpfloader:s0 key=(null)
[    8.942403] type=1327 audit(1790634422.567:69): proctitle="/apex/com.android.tethering/bin/netbpfload"
[    8.942403] type=1327 audit(1790634422.567:69): proctitle="/apex/com.android.tethering/bin/netbpfload"
[    8.943090] type=1320 audit(1790634422.567:69): 
[    8.943090] type=1320 audit(1790634422.567:69): 
[    8.943468] type=1334 audit(1790634422.567:70): prog-id=59 op=LOAD
[    8.943468] type=1334 audit(1790634422.567:70): prog-id=59 op=LOAD
[    8.944061] type=1300 audit(1790634422.567:70): arch=c000003e syscall=321 success=yes exit=4 a0=5 a1=7ffc13269b60 a2=94 a3=2 items=0 ppid=1 auid=4294967295 uid=0 gid=0 euid=0 suid=0 fsuid=0 egid=0 sgid=0 fsgid=0 tty=(none) ses=4294967295 comm="bpfloader" exe="/system/bin/bpfloader" subj=u:r:bpfloader:s0 key=(null)
[    8.944061] type=1300 audit(1790634422.567:70): arch=c000003e syscall=321 success=yes exit=4 a0=5 a1=7ffc13269b60 a2=94 a3=2 items=0 ppid=1 auid=4294967295 uid=0 gid=0 euid=0 suid=0 fsuid=0 egid=0 sgid=0 fsgid=0 tty=(none) ses=4294967295 comm="bpfloader" exe="/system/bin/bpfloader" subj=u:r:bpfloader:s0 key=(null)
[    8.946208] type=1327 audit(1790634422.567:70): proctitle="/apex/com.android.tethering/bin/netbpfload"
[    8.946208] type=1327 audit(1790634422.567:70): proctitle="/apex/com.android.tethering/bin/netbpfload"
[    8.946902] type=1320 audit(1790634422.567:70): 
[    8.946902] type=1320 audit(1790634422.567:70): 
[    8.947276] type=1334 audit(1790634422.567:71): prog-id=59 op=UNLOAD
[    8.947276] type=1334 audit(1790634422.567:71): prog-id=59 op=UNLOAD
[    8.947764] type=1300 audit(1790634422.567:71): arch=c000003e syscall=3 success=yes exit=0 a0=4 a1=0 a2=0 a3=2 items=0 ppid=1 auid=4294967295 uid=0 gid=0 euid=0 suid=0 fsuid=0 egid=0 sgid=0 fsgid=0 tty=(none) ses=4294967295 comm="bpfloader" exe="/system/bin/bpfloader" subj=u:r:bpfloader:s0 key=(null)
[    8.948173] Lockdown: bpfloader: use of bpf to read kernel RAM is restricted; see man kernel_lockdown.7
[    8.949617] type=1327 audit(1790634422.567:71): proctitle="/apex/com.android.tethering/bin/netbpfload"
[    8.947764] type=1300 audit(1790634422.567:71): arch=c000003e syscall=3 success=yes exit=0 a0=4 a1=0 a2=0 a3=2 items=0 ppid=1 auid=4294967295 uid=0 gid=0 euid=0 suid=0 fsuid=0 egid=0 sgid=0 fsgid=0 tty=(none) ses=4294967295 comm="bpfloader" exe="/system/bin/bpfloader" subj=u:r:bpfloader:s0 key=(null)
[    8.948173] Lockdown: bpfloader: use of bpf to read kernel RAM is restricted; see man kernel_lockdown.7
[    8.949617] type=1327 audit(1790634422.567:71): proctitle="/apex/com.android.tethering/bin/netbpfload"
[    8.951131] type=1320 audit(1790634422.567:71): 
[    8.951320] Lockdown: bpfloader: use of bpf to read kernel RAM is restricted; see man kernel_lockdown.7
[    8.951471] type=1334 audit(1790634422.595:72): prog-id=60 op=LOAD
[    8.952226] Lockdown: bpfloader: use of bpf to read kernel RAM is restricted; see man kernel_lockdown.7
[    8.952613] type=1300 audit(1790634422.595:72): arch=c000003e syscall=321 success=yes exit=20 a0=5 a1=7ffc13269858 a2=40 a3=4 items=0 ppid=1 auid=4294967295 uid=0 gid=0 euid=0 suid=0 fsuid=0 egid=0 sgid=0 fsgid=0 tty=(none) ses=4294967295 comm="bpfloader" exe="/system/bin/bpfloader" subj=u:r:bpfloader:s0 key=(null)
[    8.951131] type=1320 audit(1790634422.567:71): 
[    8.953694] BpfLoader-rs: Error when loading /system/etc/bpf/cputimeinstate/timeInState.bpf: Invalid argument (os error 22)
[    8.955314] type=1327 audit(1790634422.595:72): proctitle="/apex/com.android.tethering/bin/netbpfload"
[    8.955650] could not enable bpf_trace_printk events
[    8.951320] Lockdown: bpfloader: use of bpf to read kernel RAM is restricted; see man kernel_lockdown.7
[    8.956086] type=1320 audit(1790634422.595:72): 
[    8.951471] type=1334 audit(1790634422.595:72): prog-id=60 op=LOAD
[    8.952226] Lockdown: bpfloader: use of bpf to read kernel RAM is restricted; see man kernel_lockdown.7
[    8.952613] type=1300 audit(1790634422.595:72): arch=c000003e syscall=321 success=yes exit=20 a0=5 a1=7ffc13269858 a2=40 a3=4 items=0 ppid=1 auid=4294967295 uid=0 gid=0 euid=0 suid=0 fsuid=0 egid=0 sgid=0 fsgid=0 tty=(none) ses=4294967295 comm="bpfloader" exe="/system/bin/bpfloader" subj=u:r:bpfloader:s0 key=(null)
[    8.953694] BpfLoader-rs: Error when loading /system/etc/bpf/cputimeinstate/timeInState.bpf: Invalid argument (os error 22)
[    8.955314] type=1327 audit(1790634422.595:72): proctitle="/apex/com.android.tethering/bin/netbpfload"
[    8.955650] could not enable bpf_trace_printk events
[    8.956086] type=1320 audit(1790634422.595:72): 
[    8.957858] type=1334 audit(1790634422.595:73): prog-id=60 op=UNLOAD
[    8.957906] Lockdown: bpfloader: use of bpf to read kernel RAM is restricted; see man kernel_lockdown.7
[    8.958331] type=1300 audit(1790634422.595:73): arch=c000003e syscall=3 success=yes exit=0 a0=14 a1=0 a2=0 a3=4 items=0 ppid=1 auid=4294967295 uid=0 gid=0 euid=0 suid=0 fsuid=0 egid=0 sgid=0 fsgid=0 tty=(none) ses=4294967295 comm="bpfloader" exe="/system/bin/bpfloader" subj=u:r:bpfloader:s0 key=(null)
[    8.959115] Lockdown: bpfloader: use of bpf to read kernel RAM is restricted; see man kernel_lockdown.7
[    8.960873] type=1327 audit(1790634422.595:73): proctitle="/apex/com.android.tethering/bin/netbpfload"
[    8.957858] type=1334 audit(1790634422.595:73): prog-id=60 op=UNLOAD
[    8.961617] BpfLoader-rs: Error when loading /system/etc/bpf/memevents/bpfMemEvents.bpf: Invalid argument (os error 22)
[    8.962222] type=1320 audit(1790634422.595:73): 
[    8.962719] Lockdown: bpfloader: use of bpf to read kernel RAM is restricted; see man kernel_lockdown.7
[    8.963087] type=1334 audit(1790634422.595:74): prog-id=61 op=LOAD
[    8.963572] Lockdown: bpfloader: use of bpf to read kernel RAM is restricted; see man kernel_lockdown.7
[    8.964116] type=1300 audit(1790634422.595:74): arch=c000003e syscall=321 success=yes exit=20 a0=5 a1=7ffc13269b60 a2=94 a3=375 items=0 ppid=1 auid=4294967295 uid=0 gid=0 euid=0 suid=0 fsuid=0 egid=0 sgid=0 fsgid=0 tty=(none) ses=4294967295 comm="bpfloader" exe="/system/bin/bpfloader" subj=u:r:bpfloader:s0 key=(null)
[    8.964640] BpfLoader-rs: Error when loading /system/etc/bpf/memevents/bpfMemEventsTest.bpf: Invalid argument (os error 22)
[    8.957906] Lockdown: bpfloader: use of bpf to read kernel RAM is restricted; see man kernel_lockdown.7
[    8.965327] type=1327 audit(1790634422.595:74): proctitle="/apex/com.android.tethering/bin/netbpfload"
[    8.958331] type=1300 audit(1790634422.595:73): arch=c000003e syscall=3 success=yes exit=0 a0=14 a1=0 a2=0 a3=4 items=0 ppid=1 auid=4294967295 uid=0 gid=0 euid=0 suid=0 fsuid=0 egid=0 sgid=0 fsgid=0 tty=(none) ses=4294967295 comm="bpfloader" exe="/system/bin/bpfloader" subj=u:r:bpfloader:s0 key=(null)
[    8.959115] Lockdown: bpfloader: use of bpf to read kernel RAM is restricted; see man kernel_lockdown.7
[    8.960873] type=1327 audit(1790634422.595:73): proctitle="/apex/com.android.tethering/bin/netbpfload"
[    8.961617] BpfLoader-rs: Error when loading /system/etc/bpf/memevents/bpfMemEvents.bpf: Invalid argument (os error 22)
[    8.962222] type=1320 audit(1790634422.595:73): 
[    8.962719] Lockdown: bpfloader: use of bpf to read kernel RAM is restricted; see man kernel_lockdown.7
[    8.963087] type=1334 audit(1790634422.595:74): prog-id=61 op=LOAD
[    8.963572] Lockdown: bpfloader: use of bpf to read kernel RAM is restricted; see man kernel_lockdown.7
[    8.964116] type=1300 audit(1790634422.595:74): arch=c000003e syscall=321 success=yes exit=20 a0=5 a1=7ffc13269b60 a2=94 a3=375 items=0 ppid=1 auid=4294967295 uid=0 gid=0 euid=0 suid=0 fsuid=0 egid=0 sgid=0 fsgid=0 tty=(none) ses=4294967295 comm="bpfloader" exe="/system/bin/bpfloader" subj=u:r:bpfloader:s0 key=(null)
[    8.964640] BpfLoader-rs: Error when loading /system/etc/bpf/memevents/bpfMemEventsTest.bpf: Invalid argument (os error 22)
[    8.965327] type=1327 audit(1790634422.595:74): proctitle="/apex/com.android.tethering/bin/netbpfload"
[    8.969336] type=1320 audit(1790634422.595:74): 
[    8.969336] type=1320 audit(1790634422.595:74): 
[    8.969706] type=1334 audit(1790634422.595:75): prog-id=62 op=LOAD
[    8.969706] type=1334 audit(1790634422.595:75): prog-id=62 op=LOAD
[    8.970206] type=1300 audit(1790634422.595:75): arch=c000003e syscall=321 success=yes exit=21 a0=5 a1=7ffc13269b60 a2=94 a3=1f items=0 ppid=1 auid=4294967295 uid=0 gid=0 euid=0 suid=0 fsuid=0 egid=0 sgid=0 fsgid=0 tty=(none) ses=4294967295 comm="bpfloader" exe="/system/bin/bpfloader" subj=u:r:bpfloader:s0 key=(null)
[    8.970206] type=1300 audit(1790634422.595:75): arch=c000003e syscall=321 success=yes exit=21 a0=5 a1=7ffc13269b60 a2=94 a3=1f items=0 ppid=1 auid=4294967295 uid=0 gid=0 euid=0 suid=0 fsuid=0 egid=0 sgid=0 fsgid=0 tty=(none) ses=4294967295 comm="bpfloader" exe="/system/bin/bpfloader" subj=u:r:bpfloader:s0 key=(null)
[    8.972351] type=1327 audit(1790634422.595:75): proctitle="/apex/com.android.tethering/bin/netbpfload"
[    8.972351] type=1327 audit(1790634422.595:75): proctitle="/apex/com.android.tethering/bin/netbpfload"
[    8.973187] type=1320 audit(1790634422.595:75): 
[    8.973187] type=1320 audit(1790634422.595:75): 
[    8.973554] type=1334 audit(1790634422.599:76): prog-id=61 op=UNLOAD
[    8.973554] type=1334 audit(1790634422.599:76): prog-id=61 op=UNLOAD
[    8.974048] type=1300 audit(1790634422.599:76): arch=c000003e syscall=3 success=yes exit=0 a0=14 a1=0 a2=0 a3=6b21fa0ba items=0 ppid=1 auid=4294967295 uid=0 gid=0 euid=0 suid=0 fsuid=0 egid=0 sgid=0 fsgid=0 tty=(none) ses=4294967295 comm="bpfloader" exe="/system/bin/bpfloader" subj=u:r:bpfloader:s0 key=(null)
[    8.974048] type=1300 audit(1790634422.599:76): arch=c000003e syscall=3 success=yes exit=0 a0=14 a1=0 a2=0 a3=6b21fa0ba items=0 ppid=1 auid=4294967295 uid=0 gid=0 euid=0 suid=0 fsuid=0 egid=0 sgid=0 fsgid=0 tty=(none) ses=4294967295 comm="bpfloader" exe="/system/bin/bpfloader" subj=u:r:bpfloader:s0 key=(null)
[    8.976477] type=1327 audit(1790634422.599:76): proctitle="/apex/com.android.tethering/bin/netbpfload"
[    8.976477] type=1327 audit(1790634422.599:76): proctitle="/apex/com.android.tethering/bin/netbpfload"
[    8.977228] type=1320 audit(1790634422.599:76): 
[    8.977228] type=1320 audit(1790634422.599:76): 
[    8.977640] type=1334 audit(1790634422.599:77): prog-id=62 op=UNLOAD
[    8.977640] type=1334 audit(1790634422.599:77): prog-id=62 op=UNLOAD
[    8.978224] type=1300 audit(1790634422.599:77): arch=c000003e syscall=3 success=yes exit=0 a0=15 a1=0 a2=0 a3=6b21fa0ba items=0 ppid=1 auid=4294967295 uid=0 gid=0 euid=0 suid=0 fsuid=0 egid=0 sgid=0 fsgid=0 tty=(none) ses=4294967295 comm="bpfloader" exe="/system/bin/bpfloader" subj=u:r:bpfloader:s0 key=(null)
[    8.978224] type=1300 audit(1790634422.599:77): arch=c000003e syscall=3 success=yes exit=0 a0=15 a1=0 a2=0 a3=6b21fa0ba items=0 ppid=1 auid=4294967295 uid=0 gid=0 euid=0 suid=0 fsuid=0 egid=0 sgid=0 fsgid=0 tty=(none) ses=4294967295 comm="bpfloader" exe="/system/bin/bpfloader" subj=u:r:bpfloader:s0 key=(null)
[    8.980309] type=1327 audit(1790634422.599:77): proctitle="/apex/com.android.tethering/bin/netbpfload"
[    8.980309] type=1327 audit(1790634422.599:77): proctitle="/apex/com.android.tethering/bin/netbpfload"
[    8.981165] type=1320 audit(1790634422.599:77): 
[    8.981165] type=1320 audit(1790634422.599:77): 
[    8.981547] type=1334 audit(1790634422.599:78): prog-id=63 op=LOAD
[    8.981547] type=1334 audit(1790634422.599:78): prog-id=63 op=LOAD
[    8.982034] type=1300 audit(1790634422.599:78): arch=c000003e syscall=321 success=yes exit=4 a0=5 a1=7ffc13269b60 a2=94 a3=2 items=0 ppid=1 auid=4294967295 uid=0 gid=0 euid=0 suid=0 fsuid=0 egid=0 sgid=0 fsgid=0 tty=(none) ses=4294967295 comm="bpfloader" exe="/system/bin/bpfloader" subj=u:r:bpfloader:s0 key=(null)
[    8.982034] type=1300 audit(1790634422.599:78): arch=c000003e syscall=321 success=yes exit=4 a0=5 a1=7ffc13269b60 a2=94 a3=2 items=0 ppid=1 auid=4294967295 uid=0 gid=0 euid=0 suid=0 fsuid=0 egid=0 sgid=0 fsgid=0 tty=(none) ses=4294967295 comm="bpfloader" exe="/system/bin/bpfloader" subj=u:r:bpfloader:s0 key=(null)
[    8.984228] type=1327 audit(1790634422.599:78): proctitle="/apex/com.android.tethering/bin/netbpfload"
[    8.984228] type=1327 audit(1790634422.599:78): proctitle="/apex/com.android.tethering/bin/netbpfload"
[    8.985063] type=1320 audit(1790634422.599:78): 
[    8.985063] type=1320 audit(1790634422.599:78): 
[    8.985509] type=1334 audit(1790634422.599:79): prog-id=63 op=UNLOAD
[    8.985509] type=1334 audit(1790634422.599:79): prog-id=63 op=UNLOAD
[    8.986085] type=1300 audit(1790634422.599:79): arch=c000003e syscall=3 success=yes exit=0 a0=4 a1=0 a2=0 a3=2 items=0 ppid=1 auid=4294967295 uid=0 gid=0 euid=0 suid=0 fsuid=0 egid=0 sgid=0 fsgid=0 tty=(none) ses=4294967295 comm="bpfloader" exe="/system/bin/bpfloader" subj=u:r:bpfloader:s0 key=(null)
[    8.986085] type=1300 audit(1790634422.599:79): arch=c000003e syscall=3 success=yes exit=0 a0=4 a1=0 a2=0 a3=2 items=0 ppid=1 auid=4294967295 uid=0 gid=0 euid=0 suid=0 fsuid=0 egid=0 sgid=0 fsgid=0 tty=(none) ses=4294967295 comm="bpfloader" exe="/system/bin/bpfloader" subj=u:r:bpfloader:s0 key=(null)
[    8.988062] Lockdown: bpfloader: use of bpf to read kernel RAM is restricted; see man kernel_lockdown.7
[    8.988186] type=1327 audit(1790634422.599:79): proctitle="/apex/com.android.tethering/bin/netbpfload"
[    8.989056] Lockdown: bpfloader: use of bpf to read kernel RAM is restricted; see man kernel_lockdown.7
[    8.989543] type=1320 audit(1790634422.599:79): 
[    8.988062] Lockdown: bpfloader: use of bpf to read kernel RAM is restricted; see man kernel_lockdown.7
[    8.988186] type=1327 audit(1790634422.599:79): proctitle="/apex/com.android.tethering/bin/netbpfload"
[    8.989056] Lockdown: bpfloader: use of bpf to read kernel RAM is restricted; see man kernel_lockdown.7
[    8.990605] BpfLoader-rs: Error when loading /system/etc/bpf/dmabuf/dmabufIter.bpf: Invalid argument (os error 22)
[    8.990662] type=1334 audit(1790634422.599:80): prog-id=64 op=LOAD
[    8.990965] BpfLoader: Platform BpfLoader loading critical for healthd ELF object /vendor/etc/bpf/filterPowerSupplyEvents.o with license Apache 2.0
[    8.991453] type=1300 audit(1790634422.599:80): arch=c000003e syscall=321 success=yes exit=7 a0=5 a1=7ffc132699a0 a2=94 a3=5 items=0 ppid=1 auid=4294967295 uid=0 gid=0 euid=0 suid=0 fsuid=0 egid=0 sgid=0 fsgid=0 tty=(none) ses=4294967295 comm="bpfloader" exe="/system/bin/bpfloader" subj=u:r:bpfloader:s0 key=(null)
[    8.992157] BpfLoader: No maps section could be found in elf object
[    8.989543] type=1320 audit(1790634422.599:79): 
[    8.992864] type=1327 audit(1790634422.599:80): proctitle="/apex/com.android.tethering/bin/netbpfload"
[    8.990605] BpfLoader-rs: Error when loading /system/etc/bpf/dmabuf/dmabufIter.bpf: Invalid argument (os error 22)
[    8.990662] type=1334 audit(1790634422.599:80): prog-id=64 op=LOAD
[    8.990965] BpfLoader: Platform BpfLoader loading critical for healthd ELF object /vendor/etc/bpf/filterPowerSupplyEvents.o with license Apache 2.0
[    8.991453] type=1300 audit(1790634422.599:80): arch=c000003e syscall=321 success=yes exit=7 a0=5 a1=7ffc132699a0 a2=94 a3=5 items=0 ppid=1 auid=4294967295 uid=0 gid=0 euid=0 suid=0 fsuid=0 egid=0 sgid=0 fsgid=0 tty=(none) ses=4294967295 comm="bpfloader" exe="/system/bin/bpfloader" subj=u:r:bpfloader:s0 key=(null)
[    8.992157] BpfLoader: No maps section could be found in elf object
[    8.992864] type=1327 audit(1790634422.599:80): proctitle="/apex/com.android.tethering/bin/netbpfload"
[    8.996156] type=1320 audit(1790634422.599:80): 
[    8.996156] type=1320 audit(1790634422.599:80): 
[    8.996532] type=1334 audit(1790634422.599:81): prog-id=64 op=UNLOAD
[    8.996532] type=1334 audit(1790634422.599:81): prog-id=64 op=UNLOAD
[    8.997032] type=1300 audit(1790634422.599:81): arch=c000003e syscall=3 success=yes exit=0 a0=7 a1=0 a2=0 a3=5 items=0 ppid=1 auid=4294967295 uid=0 gid=0 euid=0 suid=0 fsuid=0 egid=0 sgid=0 fsgid=0 tty=(none) ses=4294967295 comm="bpfloader" exe="/system/bin/bpfloader" subj=u:r:bpfloader:s0 key=(null)
[    8.997032] type=1300 audit(1790634422.599:81): arch=c000003e syscall=3 success=yes exit=0 a0=7 a1=0 a2=0 a3=5 items=0 ppid=1 auid=4294967295 uid=0 gid=0 euid=0 suid=0 fsuid=0 egid=0 sgid=0 fsgid=0 tty=(none) ses=4294967295 comm="bpfloader" exe="/system/bin/bpfloader" subj=u:r:bpfloader:s0 key=(null)
[    8.999072] type=1327 audit(1790634422.599:81): proctitle="/apex/com.android.tethering/bin/netbpfload"
[    8.999072] type=1327 audit(1790634422.599:81): proctitle="/apex/com.android.tethering/bin/netbpfload"
[    8.999767] type=1320 audit(1790634422.599:81): 
[    8.999767] type=1320 audit(1790634422.599:81): 
[    9.000152] type=1334 audit(1790634422.599:82): prog-id=65 op=LOAD
[    9.000152] type=1334 audit(1790634422.599:82): prog-id=65 op=LOAD
[    9.000707] type=1300 audit(1790634422.599:82): arch=c000003e syscall=321 success=yes exit=6 a0=5 a1=7ffc13269b60 a2=94 a3=2f items=0 ppid=1 auid=4294967295 uid=0 gid=0 euid=0 suid=0 fsuid=0 egid=0 sgid=0 fsgid=0 tty=(none) ses=4294967295 comm="bpfloader" exe="/system/bin/bpfloader" subj=u:r:bpfloader:s0 key=(null)
[    9.000707] type=1300 audit(1790634422.599:82): arch=c000003e syscall=321 success=yes exit=6 a0=5 a1=7ffc13269b60 a2=94 a3=2f items=0 ppid=1 auid=4294967295 uid=0 gid=0 euid=0 suid=0 fsuid=0 egid=0 sgid=0 fsgid=0 tty=(none) ses=4294967295 comm="bpfloader" exe="/system/bin/bpfloader" subj=u:r:bpfloader:s0 key=(null)
[    9.002856] type=1327 audit(1790634422.599:82): proctitle="/apex/com.android.tethering/bin/netbpfload"
[    9.002856] type=1327 audit(1790634422.599:82): proctitle="/apex/com.android.tethering/bin/netbpfload"
[    9.003658] type=1320 audit(1790634422.599:82): 
[    9.003658] type=1320 audit(1790634422.599:82): 
[    9.004067] type=1334 audit(1790634422.599:83): prog-id=66 op=LOAD
[    9.004067] type=1334 audit(1790634422.599:83): prog-id=66 op=LOAD
[    9.004684] type=1300 audit(1790634422.599:83): arch=c000003e syscall=321 success=yes exit=8 a0=5 a1=7ffc132699c0 a2=94 a3=2 items=0 ppid=1 auid=4294967295 uid=0 gid=0 euid=0 suid=0 fsuid=0 egid=0 sgid=0 fsgid=0 tty=(none) ses=4294967295 comm="bpfloader" exe="/system/bin/bpfloader" subj=u:r:bpfloader:s0 key=(null)
[    9.004684] type=1300 audit(1790634422.599:83): arch=c000003e syscall=321 success=yes exit=8 a0=5 a1=7ffc132699c0 a2=94 a3=2 items=0 ppid=1 auid=4294967295 uid=0 gid=0 euid=0 suid=0 fsuid=0 egid=0 sgid=0 fsgid=0 tty=(none) ses=4294967295 comm="bpfloader" exe="/system/bin/bpfloader" subj=u:r:bpfloader:s0 key=(null)
[    9.006995] type=1327 audit(1790634422.599:83): proctitle="/apex/com.android.tethering/bin/netbpfload"
[    9.006995] type=1327 audit(1790634422.599:83): proctitle="/apex/com.android.tethering/bin/netbpfload"
[    9.007778] type=1320 audit(1790634422.599:83): 
[    9.007778] type=1320 audit(1790634422.599:83): 
[    9.008180] type=1334 audit(1790634422.599:84): prog-id=66 op=UNLOAD
[    9.008180] type=1334 audit(1790634422.599:84): prog-id=66 op=UNLOAD
[    9.008709] type=1300 audit(1790634422.599:84): arch=c000003e syscall=3 success=yes exit=0 a0=8 a1=0 a2=0 a3=7ffc13269aa8 items=0 ppid=1 auid=4294967295 uid=0 gid=0 euid=0 suid=0 fsuid=0 egid=0 sgid=0 fsgid=0 tty=(none) ses=4294967295 comm="bpfloader" exe="/system/bin/bpfloader" subj=u:r:bpfloader:s0 key=(null)
[    9.008709] type=1300 audit(1790634422.599:84): arch=c000003e syscall=3 success=yes exit=0 a0=8 a1=0 a2=0 a3=7ffc13269aa8 items=0 ppid=1 auid=4294967295 uid=0 gid=0 euid=0 suid=0 fsuid=0 egid=0 sgid=0 fsgid=0 tty=(none) ses=4294967295 comm="bpfloader" exe="/system/bin/bpfloader" subj=u:r:bpfloader:s0 key=(null)
[    9.010870] type=1327 audit(1790634422.599:84): proctitle="/apex/com.android.tethering/bin/netbpfload"
[    9.010870] type=1327 audit(1790634422.599:84): proctitle="/apex/com.android.tethering/bin/netbpfload"
[    9.011592] type=1320 audit(1790634422.599:84): 
[    9.011592] type=1320 audit(1790634422.599:84): 
[    9.011974] type=1334 audit(1790634422.599:85): prog-id=67 op=LOAD
[    9.011974] type=1334 audit(1790634422.599:85): prog-id=67 op=LOAD
[    9.012475] type=1300 audit(1790634422.599:85): arch=c000003e syscall=321 success=yes exit=4 a0=5 a1=7ffc13269b60 a2=94 a3=2 items=0 ppid=1 auid=4294967295 uid=0 gid=0 euid=0 suid=0 fsuid=0 egid=0 sgid=0 fsgid=0 tty=(none) ses=4294967295 comm="bpfloader" exe="/system/bin/bpfloader" subj=u:r:bpfloader:s0 key=(null)
[    9.013324] NetBpfLoad: success.
[    9.014422] type=1327 audit(1790634422.599:85): proctitle="/apex/com.android.tethering/bin/netbpfload"
[    9.014930] init: Service 'bpfloader' (pid 616) exited with status 0 waiting took 0.534000 seconds
[    9.015301] type=1320 audit(1790634422.599:85): 
[    9.015925] init: Sending SIGKILL to service 'bpfloader' (pid 616) process group...
[    9.016272] type=1334 audit(1790634422.599:86): prog-id=67 op=UNLOAD
[    9.017310] libprocessgroup: Removed cgroup /sys/fs/cgroup/system/uid_0/pid_616
[    9.017463] type=1300 audit(1790634422.599:86): arch=c000003e syscall=3 success=yes exit=0 a0=4 a1=0 a2=0 a3=2 items=0 ppid=1 auid=4294967295 uid=0 gid=0 euid=0 suid=0 fsuid=0 egid=0 sgid=0 fsgid=0 tty=(none) ses=4294967295 comm="bpfloader" exe="/system/bin/bpfloader" subj=u:r:bpfloader:s0 key=(null)
[    9.018693] init: start_waiting_for_property("bpf.progs_loaded", "1"): already set
[    9.020076] type=1327 audit(1790634422.599:86): proctitle="/apex/com.android.tethering/bin/netbpfload"
[    9.020817] init: starting service 'netd1shot'...
[    9.021317] type=1320 audit(1790634422.599:86): 
[    9.012475] type=1300 audit(1790634422.599:85): arch=c000003e syscall=321 success=yes exit=4 a0=5 a1=7ffc13269b60 a2=94 a3=2 items=0 ppid=1 auid=4294967295 uid=0 gid=0 euid=0 suid=0 fsuid=0 egid=0 sgid=0 fsgid=0 tty=(none) ses=4294967295 comm="bpfloader" exe="/system/bin/bpfloader" subj=u:r:bpfloader:s0 key=(null)
[    9.013324] NetBpfLoad: success.
[    9.014422] type=1327 audit(1790634422.599:85): proctitle="/apex/com.android.tethering/bin/netbpfload"
[    9.014930] init: Service 'bpfloader' (pid 616) exited with status 0 waiting took 0.534000 seconds
[    9.015301] type=1320 audit(1790634422.599:85): 
[    9.015925] init: Sending SIGKILL to service 'bpfloader' (pid 616) process group...
[    9.016272] type=1334 audit(1790634422.599:86): prog-id=67 op=UNLOAD
[    9.017310] libprocessgroup: Removed cgroup /sys/fs/cgroup/system/uid_0/pid_616
[    9.017463] type=1300 audit(1790634422.599:86): arch=c000003e syscall=3 success=yes exit=0 a0=4 a1=0 a2=0 a3=2 items=0 ppid=1 auid=4294967295 uid=0 gid=0 euid=0 suid=0 fsuid=0 egid=0 sgid=0 fsgid=0 tty=(none) ses=4294967295 comm="bpfloader" exe="/system/bin/bpfloader" subj=u:r:bpfloader:s0 key=(null)
[    9.018693] init: start_waiting_for_property("bpf.progs_loaded", "1"): already set
[    9.020076] type=1327 audit(1790634422.599:86): proctitle="/apex/com.android.tethering/bin/netbpfload"
[    9.020817] init: starting service 'netd1shot'...
[    9.021317] type=1320 audit(1790634422.599:86): 
[    9.022478] type=1334 audit(1790634422.599:87): prog-id=68 op=LOAD
[    9.022510] libprocessgroup: Created cgroup /sys/fs/cgroup/system/uid_0/pid_619
[    9.022939] type=1300 audit(1790634422.599:87): arch=c000003e syscall=321 success=yes exit=6 a0=5 a1=7ffc13269b60 a2=94 a3=20 items=0 ppid=1 auid=4294967295 uid=0 gid=0 euid=0 suid=0 fsuid=0 egid=0 sgid=0 fsgid=0 tty=(none) ses=4294967295 comm="bpfloader" exe="/system/bin/bpfloader" subj=u:r:bpfloader:s0 key=(null)
[    9.022478] type=1334 audit(1790634422.599:87): prog-id=68 op=LOAD
[    9.022510] libprocessgroup: Created cgroup /sys/fs/cgroup/system/uid_0/pid_619
[    9.022939] type=1300 audit(1790634422.599:87): arch=c000003e syscall=321 success=yes exit=6 a0=5 a1=7ffc13269b60 a2=94 a3=20 items=0 ppid=1 auid=4294967295 uid=0 gid=0 euid=0 suid=0 fsuid=0 egid=0 sgid=0 fsgid=0 tty=(none) ses=4294967295 comm="bpfloader" exe="/system/bin/bpfloader" subj=u:r:bpfloader:s0 key=(null)
[    9.025686] type=1327 audit(1790634422.599:87): proctitle="/apex/com.android.tethering/bin/netbpfload"
[    9.026124] init: ... started service 'netd1shot' has pid 619
[    9.026350] type=1320 audit(1790634422.599:87): 
[    9.026837] init: SVC_EXEC service 'netd1shot' pid 619 (uid 0 gid 0+1 context default) started; waiting...
[    9.027247] type=1334 audit(1790634422.603:88): prog-id=69 op=LOAD
[    9.025686] type=1327 audit(1790634422.599:87): proctitle="/apex/com.android.tethering/bin/netbpfload"
[    9.026124] init: ... started service 'netd1shot' has pid 619
[    9.026350] type=1320 audit(1790634422.599:87): 
[    9.026837] init: SVC_EXEC service 'netd1shot' pid 619 (uid 0 gid 0+1 context default) started; waiting...
[    9.027247] type=1334 audit(1790634422.603:88): prog-id=69 op=LOAD
[    9.028699] type=1300 audit(1790634422.603:88): arch=c000003e syscall=321 success=yes exit=4 a0=5 a1=7ffc13269b60 a2=94 a3=2 items=0 ppid=1 auid=4294967295 uid=0 gid=0 euid=0 suid=0 fsuid=0 egid=0 sgid=0 fsgid=0 tty=(none) ses=4294967295 comm="bpfloader" exe="/system/bin/bpfloader" subj=u:r:bpfloader:s0 key=(null)
[    9.028699] type=1300 audit(1790634422.603:88): arch=c000003e syscall=321 success=yes exit=4 a0=5 a1=7ffc13269b60 a2=94 a3=2 items=0 ppid=1 auid=4294967295 uid=0 gid=0 euid=0 suid=0 fsuid=0 egid=0 sgid=0 fsgid=0 tty=(none) ses=4294967295 comm="bpfloader" exe="/system/bin/bpfloader" subj=u:r:bpfloader:s0 key=(null)
[    9.031046] type=1327 audit(1790634422.603:88): proctitle="/apex/com.android.tethering/bin/netbpfload"
[    9.031046] type=1327 audit(1790634422.603:88): proctitle="/apex/com.android.tethering/bin/netbpfload"
[    9.032041] type=1320 audit(1790634422.603:88): 
[    9.032041] type=1320 audit(1790634422.603:88): 
[    9.032525] type=1334 audit(1790634422.603:89): prog-id=69 op=UNLOAD
[    9.032525] type=1334 audit(1790634422.603:89): prog-id=69 op=UNLOAD
[    9.033122] type=1300 audit(1790634422.603:89): arch=c000003e syscall=3 success=yes exit=0 a0=4 a1=0 a2=0 a3=2 items=0 ppid=1 auid=4294967295 uid=0 gid=0 euid=0 suid=0 fsuid=0 egid=0 sgid=0 fsgid=0 tty=(none) ses=4294967295 comm="bpfloader" exe="/system/bin/bpfloader" subj=u:r:bpfloader:s0 key=(null)
[    9.033122] type=1300 audit(1790634422.603:89): arch=c000003e syscall=3 success=yes exit=0 a0=4 a1=0 a2=0 a3=2 items=0 ppid=1 auid=4294967295 uid=0 gid=0 euid=0 suid=0 fsuid=0 egid=0 sgid=0 fsgid=0 tty=(none) ses=4294967295 comm="bpfloader" exe="/system/bin/bpfloader" subj=u:r:bpfloader:s0 key=(null)
[    9.035246] type=1327 audit(1790634422.603:89): proctitle="/apex/com.android.tethering/bin/netbpfload"
[    9.035246] type=1327 audit(1790634422.603:89): proctitle="/apex/com.android.tethering/bin/netbpfload"
[    9.035981] type=1320 audit(1790634422.603:89): 
[    9.035981] type=1320 audit(1790634422.603:89): 
[    9.036405] type=1334 audit(1790634422.603:90): prog-id=70 op=LOAD
[    9.036405] type=1334 audit(1790634422.603:90): prog-id=70 op=LOAD
[    9.036888] type=1300 audit(1790634422.603:90): arch=c000003e syscall=321 success=yes exit=7 a0=5 a1=7ffc13269b60 a2=94 a3=55 items=0 ppid=1 auid=4294967295 uid=0 gid=0 euid=0 suid=0 fsuid=0 egid=0 sgid=0 fsgid=0 tty=(none) ses=4294967295 comm="bpfloader" exe="/system/bin/bpfloader" subj=u:r:bpfloader:s0 key=(null)
[    9.036888] type=1300 audit(1790634422.603:90): arch=c000003e syscall=321 success=yes exit=7 a0=5 a1=7ffc13269b60 a2=94 a3=55 items=0 ppid=1 auid=4294967295 uid=0 gid=0 euid=0 suid=0 fsuid=0 egid=0 sgid=0 fsgid=0 tty=(none) ses=4294967295 comm="bpfloader" exe="/system/bin/bpfloader" subj=u:r:bpfloader:s0 key=(null)
[    9.038974] type=1327 audit(1790634422.603:90): proctitle="/apex/com.android.tethering/bin/netbpfload"
[    9.038974] type=1327 audit(1790634422.603:90): proctitle="/apex/com.android.tethering/bin/netbpfload"
[    9.039686] type=1320 audit(1790634422.603:90): 
[    9.039686] type=1320 audit(1790634422.603:90): 
[    9.040058] type=1334 audit(1790634422.603:91): prog-id=71 op=LOAD
[    9.040058] type=1334 audit(1790634422.603:91): prog-id=71 op=LOAD
[    9.040551] type=1300 audit(1790634422.603:91): arch=c000003e syscall=321 success=yes exit=4 a0=5 a1=7ffc13269b60 a2=94 a3=2 items=0 ppid=1 auid=4294967295 uid=0 gid=0 euid=0 suid=0 fsuid=0 egid=0 sgid=0 fsgid=0 tty=(none) ses=4294967295 comm="bpfloader" exe="/system/bin/bpfloader" subj=u:r:bpfloader:s0 key=(null)
[    9.040551] type=1300 audit(1790634422.603:91): arch=c000003e syscall=321 success=yes exit=4 a0=5 a1=7ffc13269b60 a2=94 a3=2 items=0 ppid=1 auid=4294967295 uid=0 gid=0 euid=0 suid=0 fsuid=0 egid=0 sgid=0 fsgid=0 tty=(none) ses=4294967295 comm="bpfloader" exe="/system/bin/bpfloader" subj=u:r:bpfloader:s0 key=(null)
[    9.042776] type=1327 audit(1790634422.603:91): proctitle="/apex/com.android.tethering/bin/netbpfload"
[    9.042776] type=1327 audit(1790634422.603:91): proctitle="/apex/com.android.tethering/bin/netbpfload"
[    9.043536] type=1320 audit(1790634422.603:91): 
[    9.043536] type=1320 audit(1790634422.603:91): 
[    9.043934] type=1334 audit(1790634422.603:92): prog-id=71 op=UNLOAD
[    9.043934] type=1334 audit(1790634422.603:92): prog-id=71 op=UNLOAD
[    9.044475] type=1300 audit(1790634422.603:92): arch=c000003e syscall=3 success=yes exit=0 a0=4 a1=0 a2=0 a3=2 items=0 ppid=1 auid=4294967295 uid=0 gid=0 euid=0 suid=0 fsuid=0 egid=0 sgid=0 fsgid=0 tty=(none) ses=4294967295 comm="bpfloader" exe="/system/bin/bpfloader" subj=u:r:bpfloader:s0 key=(null)
[    9.044475] type=1300 audit(1790634422.603:92): arch=c000003e syscall=3 success=yes exit=0 a0=4 a1=0 a2=0 a3=2 items=0 ppid=1 auid=4294967295 uid=0 gid=0 euid=0 suid=0 fsuid=0 egid=0 sgid=0 fsgid=0 tty=(none) ses=4294967295 comm="bpfloader" exe="/system/bin/bpfloader" subj=u:r:bpfloader:s0 key=(null)
[    9.046839] type=1327 audit(1790634422.603:92): proctitle="/apex/com.android.tethering/bin/netbpfload"
[    9.046839] type=1327 audit(1790634422.603:92): proctitle="/apex/com.android.tethering/bin/netbpfload"
[    9.047660] type=1320 audit(1790634422.603:92): 
[    9.047660] type=1320 audit(1790634422.603:92): 
[    9.048202] type=1334 audit(1790634422.607:93): prog-id=72 op=LOAD
[    9.048202] type=1334 audit(1790634422.607:93): prog-id=72 op=LOAD
[    9.048955] type=1300 audit(1790634422.607:93): arch=c000003e syscall=321 success=yes exit=4 a0=5 a1=7ffc13269b60 a2=94 a3=2 items=0 ppid=1 auid=4294967295 uid=0 gid=0 euid=0 suid=0 fsuid=0 egid=0 sgid=0 fsgid=0 tty=(none) ses=4294967295 comm="bpfloader" exe="/system/bin/bpfloader" subj=u:r:bpfloader:s0 key=(null)
[    9.048955] type=1300 audit(1790634422.607:93): arch=c000003e syscall=321 success=yes exit=4 a0=5 a1=7ffc13269b60 a2=94 a3=2 items=0 ppid=1 auid=4294967295 uid=0 gid=0 euid=0 suid=0 fsuid=0 egid=0 sgid=0 fsgid=0 tty=(none) ses=4294967295 comm="bpfloader" exe="/system/bin/bpfloader" subj=u:r:bpfloader:s0 key=(null)
[    9.051614] type=1327 audit(1790634422.607:93): proctitle="/apex/com.android.tethering/bin/netbpfload"
[    9.051614] type=1327 audit(1790634422.607:93): proctitle="/apex/com.android.tethering/bin/netbpfload"
[    9.052709] type=1320 audit(1790634422.607:93): 
[    9.052709] type=1320 audit(1790634422.607:93): 
[    9.053303] type=1334 audit(1790634422.607:94): prog-id=72 op=UNLOAD
[    9.053303] type=1334 audit(1790634422.607:94): prog-id=72 op=UNLOAD
[    9.054045] type=1300 audit(1790634422.607:94): arch=c000003e syscall=3 success=yes exit=0 a0=4 a1=0 a2=0 a3=2 items=0 ppid=1 auid=4294967295 uid=0 gid=0 euid=0 suid=0 fsuid=0 egid=0 sgid=0 fsgid=0 tty=(none) ses=4294967295 comm="bpfloader" exe="/system/bin/bpfloader" subj=u:r:bpfloader:s0 key=(null)
[    9.054045] type=1300 audit(1790634422.607:94): arch=c000003e syscall=3 success=yes exit=0 a0=4 a1=0 a2=0 a3=2 items=0 ppid=1 auid=4294967295 uid=0 gid=0 euid=0 suid=0 fsuid=0 egid=0 sgid=0 fsgid=0 tty=(none) ses=4294967295 comm="bpfloader" exe="/system/bin/bpfloader" subj=u:r:bpfloader:s0 key=(null)
[    9.056487] type=1327 audit(1790634422.607:94): proctitle="/apex/com.android.tethering/bin/netbpfload"
[    9.056487] type=1327 audit(1790634422.607:94): proctitle="/apex/com.android.tethering/bin/netbpfload"
[    9.057375] type=1320 audit(1790634422.607:94): 
[    9.057375] type=1320 audit(1790634422.607:94): 
[    9.057829] type=1334 audit(1790634422.611:95): prog-id=73 op=LOAD
[    9.057829] type=1334 audit(1790634422.611:95): prog-id=73 op=LOAD
[    9.058442] type=1300 audit(1790634422.611:95): arch=c000003e syscall=321 success=yes exit=4 a0=5 a1=7ffc13269b60 a2=94 a3=2 items=0 ppid=1 auid=4294967295 uid=0 gid=0 euid=0 suid=0 fsuid=0 egid=0 sgid=0 fsgid=0 tty=(none) ses=4294967295 comm="bpfloader" exe="/system/bin/bpfloader" subj=u:r:bpfloader:s0 key=(null)
[    9.058442] type=1300 audit(1790634422.611:95): arch=c000003e syscall=321 success=yes exit=4 a0=5 a1=7ffc13269b60 a2=94 a3=2 items=0 ppid=1 auid=4294967295 uid=0 gid=0 euid=0 suid=0 fsuid=0 egid=0 sgid=0 fsgid=0 tty=(none) ses=4294967295 comm="bpfloader" exe="/system/bin/bpfloader" subj=u:r:bpfloader:s0 key=(null)
[    9.060859] type=1327 audit(1790634422.611:95): proctitle="/apex/com.android.tethering/bin/netbpfload"
[    9.060859] type=1327 audit(1790634422.611:95): proctitle="/apex/com.android.tethering/bin/netbpfload"
[    9.061748] type=1320 audit(1790634422.611:95): 
[    9.061748] type=1320 audit(1790634422.611:95): 
[    9.062211] type=1334 audit(1790634422.611:96): prog-id=73 op=UNLOAD
[    9.062211] type=1334 audit(1790634422.611:96): prog-id=73 op=UNLOAD
[    9.062816] type=1300 audit(1790634422.611:96): arch=c000003e syscall=3 success=yes exit=0 a0=4 a1=0 a2=0 a3=2 items=0 ppid=1 auid=4294967295 uid=0 gid=0 euid=0 suid=0 fsuid=0 egid=0 sgid=0 fsgid=0 tty=(none) ses=4294967295 comm="bpfloader" exe="/system/bin/bpfloader" subj=u:r:bpfloader:s0 key=(null)
[    9.062816] type=1300 audit(1790634422.611:96): arch=c000003e syscall=3 success=yes exit=0 a0=4 a1=0 a2=0 a3=2 items=0 ppid=1 auid=4294967295 uid=0 gid=0 euid=0 suid=0 fsuid=0 egid=0 sgid=0 fsgid=0 tty=(none) ses=4294967295 comm="bpfloader" exe="/system/bin/bpfloader" subj=u:r:bpfloader:s0 key=(null)
[    9.065404] type=1327 audit(1790634422.611:96): proctitle="/apex/com.android.tethering/bin/netbpfload"
[    9.065404] type=1327 audit(1790634422.611:96): proctitle="/apex/com.android.tethering/bin/netbpfload"
[    9.066323] type=1320 audit(1790634422.611:96): 
[    9.066323] type=1320 audit(1790634422.611:96): 
[    9.066806] type=1334 audit(1790634422.611:97): prog-id=74 op=LOAD
[    9.066806] type=1334 audit(1790634422.611:97): prog-id=74 op=LOAD
[    9.067466] type=1300 audit(1790634422.611:97): arch=c000003e syscall=321 success=yes exit=6 a0=5 a1=7ffc13269b60 a2=94 a3=f items=0 ppid=1 auid=4294967295 uid=0 gid=0 euid=0 suid=0 fsuid=0 egid=0 sgid=0 fsgid=0 tty=(none) ses=4294967295 comm="bpfloader" exe="/system/bin/bpfloader" subj=u:r:bpfloader:s0 key=(null)
[    9.067466] type=1300 audit(1790634422.611:97): arch=c000003e syscall=321 success=yes exit=6 a0=5 a1=7ffc13269b60 a2=94 a3=f items=0 ppid=1 auid=4294967295 uid=0 gid=0 euid=0 suid=0 fsuid=0 egid=0 sgid=0 fsgid=0 tty=(none) ses=4294967295 comm="bpfloader" exe="/system/bin/bpfloader" subj=u:r:bpfloader:s0 key=(null)
[    9.069905] type=1327 audit(1790634422.611:97): proctitle="/apex/com.android.tethering/bin/netbpfload"
[    9.069905] type=1327 audit(1790634422.611:97): proctitle="/apex/com.android.tethering/bin/netbpfload"
[    9.071384] type=1320 audit(1790634422.611:97): 
[    9.071384] type=1320 audit(1790634422.611:97): 
[    9.071847] type=1334 audit(1790634422.611:98): prog-id=75 op=LOAD
[    9.071847] type=1334 audit(1790634422.611:98): prog-id=75 op=LOAD
[    9.072407] type=1300 audit(1790634422.611:98): arch=c000003e syscall=321 success=yes exit=4 a0=5 a1=7ffc13269b60 a2=94 a3=2 items=0 ppid=1 auid=4294967295 uid=0 gid=0 euid=0 suid=0 fsuid=0 egid=0 sgid=0 fsgid=0 tty=(none) ses=4294967295 comm="bpfloader" exe="/system/bin/bpfloader" subj=u:r:bpfloader:s0 key=(null)
[    9.072407] type=1300 audit(1790634422.611:98): arch=c000003e syscall=321 success=yes exit=4 a0=5 a1=7ffc13269b60 a2=94 a3=2 items=0 ppid=1 auid=4294967295 uid=0 gid=0 euid=0 suid=0 fsuid=0 egid=0 sgid=0 fsgid=0 tty=(none) ses=4294967295 comm="bpfloader" exe="/system/bin/bpfloader" subj=u:r:bpfloader:s0 key=(null)
[    9.074611] type=1327 audit(1790634422.611:98): proctitle="/apex/com.android.tethering/bin/netbpfload"
[    9.074611] type=1327 audit(1790634422.611:98): proctitle="/apex/com.android.tethering/bin/netbpfload"
[    9.075350] type=1320 audit(1790634422.611:98): 
[    9.075350] type=1320 audit(1790634422.611:98): 
[    9.075791] type=1334 audit(1790634422.611:99): prog-id=75 op=UNLOAD
[    9.075791] type=1334 audit(1790634422.611:99): prog-id=75 op=UNLOAD
[    9.076341] type=1300 audit(1790634422.611:99): arch=c000003e syscall=3 success=yes exit=0 a0=4 a1=0 a2=0 a3=2 items=0 ppid=1 auid=4294967295 uid=0 gid=0 euid=0 suid=0 fsuid=0 egid=0 sgid=0 fsgid=0 tty=(none) ses=4294967295 comm="bpfloader" exe="/system/bin/bpfloader" subj=u:r:bpfloader:s0 key=(null)
[    9.076341] type=1300 audit(1790634422.611:99): arch=c000003e syscall=3 success=yes exit=0 a0=4 a1=0 a2=0 a3=2 items=0 ppid=1 auid=4294967295 uid=0 gid=0 euid=0 suid=0 fsuid=0 egid=0 sgid=0 fsgid=0 tty=(none) ses=4294967295 comm="bpfloader" exe="/system/bin/bpfloader" subj=u:r:bpfloader:s0 key=(null)
[    9.078510] type=1327 audit(1790634422.611:99): proctitle="/apex/com.android.tethering/bin/netbpfload"
[    9.078510] type=1327 audit(1790634422.611:99): proctitle="/apex/com.android.tethering/bin/netbpfload"
[    9.079335] type=1320 audit(1790634422.611:99): 
[    9.079335] type=1320 audit(1790634422.611:99): 
[    9.079721] type=1334 audit(1790634422.611:100): prog-id=76 op=LOAD
[    9.079721] type=1334 audit(1790634422.611:100): prog-id=76 op=LOAD
[    9.080376] type=1300 audit(1790634422.611:100): arch=c000003e syscall=321 success=yes exit=7 a0=5 a1=7ffc13269b60 a2=94 a3=40 items=0 ppid=1 auid=4294967295 uid=0 gid=0 euid=0 suid=0 fsuid=0 egid=0 sgid=0 fsgid=0 tty=(none) ses=4294967295 comm="bpfloader" exe="/system/bin/bpfloader" subj=u:r:bpfloader:s0 key=(null)
[    9.080376] type=1300 audit(1790634422.611:100): arch=c000003e syscall=321 success=yes exit=7 a0=5 a1=7ffc13269b60 a2=94 a3=40 items=0 ppid=1 auid=4294967295 uid=0 gid=0 euid=0 suid=0 fsuid=0 egid=0 sgid=0 fsgid=0 tty=(none) ses=4294967295 comm="bpfloader" exe="/system/bin/bpfloader" subj=u:r:bpfloader:s0 key=(null)
[    9.082902] type=1327 audit(1790634422.611:100): proctitle="/apex/com.android.tethering/bin/netbpfload"
[    9.082902] type=1327 audit(1790634422.611:100): proctitle="/apex/com.android.tethering/bin/netbpfload"
[    9.083767] type=1320 audit(1790634422.611:100): 
[    9.083767] type=1320 audit(1790634422.611:100): 
[    9.084241] type=1334 audit(1790634422.611:101): prog-id=77 op=LOAD
[    9.084373] init: Service 'netd1shot' (pid 619) exited with status 0 waiting took 0.061000 seconds
[    9.084759] type=1300 audit(1790634422.611:101): arch=c000003e syscall=321 success=yes exit=8 a0=5 a1=7ffc13269b60 a2=94 a3=42 items=0 ppid=1 auid=4294967295 uid=0 gid=0 euid=0 suid=0 fsuid=0 egid=0 sgid=0 fsgid=0 tty=(none) ses=4294967295 comm="bpfloader" exe="/system/bin/bpfloader" subj=u:r:bpfloader:s0 key=(null)
[    9.085546] init: Sending SIGKILL to service 'netd1shot' (pid 619) process group...
[    9.087612] type=1327 audit(1790634422.611:101): proctitle="/apex/com.android.tethering/bin/netbpfload"
[    9.088414] libprocessgroup: Removed cgroup /sys/fs/cgroup/system/uid_0/pid_619
[    9.088890] type=1320 audit(1790634422.611:101): 
[    9.084241] type=1334 audit(1790634422.611:101): prog-id=77 op=LOAD
[    9.084373] init: Service 'netd1shot' (pid 619) exited with status 0 waiting took 0.061000 seconds
[    9.084759] type=1300 audit(1790634422.611:101): arch=c000003e syscall=321 success=yes exit=8 a0=5 a1=7ffc13269b60 a2=94 a3=42 items=0 ppid=1 auid=4294967295 uid=0 gid=0 euid=0 suid=0 fsuid=0 egid=0 sgid=0 fsgid=0 tty=(none) ses=4294967295 comm="bpfloader" exe="/system/bin/bpfloader" subj=u:r:bpfloader:s0 key=(null)
[    9.089952] init: starting service 'netd'...
[    9.090006] type=1334 audit(1790634422.615:102): prog-id=78 op=LOAD
[    9.090487] init: Created socket '/dev/socket/dnsproxyd', mode 660, user 0, group 3003
[    9.090856] type=1300 audit(1790634422.615:102): arch=c000003e syscall=321 success=yes exit=4 a0=5 a1=7ffc13269b60 a2=94 a3=2 items=0 ppid=1 auid=4294967295 uid=0 gid=0 euid=0 suid=0 fsuid=0 egid=0 sgid=0 fsgid=0 tty=(none) ses=4294967295 comm="bpfloader" exe="/system/bin/bpfloader" subj=u:r:bpfloader:s0 key=(null)
[    9.091575] init: Created socket '/dev/socket/mdns', mode 660, user 0, group 1000
[    9.093513] type=1327 audit(1790634422.615:102): proctitle="/apex/com.android.tethering/bin/netbpfload"
[    9.094220] init: Created socket '/dev/socket/fwmarkd', mode 660, user 0, group 3003
[    9.094755] type=1320 audit(1790634422.615:102): 
[    9.085546] init: Sending SIGKILL to service 'netd1shot' (pid 619) process group...
[    9.087612] type=1327 audit(1790634422.611:101): proctitle="/apex/com.android.tethering/bin/netbpfload"
[    9.088414] libprocessgroup: Removed cgroup /sys/fs/cgroup/system/uid_0/pid_619
[    9.088890] type=1320 audit(1790634422.611:101): 
[    9.089952] init: starting service 'netd'...
[    9.090006] type=1334 audit(1790634422.615:102): prog-id=78 op=LOAD
[    9.090487] init: Created socket '/dev/socket/dnsproxyd', mode 660, user 0, group 3003
[    9.090856] type=1300 audit(1790634422.615:102): arch=c000003e syscall=321 success=yes exit=4 a0=5 a1=7ffc13269b60 a2=94 a3=2 items=0 ppid=1 auid=4294967295 uid=0 gid=0 euid=0 suid=0 fsuid=0 egid=0 sgid=0 fsgid=0 tty=(none) ses=4294967295 comm="bpfloader" exe="/system/bin/bpfloader" subj=u:r:bpfloader:s0 key=(null)
[    9.091575] init: Created socket '/dev/socket/mdns', mode 660, user 0, group 1000
[    9.093513] type=1327 audit(1790634422.615:102): proctitle="/apex/com.android.tethering/bin/netbpfload"
[    9.094220] init: Created socket '/dev/socket/fwmarkd', mode 660, user 0, group 3003
[    9.094755] type=1320 audit(1790634422.615:102): 
[    9.096161] type=1334 audit(1790634422.615:103): prog-id=78 op=UNLOAD
[    9.096443] libprocessgroup: Created cgroup /sys/fs/cgroup/system/uid_0/pid_620
[    9.096659] type=1300 audit(1790634422.615:103): arch=c000003e syscall=3 success=yes exit=0 a0=4 a1=0 a2=0 a3=2 items=0 ppid=1 auid=4294967295 uid=0 gid=0 euid=0 suid=0 fsuid=0 egid=0 sgid=0 fsgid=0 tty=(none) ses=4294967295 comm="bpfloader" exe="/system/bin/bpfloader" subj=u:r:bpfloader:s0 key=(null)
[    9.096161] type=1334 audit(1790634422.615:103): prog-id=78 op=UNLOAD
[    9.096443] libprocessgroup: Created cgroup /sys/fs/cgroup/system/uid_0/pid_620
[    9.096659] type=1300 audit(1790634422.615:103): arch=c000003e syscall=3 success=yes exit=0 a0=4 a1=0 a2=0 a3=2 items=0 ppid=1 auid=4294967295 uid=0 gid=0 euid=0 suid=0 fsuid=0 egid=0 sgid=0 fsgid=0 tty=(none) ses=4294967295 comm="bpfloader" exe="/system/bin/bpfloader" subj=u:r:bpfloader:s0 key=(null)
[    9.099379] type=1327 audit(1790634422.615:103): proctitle="/apex/com.android.tethering/bin/netbpfload"
[    9.099972] init: ... started service 'netd' has pid 620
[    9.100066] type=1320 audit(1790634422.615:103): 
[    9.100540] init: processing action (zygote-start) from (/system/etc/init/hw/init.rc:1091)
[    9.100875] type=1334 audit(1790634422.615:104): prog-id=79 op=LOAD
[    9.101687] init: start_waiting_for_property("odsign.verification.done", "1"): already set
[    9.102030] type=1300 audit(1790634422.615:104): arch=c000003e syscall=321 success=yes exit=7 a0=5 a1=7ffc13269b60 a2=94 a3=40 items=0 ppid=1 auid=4294967295 uid=0 gid=0 euid=0 suid=0 fsuid=0 egid=0 sgid=0 fsgid=0 tty=(none) ses=4294967295 comm="bpfloader" exe="/system/bin/bpfloader" subj=u:r:bpfloader:s0 key=(null)
[    9.103297] init: starting service 'statsd'...
[    9.105403] type=1327 audit(1790634422.615:104): proctitle="/apex/com.android.tethering/bin/netbpfload"
[    9.106418] init: Created socket '/dev/socket/statsdw', mode 222, user 1066, group 1066
[    9.106866] type=1320 audit(1790634422.615:104): 
[    9.099379] type=1327 audit(1790634422.615:103): proctitle="/apex/com.android.tethering/bin/netbpfload"
[    9.099972] init: ... started service 'netd' has pid 620
[    9.100066] type=1320 audit(1790634422.615:103): 
[    9.100540] init: processing action (zygote-start) from (/system/etc/init/hw/init.rc:1091)
[    9.100875] type=1334 audit(1790634422.615:104): prog-id=79 op=LOAD
[    9.101687] init: start_waiting_for_property("odsign.verification.done", "1"): already set
[    9.102030] type=1300 audit(1790634422.615:104): arch=c000003e syscall=321 success=yes exit=7 a0=5 a1=7ffc13269b60 a2=94 a3=40 items=0 ppid=1 auid=4294967295 uid=0 gid=0 euid=0 suid=0 fsuid=0 egid=0 sgid=0 fsgid=0 tty=(none) ses=4294967295 comm="bpfloader" exe="/system/bin/bpfloader" subj=u:r:bpfloader:s0 key=(null)
[    9.103297] init: starting service 'statsd'...
[    9.105403] type=1327 audit(1790634422.615:104): proctitle="/apex/com.android.tethering/bin/netbpfload"
[    9.106418] init: Created socket '/dev/socket/statsdw', mode 222, user 1066, group 1066
[    9.106866] type=1320 audit(1790634422.615:104): 
[    9.109312] libprocessgroup: Created cgroup /sys/fs/cgroup/system/uid_1066
[    9.109343] type=1334 audit(1790634422.615:105): prog-id=80 op=LOAD
[    9.110317] libprocessgroup: Created cgroup /sys/fs/cgroup/system/uid_1066/pid_621
[    9.110411] type=1300 audit(1790634422.615:105): arch=c000003e syscall=321 success=yes exit=8 a0=5 a1=7ffc13269b60 a2=94 a3=42 items=0 ppid=1 auid=4294967295 uid=0 gid=0 euid=0 suid=0 fsuid=0 egid=0 sgid=0 fsgid=0 tty=(none) ses=4294967295 comm="bpfloader" exe="/system/bin/bpfloader" subj=u:r:bpfloader:s0 key=(null)
[    9.109312] libprocessgroup: Created cgroup /sys/fs/cgroup/system/uid_1066
[    9.109343] type=1334 audit(1790634422.615:105): prog-id=80 op=LOAD
[    9.110317] libprocessgroup: Created cgroup /sys/fs/cgroup/system/uid_1066/pid_621
[    9.110411] type=1300 audit(1790634422.615:105): arch=c000003e syscall=321 success=yes exit=8 a0=5 a1=7ffc13269b60 a2=94 a3=42 items=0 ppid=1 auid=4294967295 uid=0 gid=0 euid=0 suid=0 fsuid=0 egid=0 sgid=0 fsgid=0 tty=(none) ses=4294967295 comm="bpfloader" exe="/system/bin/bpfloader" subj=u:r:bpfloader:s0 key=(null)
[    9.113338] init: ... started service 'statsd' has pid 621
[    9.113559] type=1327 audit(1790634422.615:105): proctitle="/apex/com.android.tethering/bin/netbpfload"
[    9.114143] init: starting service 'zygote'...
[    9.114546] type=1320 audit(1790634422.615:105): 
[    9.115134] init: Created socket '/dev/socket/zygote', mode 660, user 0, group 1000
[    9.115333] type=1334 audit(1790634422.615:106): prog-id=81 op=LOAD
[    9.116381] init: Created socket '/dev/socket/usap_pool_primary', mode 660, user 0, group 1000
[    9.116553] type=1300 audit(1790634422.615:106): arch=c000003e syscall=321 success=yes exit=4 a0=5 a1=7ffc13269b60 a2=94 a3=2 items=0 ppid=1 auid=4294967295 uid=0 gid=0 euid=0 suid=0 fsuid=0 egid=0 sgid=0 fsgid=0 tty=(none) ses=4294967295 comm="bpfloader" exe="/system/bin/bpfloader" subj=u:r:bpfloader:s0 key=(null)
[    9.113338] init: ... started service 'statsd' has pid 621
[    9.113559] type=1327 audit(1790634422.615:105): proctitle="/apex/com.android.tethering/bin/netbpfload"
[    9.114143] init: starting service 'zygote'...
[    9.114546] type=1320 audit(1790634422.615:105): 
[    9.115134] init: Created socket '/dev/socket/zygote', mode 660, user 0, group 1000
[    9.115333] type=1334 audit(1790634422.615:106): prog-id=81 op=LOAD
[    9.116381] init: Created socket '/dev/socket/usap_pool_primary', mode 660, user 0, group 1000
[    9.116553] type=1300 audit(1790634422.615:106): arch=c000003e syscall=321 success=yes exit=4 a0=5 a1=7ffc13269b60 a2=94 a3=2 items=0 ppid=1 auid=4294967295 uid=0 gid=0 euid=0 suid=0 fsuid=0 egid=0 sgid=0 fsgid=0 tty=(none) ses=4294967295 comm="bpfloader" exe="/system/bin/bpfloader" subj=u:r:bpfloader:s0 key=(null)
[    9.119954] type=1327 audit(1790634422.615:106): proctitle="/apex/com.android.tethering/bin/netbpfload"
[    9.120370] libprocessgroup: Created cgroup /sys/fs/cgroup/system/uid_0/pid_622
[    9.120705] type=1320 audit(1790634422.615:106): 
[    9.119954] type=1327 audit(1790634422.615:106): proctitle="/apex/com.android.tethering/bin/netbpfload"
[    9.120370] libprocessgroup: Created cgroup /sys/fs/cgroup/system/uid_0/pid_622
[    9.120705] type=1320 audit(1790634422.615:106): 
[    9.121979] type=1334 audit(1790634422.615:107): prog-id=81 op=UNLOAD
[    9.121979] type=1334 audit(1790634422.615:107): prog-id=81 op=UNLOAD
[    9.122574] type=1300 audit(1790634422.615:107): arch=c000003e syscall=3 success=yes exit=0 a0=4 a1=0 a2=0 a3=2 items=0 ppid=1 auid=4294967295 uid=0 gid=0 euid=0 suid=0 fsuid=0 egid=0 sgid=0 fsgid=0 tty=(none) ses=4294967295 comm="bpfloader" exe="/system/bin/bpfloader" subj=u:r:bpfloader:s0 key=(null)
[    9.122574] type=1300 audit(1790634422.615:107): arch=c000003e syscall=3 success=yes exit=0 a0=4 a1=0 a2=0 a3=2 items=0 ppid=1 auid=4294967295 uid=0 gid=0 euid=0 suid=0 fsuid=0 egid=0 sgid=0 fsgid=0 tty=(none) ses=4294967295 comm="bpfloader" exe="/system/bin/bpfloader" subj=u:r:bpfloader:s0 key=(null)
[    9.124906] type=1327 audit(1790634422.615:107): proctitle="/apex/com.android.tethering/bin/netbpfload"
[    9.125454] init: ... started service 'zygote' has pid 622
[    9.125826] type=1320 audit(1790634422.615:107): 
[    9.126334] init: Command 'start zygote_secondary' action=zygote-start (/system/etc/init/hw/init.rc:1095) took 0ms and failed: service zygote_secondary not found
[    9.126732] type=1334 audit(1790634422.639:108): prog-id=82 op=LOAD
[    9.127920] init: processing action (firmware_mounts_complete) from (/system/etc/init/hw/init.rc:514)
[    9.128495] type=1300 audit(1790634422.639:108): arch=c000003e syscall=321 success=yes exit=6 a0=5 a1=7ffc1326b6a0 a2=a8 a3=fffff items=0 ppid=1 auid=4294967295 uid=0 gid=0 euid=0 suid=0 fsuid=0 egid=0 sgid=0 fsgid=0 tty=(none) ses=4294967295 comm="bpfloader" exe="/system/bin/bpfloader" subj=u:r:bpfloader:s0 key=(null)
[    9.124906] type=1327 audit(1790634422.615:107): proctitle="/apex/com.android.tethering/bin/netbpfload"
[    9.125454] init: ... started service 'zygote' has pid 622
[    9.125826] type=1320 audit(1790634422.615:107): 
[    9.126334] init: Command 'start zygote_secondary' action=zygote-start (/system/etc/init/hw/init.rc:1095) took 0ms and failed: service zygote_secondary not found
[    9.126732] type=1334 audit(1790634422.639:108): prog-id=82 op=LOAD
[    9.127920] init: processing action (firmware_mounts_complete) from (/system/etc/init/hw/init.rc:514)
[    9.128495] type=1300 audit(1790634422.639:108): arch=c000003e syscall=321 success=yes exit=6 a0=5 a1=7ffc1326b6a0 a2=a8 a3=fffff items=0 ppid=1 auid=4294967295 uid=0 gid=0 euid=0 suid=0 fsuid=0 egid=0 sgid=0 fsgid=0 tty=(none) ses=4294967295 comm="bpfloader" exe="/system/bin/bpfloader" subj=u:r:bpfloader:s0 key=(null)
[    9.132079] type=1327 audit(1790634422.639:108): proctitle="/apex/com.android.tethering/bin/netbpfload"
[    9.132698] init: processing action (early-boot) from (/system/etc/init/installd.rc:7)
[    9.133263] type=1320 audit(1790634422.639:108): 
[    9.132079] type=1327 audit(1790634422.639:108): proctitle="/apex/com.android.tethering/bin/netbpfload"
[    9.132698] init: processing action (early-boot) from (/system/etc/init/installd.rc:7)
[    9.133263] type=1320 audit(1790634422.639:108): 
[    9.134189] type=1325 audit(1790634422.779:109): table=filter family=2 entries=0 op=xt_register subj=u:r:netd:s0 comm="iptables-restor"
[    9.134189] type=1325 audit(1790634422.779:109): table=filter family=2 entries=0 op=xt_register subj=u:r:netd:s0 comm="iptables-restor"
[    9.135310] type=1300 audit(1790634422.779:109): arch=c000003e syscall=55 success=yes exit=0 a0=4 a1=0 a2=40 a3=7ffed72c8d10 items=0 ppid=620 auid=4294967295 uid=0 gid=0 euid=0 suid=0 fsuid=0 egid=0 sgid=0 fsgid=0 tty=(none) ses=4294967295 comm="iptables-restor" exe="/system/bin/iptables" subj=u:r:netd:s0 key=(null)
[    9.135310] type=1300 audit(1790634422.779:109): arch=c000003e syscall=55 success=yes exit=0 a0=4 a1=0 a2=40 a3=7ffed72c8d10 items=0 ppid=620 auid=4294967295 uid=0 gid=0 euid=0 suid=0 fsuid=0 egid=0 sgid=0 fsgid=0 tty=(none) ses=4294967295 comm="iptables-restor" exe="/system/bin/iptables" subj=u:r:netd:s0 key=(null)
[    9.138128] type=1327 audit(1790634422.779:109): proctitle=2F73797374656D2F62696E2F69707461626C65732D726573746F7265002D2D6E6F666C757368002D77002D76
[    9.138128] type=1327 audit(1790634422.779:109): proctitle=2F73797374656D2F62696E2F69707461626C65732D726573746F7265002D2D6E6F666C757368002D77002D76
[    9.139320] type=1320 audit(1790634422.779:109): 
[    9.139320] type=1320 audit(1790634422.779:109): 
[    9.139811] type=1325 audit(1790634422.779:110): table=filter family=2 entries=4 op=xt_replace subj=u:r:netd:s0 comm="iptables-restor"
[    9.139811] type=1325 audit(1790634422.779:110): table=filter family=2 entries=4 op=xt_replace subj=u:r:netd:s0 comm="iptables-restor"
[    9.140978] type=1300 audit(1790634422.779:110): arch=c000003e syscall=54 success=yes exit=0 a0=4 a1=0 a2=40 a3=7cda69283a20 items=0 ppid=620 auid=4294967295 uid=0 gid=0 euid=0 suid=0 fsuid=0 egid=0 sgid=0 fsgid=0 tty=(none) ses=4294967295 comm="iptables-restor" exe="/system/bin/iptables" subj=u:r:netd:s0 key=(null)
[    9.140978] type=1300 audit(1790634422.779:110): arch=c000003e syscall=54 success=yes exit=0 a0=4 a1=0 a2=40 a3=7cda69283a20 items=0 ppid=620 auid=4294967295 uid=0 gid=0 euid=0 suid=0 fsuid=0 egid=0 sgid=0 fsgid=0 tty=(none) ses=4294967295 comm="iptables-restor" exe="/system/bin/iptables" subj=u:r:netd:s0 key=(null)
[    9.143111] type=1327 audit(1790634422.779:110): proctitle=2F73797374656D2F62696E2F69707461626C65732D726573746F7265002D2D6E6F666C757368002D77002D76
[    9.143111] type=1327 audit(1790634422.779:110): proctitle=2F73797374656D2F62696E2F69707461626C65732D726573746F7265002D2D6E6F666C757368002D77002D76
[    9.144173] type=1320 audit(1790634422.779:110): 
[    9.144173] type=1320 audit(1790634422.779:110): 
[    9.144637] type=1325 audit(1790634422.783:111): table=filter family=10 entries=0 op=xt_register subj=u:r:netd:s0 comm="ip6tables-resto"
[    9.144637] type=1325 audit(1790634422.783:111): table=filter family=10 entries=0 op=xt_register subj=u:r:netd:s0 comm="ip6tables-resto"
[    9.145689] type=1300 audit(1790634422.783:111): arch=c000003e syscall=55 success=yes exit=0 a0=4 a1=29 a2=40 a3=7ffd724915b0 items=0 ppid=620 auid=4294967295 uid=0 gid=0 euid=0 suid=0 fsuid=0 egid=0 sgid=0 fsgid=0 tty=(none) ses=4294967295 comm="ip6tables-resto" exe="/system/bin/iptables" subj=u:r:netd:s0 key=(null)
[    9.145689] type=1300 audit(1790634422.783:111): arch=c000003e syscall=55 success=yes exit=0 a0=4 a1=29 a2=40 a3=7ffd724915b0 items=0 ppid=620 auid=4294967295 uid=0 gid=0 euid=0 suid=0 fsuid=0 egid=0 sgid=0 fsgid=0 tty=(none) ses=4294967295 comm="ip6tables-resto" exe="/system/bin/iptables" subj=u:r:netd:s0 key=(null)
[    9.147921] type=1327 audit(1790634422.783:111): proctitle=2F73797374656D2F62696E2F6970367461626C65732D726573746F7265002D2D6E6F666C757368002D77002D76
[    9.147921] type=1327 audit(1790634422.783:111): proctitle=2F73797374656D2F62696E2F6970367461626C65732D726573746F7265002D2D6E6F666C757368002D77002D76
[    9.149020] type=1320 audit(1790634422.783:111): 
[    9.149020] type=1320 audit(1790634422.783:111): 
[    9.149443] type=1325 audit(1790634422.783:112): table=filter family=10 entries=4 op=xt_replace subj=u:r:netd:s0 comm="ip6tables-resto"
[    9.149443] type=1325 audit(1790634422.783:112): table=filter family=10 entries=4 op=xt_replace subj=u:r:netd:s0 comm="ip6tables-resto"
[    9.150391] type=1300 audit(1790634422.783:112): arch=c000003e syscall=54 success=yes exit=0 a0=4 a1=29 a2=40 a3=7e570086b870 items=0 ppid=620 auid=4294967295 uid=0 gid=0 euid=0 suid=0 fsuid=0 egid=0 sgid=0 fsgid=0 tty=(none) ses=4294967295 comm="ip6tables-resto" exe="/system/bin/iptables" subj=u:r:netd:s0 key=(null)
[    9.150391] type=1300 audit(1790634422.783:112): arch=c000003e syscall=54 success=yes exit=0 a0=4 a1=29 a2=40 a3=7e570086b870 items=0 ppid=620 auid=4294967295 uid=0 gid=0 euid=0 suid=0 fsuid=0 egid=0 sgid=0 fsgid=0 tty=(none) ses=4294967295 comm="ip6tables-resto" exe="/system/bin/iptables" subj=u:r:netd:s0 key=(null)
[    9.152507] type=1327 audit(1790634422.783:112): proctitle=2F73797374656D2F62696E2F6970367461626C65732D726573746F7265002D2D6E6F666C757368002D77002D76
[    9.152507] type=1327 audit(1790634422.783:112): proctitle=2F73797374656D2F62696E2F6970367461626C65732D726573746F7265002D2D6E6F666C757368002D77002D76
[    9.153568] type=1320 audit(1790634422.783:112): 
[    9.153568] type=1320 audit(1790634422.783:112): 
[    9.153988] type=1325 audit(1790634422.783:113): table=filter family=2 entries=13 op=xt_replace subj=u:r:netd:s0 comm="iptables-restor"
[    9.153988] type=1325 audit(1790634422.783:113): table=filter family=2 entries=13 op=xt_replace subj=u:r:netd:s0 comm="iptables-restor"
[    9.154923] type=1300 audit(1790634422.783:113): arch=c000003e syscall=54 success=yes exit=0 a0=4 a1=0 a2=40 a3=7cda49288020 items=0 ppid=620 auid=4294967295 uid=0 gid=0 euid=0 suid=0 fsuid=0 egid=0 sgid=0 fsgid=0 tty=(none) ses=4294967295 comm="iptables-restor" exe="/system/bin/iptables" subj=u:r:netd:s0 key=(null)
[    9.154923] type=1300 audit(1790634422.783:113): arch=c000003e syscall=54 success=yes exit=0 a0=4 a1=0 a2=40 a3=7cda49288020 items=0 ppid=620 auid=4294967295 uid=0 gid=0 euid=0 suid=0 fsuid=0 egid=0 sgid=0 fsgid=0 tty=(none) ses=4294967295 comm="iptables-restor" exe="/system/bin/iptables" subj=u:r:netd:s0 key=(null)
[    9.157261] type=1327 audit(1790634422.783:113): proctitle=2F73797374656D2F62696E2F69707461626C65732D726573746F7265002D2D6E6F666C757368002D77002D76
[    9.157261] type=1327 audit(1790634422.783:113): proctitle=2F73797374656D2F62696E2F69707461626C65732D726573746F7265002D2D6E6F666C757368002D77002D76
[    9.158649] type=1320 audit(1790634422.783:113): 
[    9.158649] type=1320 audit(1790634422.783:113): 
[    9.159088] type=1325 audit(1790634422.783:114): table=filter family=10 entries=13 op=xt_replace subj=u:r:netd:s0 comm="ip6tables-resto"
[    9.159088] type=1325 audit(1790634422.783:114): table=filter family=10 entries=13 op=xt_replace subj=u:r:netd:s0 comm="ip6tables-resto"
[    9.160321] type=1300 audit(1790634422.783:114): arch=c000003e syscall=54 success=yes exit=0 a0=4 a1=29 a2=40 a3=7e560086bbe0 items=0 ppid=620 auid=4294967295 uid=0 gid=0 euid=0 suid=0 fsuid=0 egid=0 sgid=0 fsgid=0 tty=(none) ses=4294967295 comm="ip6tables-resto" exe="/system/bin/iptables" subj=u:r:netd:s0 key=(null)
[    9.160321] type=1300 audit(1790634422.783:114): arch=c000003e syscall=54 success=yes exit=0 a0=4 a1=29 a2=40 a3=7e560086bbe0 items=0 ppid=620 auid=4294967295 uid=0 gid=0 euid=0 suid=0 fsuid=0 egid=0 sgid=0 fsgid=0 tty=(none) ses=4294967295 comm="ip6tables-resto" exe="/system/bin/iptables" subj=u:r:netd:s0 key=(null)
[    9.162943] type=1327 audit(1790634422.783:114): proctitle=2F73797374656D2F62696E2F6970367461626C65732D726573746F7265002D2D6E6F666C757368002D77002D76
[    9.162943] type=1327 audit(1790634422.783:114): proctitle=2F73797374656D2F62696E2F6970367461626C65732D726573746F7265002D2D6E6F666C757368002D77002D76
[    9.163989] type=1320 audit(1790634422.783:114): 
[    9.163989] type=1320 audit(1790634422.783:114): 
[    9.164419] type=1325 audit(1790634422.783:115): table=raw family=2 entries=0 op=xt_register subj=u:r:netd:s0 comm="iptables-restor"
[    9.164563] init: processing action (early-boot) from (/system/etc/init/kcmdlinectrl.rc:17)
[    9.165404] type=1300 audit(1790634422.783:115): arch=c000003e syscall=55 success=yes exit=0 a0=4 a1=0 a2=40 a3=7ffed72c8d10 items=0 ppid=620 auid=4294967295 uid=0 gid=0 euid=0 suid=0 fsuid=0 egid=0 sgid=0 fsgid=0 tty=(none) ses=4294967295 comm="iptables-restor" exe="/system/bin/iptables" subj=u:r:netd:s0 key=(null)
[    9.166273] init: starting service 'exec 13 (/system/bin/kcmdlinectrl update-props)'...
[    9.168031] type=1327 audit(1790634422.783:115): proctitle=2F73797374656D2F62696E2F69707461626C65732D726573746F7265002D2D6E6F666C757368002D77002D76
[    9.164419] type=1325 audit(1790634422.783:115): table=raw family=2 entries=0 op=xt_register subj=u:r:netd:s0 comm="iptables-restor"
[    9.164563] init: processing action (early-boot) from (/system/etc/init/kcmdlinectrl.rc:17)
[    9.165404] type=1300 audit(1790634422.783:115): arch=c000003e syscall=55 success=yes exit=0 a0=4 a1=0 a2=40 a3=7ffed72c8d10 items=0 ppid=620 auid=4294967295 uid=0 gid=0 euid=0 suid=0 fsuid=0 egid=0 sgid=0 fsgid=0 tty=(none) ses=4294967295 comm="iptables-restor" exe="/system/bin/iptables" subj=u:r:netd:s0 key=(null)
[    9.166273] init: starting service 'exec 13 (/system/bin/kcmdlinectrl update-props)'...
[    9.168031] type=1327 audit(1790634422.783:115): proctitle=2F73797374656D2F62696E2F69707461626C65732D726573746F7265002D2D6E6F666C757368002D77002D76
[    9.169871] type=1320 audit(1790634422.783:115): 
[    9.170024] libprocessgroup: Created cgroup /sys/fs/cgroup/system/uid_0/pid_631
[    9.170277] type=1325 audit(1790634422.783:116): table=raw family=2 entries=3 op=xt_replace subj=u:r:netd:s0 comm="iptables-restor"
[    9.169871] type=1320 audit(1790634422.783:115): 
[    9.170024] libprocessgroup: Created cgroup /sys/fs/cgroup/system/uid_0/pid_631
[    9.170277] type=1325 audit(1790634422.783:116): table=raw family=2 entries=3 op=xt_replace subj=u:r:netd:s0 comm="iptables-restor"
[    9.171729] type=1300 audit(1790634422.783:116): arch=c000003e syscall=54 success=yes exit=0 a0=4 a1=0 a2=40 a3=7cda79281130 items=0 ppid=620 auid=4294967295 uid=0 gid=0 euid=0 suid=0 fsuid=0 egid=0 sgid=0 fsgid=0 tty=(none) ses=4294967295 comm="iptables-restor" exe="/system/bin/iptables" subj=u:r:netd:s0 key=(null)
[    9.171844] init: ... started service 'exec 13 (/system/bin/kcmdlinectrl update-props)' has pid 631
[    9.173953] type=1327 audit(1790634422.783:116): proctitle=2F73797374656D2F62696E2F69707461626C65732D726573746F7265002D2D6E6F666C757368002D77002D76
[    9.174826] init: processing action (boot) from (/system/etc/init/hw/init.rc:1112)
[    9.176006] type=1320 audit(1790634422.783:116): 
[    9.171729] type=1300 audit(1790634422.783:116): arch=c000003e syscall=54 success=yes exit=0 a0=4 a1=0 a2=40 a3=7cda79281130 items=0 ppid=620 auid=4294967295 uid=0 gid=0 euid=0 suid=0 fsuid=0 egid=0 sgid=0 fsgid=0 tty=(none) ses=4294967295 comm="iptables-restor" exe="/system/bin/iptables" subj=u:r:netd:s0 key=(null)
[    9.171844] init: ... started service 'exec 13 (/system/bin/kcmdlinectrl update-props)' has pid 631
[    9.173953] type=1327 audit(1790634422.783:116): proctitle=2F73797374656D2F62696E2F69707461626C65732D726573746F7265002D2D6E6F666C757368002D77002D76
[    9.174826] init: processing action (boot) from (/system/etc/init/hw/init.rc:1112)
[    9.176006] type=1320 audit(1790634422.783:116): 
[    9.177745] type=1325 audit(1790634422.787:117): table=raw family=10 entries=0 op=xt_register subj=u:r:netd:s0 comm="ip6tables-resto"
[    9.177745] type=1325 audit(1790634422.787:117): table=raw family=10 entries=0 op=xt_register subj=u:r:netd:s0 comm="ip6tables-resto"
[    9.178958] type=1300 audit(1790634422.787:117): arch=c000003e syscall=55 success=yes exit=0 a0=4 a1=29 a2=40 a3=7ffd724915b0 items=0 ppid=620 auid=4294967295 uid=0 gid=0 euid=0 suid=0 fsuid=0 egid=0 sgid=0 fsgid=0 tty=(none) ses=4294967295 comm="ip6tables-resto" exe="/system/bin/iptables" subj=u:r:netd:s0 key=(null)
[    9.181043] init: starting service 'audio_parameter_parser_service'...
[    9.181472] type=1327 audit(1790634422.787:117): proctitle=2F73797374656D2F62696E2F6970367461626C65732D726573746F7265002D2D6E6F666C757368002D77002D76
[    9.178958] type=1300 audit(1790634422.787:117): arch=c000003e syscall=55 success=yes exit=0 a0=4 a1=29 a2=40 a3=7ffd724915b0 items=0 ppid=620 auid=4294967295 uid=0 gid=0 euid=0 suid=0 fsuid=0 egid=0 sgid=0 fsgid=0 tty=(none) ses=4294967295 comm="ip6tables-resto" exe="/system/bin/iptables" subj=u:r:netd:s0 key=(null)
[    9.183239] libprocessgroup: Created cgroup /sys/fs/cgroup/system/uid_1041
[    9.183339] type=1320 audit(1790634422.787:117): 
[    9.181043] init: starting service 'audio_parameter_parser_service'...
[    9.181472] type=1327 audit(1790634422.787:117): proctitle=2F73797374656D2F62696E2F6970367461626C65732D726573746F7265002D2D6E6F666C757368002D77002D76
[    9.183239] libprocessgroup: Created cgroup /sys/fs/cgroup/system/uid_1041
[    9.183339] type=1320 audit(1790634422.787:117): 
[    9.184504] type=1325 audit(1790634422.787:118): table=raw family=10 entries=3 op=xt_replace subj=u:r:netd:s0 comm="ip6tables-resto"
[    9.184606] libprocessgroup: Created cgroup /sys/fs/cgroup/system/uid_1041/pid_632
[    9.185558] type=1300 audit(1790634422.787:118): arch=c000003e syscall=54 success=yes exit=0 a0=4 a1=29 a2=40 a3=7e570086b870 items=0 ppid=620 auid=4294967295 uid=0 gid=0 euid=0 suid=0 fsuid=0 egid=0 sgid=0 fsgid=0 tty=(none) ses=4294967295 comm="ip6tables-resto" exe="/system/bin/iptables" subj=u:r:netd:s0 key=(null)
[    9.187699] init: ... started service 'audio_parameter_parser_service' has pid 632
[    9.188649] type=1327 audit(1790634422.787:118): proctitle=2F73797374656D2F62696E2F6970367461626C65732D726573746F7265002D2D6E6F666C757368002D77002D76
[    9.189399] init: starting service 'hidl_memory'...
[    9.184504] type=1325 audit(1790634422.787:118): table=raw family=10 entries=3 op=xt_replace subj=u:r:netd:s0 comm="ip6tables-resto"
[    9.184606] libprocessgroup: Created cgroup /sys/fs/cgroup/system/uid_1041/pid_632
[    9.185558] type=1300 audit(1790634422.787:118): arch=c000003e syscall=54 success=yes exit=0 a0=4 a1=29 a2=40 a3=7e570086b870 items=0 ppid=620 auid=4294967295 uid=0 gid=0 euid=0 suid=0 fsuid=0 egid=0 sgid=0 fsgid=0 tty=(none) ses=4294967295 comm="ip6tables-resto" exe="/system/bin/iptables" subj=u:r:netd:s0 key=(null)
[    9.187699] init: ... started service 'audio_parameter_parser_service' has pid 632
[    9.188649] type=1327 audit(1790634422.787:118): proctitle=2F73797374656D2F62696E2F6970367461626C65732D726573746F7265002D2D6E6F666C757368002D77002D76
[    9.189399] init: starting service 'hidl_memory'...
[    9.191695] type=1320 audit(1790634422.787:118): 
[    9.191695] type=1320 audit(1790634422.787:118): 
[    9.192203] type=1325 audit(1790634422.787:119): table=mangle family=2 entries=0 op=xt_register subj=u:r:netd:s0 comm="iptables-restor"
[    9.192484] libprocessgroup: Created cgroup /sys/fs/cgroup/system/uid_1000/pid_638
[    9.192203] type=1325 audit(1790634422.787:119): table=mangle family=2 entries=0 op=xt_register subj=u:r:netd:s0 comm="iptables-restor"
[    9.192484] libprocessgroup: Created cgroup /sys/fs/cgroup/system/uid_1000/pid_638
[    9.195046] init: ... started service 'hidl_memory' has pid 638
[    9.195046] init: ... started service 'hidl_memory' has pid 638
[    9.195760] init: starting service 'vendor.sensors-hal-multihal'...
[    9.195760] init: starting service 'vendor.sensors-hal-multihal'...
[    9.197080] type=1300 audit(1790634422.787:119): arch=c000003e syscall=55 success=yes exit=0 a0=4 a1=0 a2=40 a3=7ffed72c8d10 items=0 ppid=620 auid=4294967295 uid=0 gid=0 euid=0 suid=0 fsuid=0 egid=0 sgid=0 fsgid=0 tty=(none) ses=4294967295 comm="iptables-restor" exe="/system/bin/iptables" subj=u:r:netd:s0 key=(null)
[    9.197809] servicemanager: Caller(pid=620,uid=0,sid=u:r:netd:s0) Found android.system.net.netd.INetd/default in framework VINTF manifest.
[    9.198368] libprocessgroup: Created cgroup /sys/fs/cgroup/system/uid_1000/pid_645
[    9.197080] type=1300 audit(1790634422.787:119): arch=c000003e syscall=55 success=yes exit=0 a0=4 a1=0 a2=40 a3=7ffed72c8d10 items=0 ppid=620 auid=4294967295 uid=0 gid=0 euid=0 suid=0 fsuid=0 egid=0 sgid=0 fsgid=0 tty=(none) ses=4294967295 comm="iptables-restor" exe="/system/bin/iptables" subj=u:r:netd:s0 key=(null)
[    9.199135] init: ... started service 'vendor.sensors-hal-multihal' has pid 645
[    9.197809] servicemanager: Caller(pid=620,uid=0,sid=u:r:netd:s0) Found android.system.net.netd.INetd/default in framework VINTF manifest.
[    9.199306] init: starting service 'vendor.motioncontext-default'...
[    9.198368] libprocessgroup: Created cgroup /sys/fs/cgroup/system/uid_1000/pid_645
[    9.200006] type=1327 audit(1790634422.787:119): proctitle=2F73797374656D2F62696E2F69707461626C65732D726573746F7265002D2D6E6F666C757368002D77002D76
[    9.199135] init: ... started service 'vendor.sensors-hal-multihal' has pid 645
[    9.199306] init: starting service 'vendor.motioncontext-default'...
[    9.200006] type=1327 audit(1790634422.787:119): proctitle=2F73797374656D2F62696E2F69707461626C65732D726573746F7265002D2D6E6F666C757368002D77002D76
[    9.205204] libprocessgroup: Created cgroup /sys/fs/cgroup/system/uid_1080
[    9.205689] type=1320 audit(1790634422.787:119): 
[    9.205204] libprocessgroup: Created cgroup /sys/fs/cgroup/system/uid_1080
[    9.205689] type=1320 audit(1790634422.787:119): 
[    9.206472] libprocessgroup: Created cgroup /sys/fs/cgroup/system/uid_1080/pid_646
[    9.206998] type=1325 audit(1790634422.787:120): table=mangle family=2 entries=6 op=xt_replace subj=u:r:netd:s0 comm="iptables-restor"
[    9.206472] libprocessgroup: Created cgroup /sys/fs/cgroup/system/uid_1080/pid_646
[    9.206998] type=1325 audit(1790634422.787:120): table=mangle family=2 entries=6 op=xt_replace subj=u:r:netd:s0 comm="iptables-restor"
[    9.209266] init: ... started service 'vendor.motioncontext-default' has pid 646
[    9.209266] init: ... started service 'vendor.motioncontext-default' has pid 646
[    9.210988] init: starting service 'vendor.audio-hal-aidl'...
[    9.211552] type=1300 audit(1790634422.787:120): arch=c000003e syscall=54 success=yes exit=0 a0=4 a1=0 a2=40 a3=7cdb592859d0 items=0 ppid=620 auid=4294967295 uid=0 gid=0 euid=0 suid=0 fsuid=0 egid=0 sgid=0 fsgid=0 tty=(none) ses=4294967295 comm="iptables-restor" exe="/system/bin/iptables" subj=u:r:netd:s0 key=(null)
[    9.210988] init: starting service 'vendor.audio-hal-aidl'...
[    9.211552] type=1300 audit(1790634422.787:120): arch=c000003e syscall=54 success=yes exit=0 a0=4 a1=0 a2=40 a3=7cdb592859d0 items=0 ppid=620 auid=4294967295 uid=0 gid=0 euid=0 suid=0 fsuid=0 egid=0 sgid=0 fsgid=0 tty=(none) ses=4294967295 comm="iptables-restor" exe="/system/bin/iptables" subj=u:r:netd:s0 key=(null)
[    9.217062] type=1327 audit(1790634422.787:120): proctitle=2F73797374656D2F62696E2F69707461626C65732D726573746F7265002D2D6E6F666C757368002D77002D76
[    9.217062] type=1327 audit(1790634422.787:120): proctitle=2F73797374656D2F62696E2F69707461626C65732D726573746F7265002D2D6E6F666C757368002D77002D76
[    9.218412] type=1320 audit(1790634422.787:120): 
[    9.218412] type=1320 audit(1790634422.787:120): 
[    9.218919] type=1325 audit(1790634422.787:121): table=mangle family=10 entries=0 op=xt_register subj=u:r:netd:s0 comm="ip6tables-resto"
[    9.218919] type=1325 audit(1790634422.787:121): table=mangle family=10 entries=0 op=xt_register subj=u:r:netd:s0 comm="ip6tables-resto"
[    9.220274] type=1300 audit(1790634422.787:121): arch=c000003e syscall=55 success=yes exit=0 a0=4 a1=29 a2=40 a3=7ffd724915b0 items=0 ppid=620 auid=4294967295 uid=0 gid=0 euid=0 suid=0 fsuid=0 egid=0 sgid=0 fsgid=0 tty=(none) ses=4294967295 comm="ip6tables-resto" exe="/system/bin/iptables" subj=u:r:netd:s0 key=(null)
[    9.220344] libprocessgroup: Created cgroup /sys/fs/cgroup/system/uid_1041/pid_647
[    9.220274] type=1300 audit(1790634422.787:121): arch=c000003e syscall=55 success=yes exit=0 a0=4 a1=29 a2=40 a3=7ffd724915b0 items=0 ppid=620 auid=4294967295 uid=0 gid=0 euid=0 suid=0 fsuid=0 egid=0 sgid=0 fsgid=0 tty=(none) ses=4294967295 comm="ip6tables-resto" exe="/system/bin/iptables" subj=u:r:netd:s0 key=(null)
[    9.220344] libprocessgroup: Created cgroup /sys/fs/cgroup/system/uid_1041/pid_647
[    9.229635] init: ... started service 'vendor.audio-hal-aidl' has pid 647
[    9.229635] init: ... started service 'vendor.audio-hal-aidl' has pid 647
[    9.230476] init: starting service 'vendor.audio-effect-hal-aidl'...
[    9.230476] init: starting service 'vendor.audio-effect-hal-aidl'...
[    9.232313] libprocessgroup: Created cgroup /sys/fs/cgroup/system/uid_1041/pid_648
[    9.232313] libprocessgroup: Created cgroup /sys/fs/cgroup/system/uid_1041/pid_648
[    9.234161] init: ... started service 'vendor.audio-effect-hal-aidl' has pid 648
[    9.234206] type=1327 audit(1790634422.787:121): proctitle=2F73797374656D2F62696E2F6970367461626C65732D726573746F7265002D2D6E6F666C757368002D77002D76
[    9.235173] init: starting service 'vendor.authsecret_default'...
[    9.234161] init: ... started service 'vendor.audio-effect-hal-aidl' has pid 648
[    9.235802] servicemanager: Caller(pid=646,uid=1080,sid=u:r:hal_motioncontext_default:s0) Found android.hardware.motioncontext.IMotionContext/default in device VINTF manifest.
[    9.237588] type=1320 audit(1790634422.787:121): 
[    9.234206] type=1327 audit(1790634422.787:121): proctitle=2F73797374656D2F62696E2F6970367461626C65732D726573746F7265002D2D6E6F666C757368002D77002D76
[    9.235173] init: starting service 'vendor.authsecret_default'...
[    9.235802] servicemanager: Caller(pid=646,uid=1080,sid=u:r:hal_motioncontext_default:s0) Found android.hardware.motioncontext.IMotionContext/default in device VINTF manifest.
[    9.237588] type=1320 audit(1790634422.787:121): 
[    9.238876] type=1325 audit(1790634422.787:122): table=mangle family=10 entries=6 op=xt_replace subj=u:r:netd:s0 comm="ip6tables-resto"
[    9.239654] libprocessgroup: Created cgroup /sys/fs/cgroup/system/uid_1064
[    9.240066] type=1300 audit(1790634422.787:122): arch=c000003e syscall=54 success=yes exit=0 a0=4 a1=29 a2=40 a3=7e56e086f8a0 items=0 ppid=620 auid=4294967295 uid=0 gid=0 euid=0 suid=0 fsuid=0 egid=0 sgid=0 fsgid=0 tty=(none) ses=4294967295 comm="ip6tables-resto" exe="/system/bin/iptables" subj=u:r:netd:s0 key=(null)
[    9.241276] libprocessgroup: Created cgroup /sys/fs/cgroup/system/uid_1064/pid_649
[    9.243088] type=1327 audit(1790634422.787:122): proctitle=2F73797374656D2F62696E2F6970367461626C65732D726573746F7265002D2D6E6F666C757368002D77002D76
[    9.244066] servicemanager: Caller(pid=645,uid=1000,sid=u:r:hal_sensors_default:s0) Found android.hardware.sensors.ISensors/default in device VINTF manifest.
[    9.244589] type=1320 audit(1790634422.787:122): 
[    9.238876] type=1325 audit(1790634422.787:122): table=mangle family=10 entries=6 op=xt_replace subj=u:r:netd:s0 comm="ip6tables-resto"
[    9.239654] libprocessgroup: Created cgroup /sys/fs/cgroup/system/uid_1064
[    9.240066] type=1300 audit(1790634422.787:122): arch=c000003e syscall=54 success=yes exit=0 a0=4 a1=29 a2=40 a3=7e56e086f8a0 items=0 ppid=620 auid=4294967295 uid=0 gid=0 euid=0 suid=0 fsuid=0 egid=0 sgid=0 fsgid=0 tty=(none) ses=4294967295 comm="ip6tables-resto" exe="/system/bin/iptables" subj=u:r:netd:s0 key=(null)
[    9.241276] libprocessgroup: Created cgroup /sys/fs/cgroup/system/uid_1064/pid_649
[    9.243088] type=1327 audit(1790634422.787:122): proctitle=2F73797374656D2F62696E2F6970367461626C65732D726573746F7265002D2D6E6F666C757368002D77002D76
[    9.244066] servicemanager: Caller(pid=645,uid=1000,sid=u:r:hal_sensors_default:s0) Found android.hardware.sensors.ISensors/default in device VINTF manifest.
[    9.244589] type=1320 audit(1790634422.787:122): 
[    9.246821] type=1325 audit(1790634422.787:123): table=mangle family=2 entries=9 op=xt_replace subj=u:r:netd:s0 comm="iptables-restor"
[    9.246821] type=1325 audit(1790634422.787:123): table=mangle family=2 entries=9 op=xt_replace subj=u:r:netd:s0 comm="iptables-restor"
[    9.248013] type=1300 audit(1790634422.787:123): arch=c000003e syscall=54 success=yes exit=0 a0=4 a1=0 a2=40 a3=7cda89287010 items=0 ppid=620 auid=4294967295 uid=0 gid=0 euid=0 suid=0 fsuid=0 egid=0 sgid=0 fsgid=0 tty=(none) ses=4294967295 comm="iptables-restor" exe="/system/bin/iptables" subj=u:r:netd:s0 key=(null)
[    9.249315] init: ... started service 'vendor.authsecret_default' has pid 649
[    9.250486] type=1327 audit(1790634422.787:123): proctitle=2F73797374656D2F62696E2F69707461626C65732D726573746F7265002D2D6E6F666C757368002D77002D76
[    9.251351] init: starting service 'vendor.cas-default'...
[    9.252224] type=1320 audit(1790634422.787:123): 
[    9.248013] type=1300 audit(1790634422.787:123): arch=c000003e syscall=54 success=yes exit=0 a0=4 a1=0 a2=40 a3=7cda89287010 items=0 ppid=620 auid=4294967295 uid=0 gid=0 euid=0 suid=0 fsuid=0 egid=0 sgid=0 fsgid=0 tty=(none) ses=4294967295 comm="iptables-restor" exe="/system/bin/iptables" subj=u:r:netd:s0 key=(null)
[    9.249315] init: ... started service 'vendor.authsecret_default' has pid 649
[    9.250486] type=1327 audit(1790634422.787:123): proctitle=2F73797374656D2F62696E2F69707461626C65732D726573746F7265002D2D6E6F666C757368002D77002D76
[    9.251351] init: starting service 'vendor.cas-default'...
[    9.252224] type=1320 audit(1790634422.787:123): 
[    9.253429] type=1325 audit(1790634422.787:124): table=mangle family=10 entries=9 op=xt_replace subj=u:r:netd:s0 comm="ip6tables-resto"
[    9.253429] type=1325 audit(1790634422.787:124): table=mangle family=10 entries=9 op=xt_replace subj=u:r:netd:s0 comm="ip6tables-resto"
[    9.254644] type=1300 audit(1790634422.787:124): arch=c000003e syscall=54 success=yes exit=0 a0=4 a1=29 a2=40 a3=7e56c0866020 items=0 ppid=620 auid=4294967295 uid=0 gid=0 euid=0 suid=0 fsuid=0 egid=0 sgid=0 fsgid=0 tty=(none) ses=4294967295 comm="ip6tables-resto" exe="/system/bin/iptables" subj=u:r:netd:s0 key=(null)
[    9.255749] libprocessgroup: Created cgroup /sys/fs/cgroup/system/uid_1013
[    9.257405] type=1327 audit(1790634422.787:124): proctitle=2F73797374656D2F62696E2F6970367461626C65732D726573746F7265002D2D6E6F666C757368002D77002D76
[    9.258521] libprocessgroup: Created cgroup /sys/fs/cgroup/system/uid_1013/pid_652
[    9.258904] type=1320 audit(1790634422.787:124): 
[    9.254644] type=1300 audit(1790634422.787:124): arch=c000003e syscall=54 success=yes exit=0 a0=4 a1=29 a2=40 a3=7e56c0866020 items=0 ppid=620 auid=4294967295 uid=0 gid=0 euid=0 suid=0 fsuid=0 egid=0 sgid=0 fsgid=0 tty=(none) ses=4294967295 comm="ip6tables-resto" exe="/system/bin/iptables" subj=u:r:netd:s0 key=(null)
[    9.255749] libprocessgroup: Created cgroup /sys/fs/cgroup/system/uid_1013
[    9.257405] type=1327 audit(1790634422.787:124): proctitle=2F73797374656D2F62696E2F6970367461626C65732D726573746F7265002D2D6E6F666C757368002D77002D76
[    9.258521] libprocessgroup: Created cgroup /sys/fs/cgroup/system/uid_1013/pid_652
[    9.258904] type=1320 audit(1790634422.787:124): 
[    9.260320] init: ... started service 'vendor.cas-default' has pid 652
[    9.260320] init: ... started service 'vendor.cas-default' has pid 652
[    9.261276] init: starting service 'vendor.contexthub-default'...
[    9.261276] init: starting service 'vendor.contexthub-default'...
[    9.262251] type=1325 audit(1790634422.787:125): table=mangle family=2 entries=18 op=xt_replace subj=u:r:netd:s0 comm="iptables-restor"
[    9.263021] libprocessgroup: Created cgroup /sys/fs/cgroup/system/uid_1080/pid_653
[    9.262251] type=1325 audit(1790634422.787:125): table=mangle family=2 entries=18 op=xt_replace subj=u:r:netd:s0 comm="iptables-restor"
[    9.263021] libprocessgroup: Created cgroup /sys/fs/cgroup/system/uid_1080/pid_653
[    9.265028] init: ... started service 'vendor.contexthub-default' has pid 653
[    9.265028] init: ... started service 'vendor.contexthub-default' has pid 653
[    9.266189] init: starting service 'vendor.drm-clearkey-service'...
[    9.266189] init: starting service 'vendor.drm-clearkey-service'...
[    9.267082] type=1300 audit(1790634422.787:125): arch=c000003e syscall=54 success=yes exit=0 a0=4 a1=0 a2=40 a3=7cda49288020 items=0 ppid=620 auid=4294967295 uid=0 gid=0 euid=0 suid=0 fsuid=0 egid=0 sgid=0 fsgid=0 tty=(none) ses=4294967295 comm="iptables-restor" exe="/system/bin/iptables" subj=u:r:netd:s0 key=(null)
[    9.267917] libprocessgroup: Created cgroup /sys/fs/cgroup/system/uid_1013/pid_654
[    9.267082] type=1300 audit(1790634422.787:125): arch=c000003e syscall=54 success=yes exit=0 a0=4 a1=0 a2=40 a3=7cda49288020 items=0 ppid=620 auid=4294967295 uid=0 gid=0 euid=0 suid=0 fsuid=0 egid=0 sgid=0 fsgid=0 tty=(none) ses=4294967295 comm="iptables-restor" exe="/system/bin/iptables" subj=u:r:netd:s0 key=(null)
[    9.267917] libprocessgroup: Created cgroup /sys/fs/cgroup/system/uid_1013/pid_654
[    9.273437] type=1327 audit(1790634422.787:125): proctitle=2F73797374656D2F62696E2F69707461626C65732D726573746F7265002D2D6E6F666C757368002D77002D76
[    9.273829] init: ... started service 'vendor.drm-clearkey-service' has pid 654
[    9.274550] type=1320 audit(1790634422.787:125): 
[    9.273437] type=1327 audit(1790634422.787:125): proctitle=2F73797374656D2F62696E2F69707461626C65732D726573746F7265002D2D6E6F666C757368002D77002D76
[    9.273829] init: ... started service 'vendor.drm-clearkey-service' has pid 654
[    9.274550] type=1320 audit(1790634422.787:125): 
[    9.275701] type=1325 audit(1790634422.787:126): table=mangle family=10 entries=18 op=xt_replace subj=u:r:netd:s0 comm="ip6tables-resto"
[    9.276304] init: starting service 'vendor.gnss-default'...
[    9.276820] type=1300 audit(1790634422.787:126): arch=c000003e syscall=54 success=yes exit=0 a0=4 a1=29 a2=40 a3=7e5670872640 items=0 ppid=620 auid=4294967295 uid=0 gid=0 euid=0 suid=0 fsuid=0 egid=0 sgid=0 fsgid=0 tty=(none) ses=4294967295 comm="ip6tables-resto" exe="/system/bin/iptables" subj=u:r:netd:s0 key=(null)
[    9.277828] servicemanager: Caller(pid=649,uid=1064,sid=u:r:hal_authsecret_default:s0) Found android.hardware.authsecret.IAuthSecret/default in device VINTF manifest.
[    9.275701] type=1325 audit(1790634422.787:126): table=mangle family=10 entries=18 op=xt_replace subj=u:r:netd:s0 comm="ip6tables-resto"
[    9.278339] libprocessgroup: Created cgroup /sys/fs/cgroup/system/uid_9999/pid_655
[    9.276304] init: starting service 'vendor.gnss-default'...
[    9.276820] type=1300 audit(1790634422.787:126): arch=c000003e syscall=54 success=yes exit=0 a0=4 a1=29 a2=40 a3=7e5670872640 items=0 ppid=620 auid=4294967295 uid=0 gid=0 euid=0 suid=0 fsuid=0 egid=0 sgid=0 fsgid=0 tty=(none) ses=4294967295 comm="ip6tables-resto" exe="/system/bin/iptables" subj=u:r:netd:s0 key=(null)
[    9.277828] servicemanager: Caller(pid=649,uid=1064,sid=u:r:hal_authsecret_default:s0) Found android.hardware.authsecret.IAuthSecret/default in device VINTF manifest.
[    9.278339] libprocessgroup: Created cgroup /sys/fs/cgroup/system/uid_9999/pid_655
[    9.282008] init: ... started service 'vendor.gnss-default' has pid 655
[    9.282008] init: ... started service 'vendor.gnss-default' has pid 655
[    9.283636] init: starting service 'vendor.hwcomposer-3'...
[    9.283636] init: starting service 'vendor.hwcomposer-3'...
[    9.285428] libprocessgroup: Created cgroup /sys/fs/cgroup/system/uid_1000/pid_658
[    9.285428] libprocessgroup: Created cgroup /sys/fs/cgroup/system/uid_1000/pid_658
[    9.287320] type=1327 audit(1790634422.787:126): proctitle=2F73797374656D2F62696E2F6970367461626C65732D726573746F7265002D2D6E6F666C757368002D77002D76
[    9.287320] type=1327 audit(1790634422.787:126): proctitle=2F73797374656D2F62696E2F6970367461626C65732D726573746F7265002D2D6E6F666C757368002D77002D76
[    9.289325] type=1320 audit(1790634422.787:126): 
[    9.289325] type=1320 audit(1790634422.787:126): 
[    9.290320] type=1325 audit(1790634422.787:127): table=nat family=2 entries=0 op=xt_register subj=u:r:netd:s0 comm="iptables-restor"
[    9.291122] init: ... started service 'vendor.hwcomposer-3' has pid 658
[    9.290320] type=1325 audit(1790634422.787:127): table=nat family=2 entries=0 op=xt_register subj=u:r:netd:s0 comm="iptables-restor"
[    9.291122] init: ... started service 'vendor.hwcomposer-3' has pid 658
[    9.292705] type=1300 audit(1790634422.787:127): arch=c000003e syscall=55 success=yes exit=0 a0=4 a1=0 a2=40 a3=7ffed72c8d10 items=0 ppid=620 auid=4294967295 uid=0 gid=0 euid=0 suid=0 fsuid=0 egid=0 sgid=0 fsgid=0 tty=(none) ses=4294967295 comm="iptables-restor" exe="/system/bin/iptables" subj=u:r:netd:s0 key=(null)
[    9.293561] init: starting service 'vendor.inputprocessor-default'...
[    9.292705] type=1300 audit(1790634422.787:127): arch=c000003e syscall=55 success=yes exit=0 a0=4 a1=0 a2=40 a3=7ffed72c8d10 items=0 ppid=620 auid=4294967295 uid=0 gid=0 euid=0 suid=0 fsuid=0 egid=0 sgid=0 fsgid=0 tty=(none) ses=4294967295 comm="iptables-restor" exe="/system/bin/iptables" subj=u:r:netd:s0 key=(null)
[    9.294877] servicemanager: Caller(pid=653,uid=1080,sid=u:r:hal_contexthub_default:s0) Found android.hardware.contexthub.IContextHub/default in device VINTF manifest.
[    9.295959] servicemanager: Caller(pid=652,uid=1013,sid=u:r:hal_cas_default:s0) Found android.hardware.cas.IMediaCasService/default in device VINTF manifest.
[    9.296063] type=1327 audit(1790634422.787:127): proctitle=2F73797374656D2F62696E2F69707461626C65732D726573746F7265002D2D6E6F666C757368002D77002D76
[    9.293561] init: starting service 'vendor.inputprocessor-default'...
[    9.296084] type=1320 audit(1790634422.787:127): 
[    9.294877] servicemanager: Caller(pid=653,uid=1080,sid=u:r:hal_contexthub_default:s0) Found android.hardware.contexthub.IContextHub/default in device VINTF manifest.
[    9.296485] type=1325 audit(1790634422.787:128): table=nat family=2 entries=5 op=xt_replace subj=u:r:netd:s0 comm="iptables-restor"
[    9.295959] servicemanager: Caller(pid=652,uid=1013,sid=u:r:hal_cas_default:s0) Found android.hardware.cas.IMediaCasService/default in device VINTF manifest.
[    9.296675] type=1300 audit(1790634422.787:128): arch=c000003e syscall=54 success=yes exit=0 a0=4 a1=0 a2=40 a3=7cdb592859d0 items=0 ppid=620 auid=4294967295 uid=0 gid=0 euid=0 suid=0 fsuid=0 egid=0 sgid=0 fsgid=0 tty=(none) ses=4294967295 comm="iptables-restor" exe="/system/bin/iptables" subj=u:r:netd:s0 key=(null)
[    9.296063] type=1327 audit(1790634422.787:127): proctitle=2F73797374656D2F62696E2F69707461626C65732D726573746F7265002D2D6E6F666C757368002D77002D76
[    9.296693] type=1327 audit(1790634422.787:128): proctitle=2F73797374656D2F62696E2F69707461626C65732D726573746F7265002D2D6E6F666C757368002D77002D76
[    9.296084] type=1320 audit(1790634422.787:127): 
[    9.297247] type=1320 audit(1790634422.787:128): 
[    9.296485] type=1325 audit(1790634422.787:128): table=nat family=2 entries=5 op=xt_replace subj=u:r:netd:s0 comm="iptables-restor"
[    9.296675] type=1300 audit(1790634422.787:128): arch=c000003e syscall=54 success=yes exit=0 a0=4 a1=0 a2=40 a3=7cdb592859d0 items=0 ppid=620 auid=4294967295 uid=0 gid=0 euid=0 suid=0 fsuid=0 egid=0 sgid=0 fsgid=0 tty=(none) ses=4294967295 comm="iptables-restor" exe="/system/bin/iptables" subj=u:r:netd:s0 key=(null)
[    9.296693] type=1327 audit(1790634422.787:128): proctitle=2F73797374656D2F62696E2F69707461626C65732D726573746F7265002D2D6E6F666C757368002D77002D76
[    9.297247] type=1320 audit(1790634422.787:128): 
[    9.304614] type=1325 audit(1790634422.787:129): table=nat family=2 entries=8 op=xt_replace subj=u:r:netd:s0 comm="iptables-restor"
[    9.304614] type=1325 audit(1790634422.787:129): table=nat family=2 entries=8 op=xt_replace subj=u:r:netd:s0 comm="iptables-restor"
[    9.306094] type=1300 audit(1790634422.787:129): arch=c000003e syscall=54 success=yes exit=0 a0=4 a1=0 a2=40 a3=7cda79281130 items=0 ppid=620 auid=4294967295 uid=0 gid=0 euid=0 suid=0 fsuid=0 egid=0 sgid=0 fsgid=0 tty=(none) ses=4294967295 comm="iptables-restor" exe="/system/bin/iptables" subj=u:r:netd:s0 key=(null)
[    9.306666] libprocessgroup: Created cgroup /sys/fs/cgroup/system/uid_9999/pid_660
[    9.306094] type=1300 audit(1790634422.787:129): arch=c000003e syscall=54 success=yes exit=0 a0=4 a1=0 a2=40 a3=7cda79281130 items=0 ppid=620 auid=4294967295 uid=0 gid=0 euid=0 suid=0 fsuid=0 egid=0 sgid=0 fsgid=0 tty=(none) ses=4294967295 comm="iptables-restor" exe="/system/bin/iptables" subj=u:r:netd:s0 key=(null)
[    9.306666] libprocessgroup: Created cgroup /sys/fs/cgroup/system/uid_9999/pid_660
[    9.310328] type=1327 audit(1790634422.787:129): proctitle=2F73797374656D2F62696E2F69707461626C65732D726573746F7265002D2D6E6F666C757368002D77002D76
[    9.310328] type=1327 audit(1790634422.787:129): proctitle=2F73797374656D2F62696E2F69707461626C65732D726573746F7265002D2D6E6F666C757368002D77002D76
[    9.311919] type=1320 audit(1790634422.787:129): 
[    9.311919] type=1320 audit(1790634422.787:129): 
[    9.312944] init: ... started service 'vendor.inputprocessor-default' has pid 660
[    9.312944] init: ... started service 'vendor.inputprocessor-default' has pid 660
[    9.313982] init: starting service 'vendor.ir-default'...
[    9.313982] init: starting service 'vendor.ir-default'...
[    9.315806] libprocessgroup: Created cgroup /sys/fs/cgroup/system/uid_1000/pid_661
[    9.315806] libprocessgroup: Created cgroup /sys/fs/cgroup/system/uid_1000/pid_661
[    9.323419] init: ... started service 'vendor.ir-default' has pid 661
[    9.323419] init: ... started service 'vendor.ir-default' has pid 661
[    9.324292] init: starting service 'vendor.memtrack-default'...
[    9.324292] init: starting service 'vendor.memtrack-default'...
[    9.326561] libprocessgroup: Created cgroup /sys/fs/cgroup/system/uid_9999/pid_662
[    9.326903] type=1325 audit(1790634422.787:130): table=filter family=2 entries=25 op=xt_replace subj=u:r:netd:s0 comm="iptables-restor"
[    9.326561] libprocessgroup: Created cgroup /sys/fs/cgroup/system/uid_9999/pid_662
[    9.326903] type=1325 audit(1790634422.787:130): table=filter family=2 entries=25 op=xt_replace subj=u:r:netd:s0 comm="iptables-restor"
[    9.328175] type=1300 audit(1790634422.787:130): arch=c000003e syscall=54 success=yes exit=0 a0=4 a1=0 a2=40 a3=7cda99286be0 items=0 ppid=620 auid=4294967295 uid=0 gid=0 euid=0 suid=0 fsuid=0 egid=0 sgid=0 fsgid=0 tty=(none) ses=4294967295 comm="iptables-restor" exe="/system/bin/iptables" subj=u:r:netd:s0 key=(null)
[    9.328175] type=1300 audit(1790634422.787:130): arch=c000003e syscall=54 success=yes exit=0 a0=4 a1=0 a2=40 a3=7cda99286be0 items=0 ppid=620 auid=4294967295 uid=0 gid=0 euid=0 suid=0 fsuid=0 egid=0 sgid=0 fsgid=0 tty=(none) ses=4294967295 comm="iptables-restor" exe="/system/bin/iptables" subj=u:r:netd:s0 key=(null)
[    9.332050] init: ... started service 'vendor.memtrack-default' has pid 662
[    9.332050] init: ... started service 'vendor.memtrack-default' has pid 662
[    9.333313] type=1327 audit(1790634422.787:130): proctitle=2F73797374656D2F62696E2F69707461626C65732D726573746F7265002D2D6E6F666C757368002D77002D76
[    9.333462] init: starting service 'nlinterceptor'...
[    9.334308] type=1320 audit(1790634422.787:130): 
[    9.333313] type=1327 audit(1790634422.787:130): proctitle=2F73797374656D2F62696E2F69707461626C65732D726573746F7265002D2D6E6F666C757368002D77002D76
[    9.333462] init: starting service 'nlinterceptor'...
[    9.334308] type=1320 audit(1790634422.787:130): 
[    9.335277] type=1325 audit(1790634422.791:131): table=filter family=10 entries=25 op=xt_replace subj=u:r:netd:s0 comm="ip6tables-resto"
[    9.335277] type=1325 audit(1790634422.791:131): table=filter family=10 entries=25 op=xt_replace subj=u:r:netd:s0 comm="ip6tables-resto"
[    9.336209] type=1300 audit(1790634422.791:131): arch=c000003e syscall=54 success=yes exit=0 a0=4 a1=29 a2=40 a3=7e5710868430 items=0 ppid=620 auid=4294967295 uid=0 gid=0 euid=0 suid=0 fsuid=0 egid=0 sgid=0 fsgid=0 tty=(none) ses=4294967295 comm="ip6tables-resto" exe="/system/bin/iptables" subj=u:r:netd:s0 key=(null)
[    9.336209] type=1300 audit(1790634422.791:131): arch=c000003e syscall=54 success=yes exit=0 a0=4 a1=29 a2=40 a3=7e5710868430 items=0 ppid=620 auid=4294967295 uid=0 gid=0 euid=0 suid=0 fsuid=0 egid=0 sgid=0 fsgid=0 tty=(none) ses=4294967295 comm="ip6tables-resto" exe="/system/bin/iptables" subj=u:r:netd:s0 key=(null)
[    9.340085] libprocessgroup: Created cgroup /sys/fs/cgroup/system/uid_0/pid_663
[    9.340085] libprocessgroup: Created cgroup /sys/fs/cgroup/system/uid_0/pid_663
[    9.341983] init: ... started service 'nlinterceptor' has pid 663
[    9.341983] init: ... started service 'nlinterceptor' has pid 663
[    9.342904] init: starting service 'neuralnetworks_hal_service_aidl_sample_all'...
[    9.342904] init: starting service 'neuralnetworks_hal_service_aidl_sample_all'...
[    9.344860] libprocessgroup: Created cgroup /sys/fs/cgroup/system/uid_1000/pid_664
[    9.344860] libprocessgroup: Created cgroup /sys/fs/cgroup/system/uid_1000/pid_664
[    9.352773] init: ... started service 'neuralnetworks_hal_service_aidl_sample_all' has pid 664
[    9.352773] init: ... started service 'neuralnetworks_hal_service_aidl_sample_all' has pid 664
[    9.353622] init: starting service 'neuralnetworks_hal_service_aidl_sample_limited'...
[    9.353622] init: starting service 'neuralnetworks_hal_service_aidl_sample_limited'...
[    9.356149] servicemanager: Caller(pid=654,uid=1013,sid=u:r:hal_drm_clearkey_aidl:s0) Found android.hardware.drm.IDrmFactory/clearkey in device VINTF manifest.
[    9.356149] servicemanager: Caller(pid=654,uid=1013,sid=u:r:hal_drm_clearkey_aidl:s0) Found android.hardware.drm.IDrmFactory/clearkey in device VINTF manifest.
[    9.359623] type=1327 audit(1790634422.791:131): proctitle=2F73797374656D2F62696E2F6970367461626C65732D726573746F7265002D2D6E6F666C757368002D77002D76
[    9.359623] type=1327 audit(1790634422.791:131): proctitle=2F73797374656D2F62696E2F6970367461626C65732D726573746F7265002D2D6E6F666C757368002D77002D76
[    9.361223] servicemanager: Caller(pid=662,uid=9999,sid=u:r:hal_memtrack_default:s0) Found android.hardware.memtrack.IMemtrack/default in device VINTF manifest.
[    9.361223] servicemanager: Caller(pid=662,uid=9999,sid=u:r:hal_memtrack_default:s0) Found android.hardware.memtrack.IMemtrack/default in device VINTF manifest.
[    9.362489] servicemanager: Caller(pid=655,uid=9999,sid=u:r:hal_gnss_default:s0) Found android.hardware.gnss.IGnss/default in device VINTF manifest.
[    9.362640] libprocessgroup: Created cgroup /sys/fs/cgroup/system/uid_1000/pid_667
[    9.363518] servicemanager: Caller(pid=660,uid=9999,sid=u:r:hal_input_processor_default:s0) Found android.hardware.input.processor.IInputProcessor/default in device VINTF manifest.
[    9.362489] servicemanager: Caller(pid=655,uid=9999,sid=u:r:hal_gnss_default:s0) Found android.hardware.gnss.IGnss/default in device VINTF manifest.
[    9.362640] libprocessgroup: Created cgroup /sys/fs/cgroup/system/uid_1000/pid_667
[    9.363518] servicemanager: Caller(pid=660,uid=9999,sid=u:r:hal_input_processor_default:s0) Found android.hardware.input.processor.IInputProcessor/default in device VINTF manifest.
[    9.369753] init: ... started service 'neuralnetworks_hal_service_aidl_sample_limited' has pid 667
[    9.369753] init: ... started service 'neuralnetworks_hal_service_aidl_sample_limited' has pid 667
[    9.370715] init: starting service 'neuralnetworks_hal_service_shim_sample'...
[    9.371063] type=1320 audit(1790634422.791:131): 
[    9.370715] init: starting service 'neuralnetworks_hal_service_shim_sample'...
[    9.371063] type=1320 audit(1790634422.791:131): 
[    9.371676] type=1325 audit(1790634422.791:132): table=mangle family=2 entries=21 op=xt_replace subj=u:r:netd:s0 comm="iptables-restor"
[    9.372520] libprocessgroup: Created cgroup /sys/fs/cgroup/system/uid_1000/pid_668
[    9.372571] type=1300 audit(1790634422.791:132): arch=c000003e syscall=54 success=yes exit=0 a0=4 a1=0 a2=40 a3=7cda99286be0 items=0 ppid=620 auid=4294967295 uid=0 gid=0 euid=0 suid=0 fsuid=0 egid=0 sgid=0 fsgid=0 tty=(none) ses=4294967295 comm="iptables-restor" exe="/system/bin/iptables" subj=u:r:netd:s0 key=(null)
[    9.371676] type=1325 audit(1790634422.791:132): table=mangle family=2 entries=21 op=xt_replace subj=u:r:netd:s0 comm="iptables-restor"
[    9.372520] libprocessgroup: Created cgroup /sys/fs/cgroup/system/uid_1000/pid_668
[    9.372571] type=1300 audit(1790634422.791:132): arch=c000003e syscall=54 success=yes exit=0 a0=4 a1=0 a2=40 a3=7cda99286be0 items=0 ppid=620 auid=4294967295 uid=0 gid=0 euid=0 suid=0 fsuid=0 egid=0 sgid=0 fsgid=0 tty=(none) ses=4294967295 comm="iptables-restor" exe="/system/bin/iptables" subj=u:r:netd:s0 key=(null)
[    9.379446] servicemanager: Caller(pid=663,uid=0,sid=u:r:hal_nlinterceptor_default:s0) Found android.hardware.net.nlinterceptor.IInterceptor/default in device VINTF manifest.
[    9.379446] servicemanager: Caller(pid=663,uid=0,sid=u:r:hal_nlinterceptor_default:s0) Found android.hardware.net.nlinterceptor.IInterceptor/default in device VINTF manifest.
[    9.380772] servicemanager: Caller(pid=661,uid=1000,sid=u:r:hal_ir_default:s0) Found android.hardware.ir.IConsumerIr/default in device VINTF manifest.
[    9.380772] servicemanager: Caller(pid=661,uid=1000,sid=u:r:hal_ir_default:s0) Found android.hardware.ir.IConsumerIr/default in device VINTF manifest.
[    9.383780] init: ... started service 'neuralnetworks_hal_service_shim_sample' has pid 668
[    9.383780] init: ... started service 'neuralnetworks_hal_service_shim_sample' has pid 668
[    9.384751] init: starting service 'vendor.power-default'...
[    9.384751] init: starting service 'vendor.power-default'...
[    9.385432] servicemanager: Caller(pid=658,uid=1000,sid=u:r:hal_graphics_composer_default:s0) Found android.hardware.graphics.composer3.IComposer/default in device VINTF manifest.
[    9.386466] libprocessgroup: Created cgroup /sys/fs/cgroup/system/uid_9999/pid_669
[    9.385432] servicemanager: Caller(pid=658,uid=1000,sid=u:r:hal_graphics_composer_default:s0) Found android.hardware.graphics.composer3.IComposer/default in device VINTF manifest.
[    9.386466] libprocessgroup: Created cgroup /sys/fs/cgroup/system/uid_9999/pid_669
[    9.393790] type=1327 audit(1790634422.791:132): proctitle=2F73797374656D2F62696E2F69707461626C65732D726573746F7265002D2D6E6F666C757368002D77002D76
[    9.393790] type=1327 audit(1790634422.791:132): proctitle=2F73797374656D2F62696E2F69707461626C65732D726573746F7265002D2D6E6F666C757368002D77002D76
[    9.397661] type=1320 audit(1790634422.791:132): 
[    9.397661] type=1320 audit(1790634422.791:132): 
[    9.398093] type=1325 audit(1790634422.791:133): table=mangle family=10 entries=21 op=xt_replace subj=u:r:netd:s0 comm="ip6tables-resto"
[    9.398093] type=1325 audit(1790634422.791:133): table=mangle family=10 entries=21 op=xt_replace subj=u:r:netd:s0 comm="ip6tables-resto"
[    9.401080] type=1300 audit(1790634422.791:133): arch=c000003e syscall=54 success=yes exit=0 a0=4 a1=29 a2=40 a3=7e560086bbe0 items=0 ppid=620 auid=4294967295 uid=0 gid=0 euid=0 suid=0 fsuid=0 egid=0 sgid=0 fsgid=0 tty=(none) ses=4294967295 comm="ip6tables-resto" exe="/system/bin/iptables" subj=u:r:netd:s0 key=(null)
[    9.402244] servicemanager: Caller(pid=667,uid=1000,sid=u:r:hal_neuralnetworks_sample:s0) Found android.hardware.neuralnetworks.IDevice/nnapi-sample_quant in device VINTF manifest.
[    9.403083] type=1327 audit(1790634422.791:133): proctitle=2F73797374656D2F62696E2F6970367461626C65732D726573746F7265002D2D6E6F666C757368002D77002D76
[    9.401080] type=1300 audit(1790634422.791:133): arch=c000003e syscall=54 success=yes exit=0 a0=4 a1=29 a2=40 a3=7e560086bbe0 items=0 ppid=620 auid=4294967295 uid=0 gid=0 euid=0 suid=0 fsuid=0 egid=0 sgid=0 fsgid=0 tty=(none) ses=4294967295 comm="ip6tables-resto" exe="/system/bin/iptables" subj=u:r:netd:s0 key=(null)
[    9.402244] servicemanager: Caller(pid=667,uid=1000,sid=u:r:hal_neuralnetworks_sample:s0) Found android.hardware.neuralnetworks.IDevice/nnapi-sample_quant in device VINTF manifest.
[    9.403083] type=1327 audit(1790634422.791:133): proctitle=2F73797374656D2F62696E2F6970367461626C65732D726573746F7265002D2D6E6F666C757368002D77002D76
[    9.406465] init: ... started service 'vendor.power-default' has pid 669
[    9.406465] init: ... started service 'vendor.power-default' has pid 669
[    9.407249] init: starting service 'vendor.power.stats-default'...
[    9.407249] init: starting service 'vendor.power.stats-default'...
[    9.408791] libprocessgroup: Created cgroup /sys/fs/cgroup/system/uid_1000/pid_671
[    9.408791] libprocessgroup: Created cgroup /sys/fs/cgroup/system/uid_1000/pid_671
[    9.413572] type=1320 audit(1790634422.791:133): 
[    9.413572] type=1320 audit(1790634422.791:133): 
[    9.414027] type=1325 audit(1790634422.791:134): table=filter family=2 entries=37 op=xt_replace subj=u:r:netd:s0 comm="iptables-restor"
[    9.414027] type=1325 audit(1790634422.791:134): table=filter family=2 entries=37 op=xt_replace subj=u:r:netd:s0 comm="iptables-restor"
[    9.414946] type=1300 audit(1790634422.791:134): arch=c000003e syscall=54 success=yes exit=0 a0=4 a1=0 a2=40 a3=7cda992887b0 items=0 ppid=620 auid=4294967295 uid=0 gid=0 euid=0 suid=0 fsuid=0 egid=0 sgid=0 fsgid=0 tty=(none) ses=4294967295 comm="iptables-restor" exe="/system/bin/iptables" subj=u:r:netd:s0 key=(null)
[    9.414946] type=1300 audit(1790634422.791:134): arch=c000003e syscall=54 success=yes exit=0 a0=4 a1=0 a2=40 a3=7cda992887b0 items=0 ppid=620 auid=4294967295 uid=0 gid=0 euid=0 suid=0 fsuid=0 egid=0 sgid=0 fsgid=0 tty=(none) ses=4294967295 comm="iptables-restor" exe="/system/bin/iptables" subj=u:r:netd:s0 key=(null)
[    9.418789] init: ... started service 'vendor.power.stats-default' has pid 671
[    9.418789] init: ... started service 'vendor.power.stats-default' has pid 671
[    9.421552] init: starting service 'vendor.rebootescrow-default'...
[    9.421552] init: starting service 'vendor.rebootescrow-default'...
[    9.423250] libprocessgroup: Created cgroup /sys/fs/cgroup/system/uid_1000/pid_674
[    9.423286] type=1327 audit(1790634422.791:134): proctitle=2F73797374656D2F62696E2F69707461626C65732D726573746F7265002D2D6E6F666C757368002D77002D76
[    9.423250] libprocessgroup: Created cgroup /sys/fs/cgroup/system/uid_1000/pid_674
[    9.423286] type=1327 audit(1790634422.791:134): proctitle=2F73797374656D2F62696E2F69707461626C65732D726573746F7265002D2D6E6F666C757368002D77002D76
[    9.424894] type=1320 audit(1790634422.791:134): 
[    9.424894] type=1320 audit(1790634422.791:134): 
[    9.425379] type=1325 audit(1790634422.791:135): table=filter family=10 entries=37 op=xt_replace subj=u:r:netd:s0 comm="ip6tables-resto"
[    9.425379] type=1325 audit(1790634422.791:135): table=filter family=10 entries=37 op=xt_replace subj=u:r:netd:s0 comm="ip6tables-resto"
[    9.426451] type=1300 audit(1790634422.791:135): arch=c000003e syscall=54 success=yes exit=0 a0=4 a1=29 a2=40 a3=7e5710866220 items=0 ppid=620 auid=4294967295 uid=0 gid=0 euid=0 suid=0 fsuid=0 egid=0 sgid=0 fsgid=0 tty=(none) ses=4294967295 comm="ip6tables-resto" exe="/system/bin/iptables" subj=u:r:netd:s0 key=(null)
[    9.426451] type=1300 audit(1790634422.791:135): arch=c000003e syscall=54 success=yes exit=0 a0=4 a1=29 a2=40 a3=7e5710866220 items=0 ppid=620 auid=4294967295 uid=0 gid=0 euid=0 suid=0 fsuid=0 egid=0 sgid=0 fsgid=0 tty=(none) ses=4294967295 comm="ip6tables-resto" exe="/system/bin/iptables" subj=u:r:netd:s0 key=(null)
[    9.428562] type=1327 audit(1790634422.791:135): proctitle=2F73797374656D2F62696E2F6970367461626C65732D726573746F7265002D2D6E6F666C757368002D77002D76
[    9.428562] type=1327 audit(1790634422.791:135): proctitle=2F73797374656D2F62696E2F6970367461626C65732D726573746F7265002D2D6E6F666C757368002D77002D76
[    9.431909] servicemanager: Caller(pid=648,uid=1041,sid=u:r:hal_audio_default:s0) Found android.hardware.audio.effect.IFactory/default in device VINTF manifest.
[    9.433176] init: ... started service 'vendor.rebootescrow-default' has pid 674
[    9.431909] servicemanager: Caller(pid=648,uid=1041,sid=u:r:hal_audio_default:s0) Found android.hardware.audio.effect.IFactory/default in device VINTF manifest.
[    9.433176] init: ... started service 'vendor.rebootescrow-default' has pid 674
[    9.435745] servicemanager: Caller(pid=669,uid=9999,sid=u:r:hal_power_default:s0) Found android.hardware.power.IPower/default in device VINTF manifest.
[    9.436527] init: starting service 'vendor.secure_element'...
[    9.435745] servicemanager: Caller(pid=669,uid=9999,sid=u:r:hal_power_default:s0) Found android.hardware.power.IPower/default in device VINTF manifest.
[    9.436527] init: starting service 'vendor.secure_element'...
[    9.439148] libprocessgroup: Created cgroup /sys/fs/cgroup/system/uid_9999/pid_675
[    9.439148] libprocessgroup: Created cgroup /sys/fs/cgroup/system/uid_9999/pid_675
[    9.440846] init: ... started service 'vendor.secure_element' has pid 675
[    9.440846] init: ... started service 'vendor.secure_element' has pid 675
[    9.441908] init: starting service 'vendor.authgraph'...
[    9.441908] init: starting service 'vendor.authgraph'...
[    9.443732] libprocessgroup: Created cgroup /sys/fs/cgroup/system/uid_9999/pid_676
[    9.443892] servicemanager: Caller(pid=671,uid=1000,sid=u:r:hal_power_stats_default:s0) Found android.hardware.power.stats.IPowerStats/default in device VINTF manifest.
[    9.445056] type=1320 audit(1790634422.791:135): 
[    9.443732] libprocessgroup: Created cgroup /sys/fs/cgroup/system/uid_9999/pid_676
[    9.443892] servicemanager: Caller(pid=671,uid=1000,sid=u:r:hal_power_stats_default:s0) Found android.hardware.power.stats.IPowerStats/default in device VINTF manifest.
[    9.445056] type=1320 audit(1790634422.791:135): 
[    9.446217] servicemanager: Caller(pid=668,uid=1000,sid=u:r:hal_neuralnetworks_sample:s0) Found android.hardware.neuralnetworks.IDevice/nnapi-sample_sl_shim in device VINTF manifest.
[    9.446323] type=1325 audit(1790634422.791:136): table=filter family=2 entries=37 op=xt_replace subj=u:r:netd:s0 comm="iptables-restor"
[    9.447741] servicemanager: Caller(pid=664,uid=1000,sid=u:r:hal_neuralnetworks_sample:s0) Found android.hardware.neuralnetworks.IDevice/nnapi-sample_all in device VINTF manifest.
[    9.448359] init: ... started service 'vendor.authgraph' has pid 676
[    9.448450] type=1300 audit(1790634422.791:136): arch=c000003e syscall=54 success=yes exit=0 a0=4 a1=0 a2=40 a3=7cda992887b0 items=0 ppid=620 auid=4294967295 uid=0 gid=0 euid=0 suid=0 fsuid=0 egid=0 sgid=0 fsgid=0 tty=(none) ses=4294967295 comm="iptables-restor" exe="/system/bin/iptables" subj=u:r:netd:s0 key=(null)
[    9.446217] servicemanager: Caller(pid=668,uid=1000,sid=u:r:hal_neuralnetworks_sample:s0) Found android.hardware.neuralnetworks.IDevice/nnapi-sample_sl_shim in device VINTF manifest.
[    9.448602] init: starting service 'vendor.secretkeeper'...
[    9.446323] type=1325 audit(1790634422.791:136): table=filter family=2 entries=37 op=xt_replace subj=u:r:netd:s0 comm="iptables-restor"
[    9.449570] libprocessgroup: Created cgroup /sys/fs/cgroup/system/uid_9999/pid_677
[    9.450152] servicemanager: Caller(pid=647,uid=1041,sid=u:r:hal_audio_default:s0) Found android.hardware.audio.core.IConfig/default in device VINTF manifest.
[    9.447741] servicemanager: Caller(pid=664,uid=1000,sid=u:r:hal_neuralnetworks_sample:s0) Found android.hardware.neuralnetworks.IDevice/nnapi-sample_all in device VINTF manifest.
[    9.453514] init: ... started service 'vendor.secretkeeper' has pid 677
[    9.448359] init: ... started service 'vendor.authgraph' has pid 676
[    9.448450] type=1300 audit(1790634422.791:136): arch=c000003e syscall=54 success=yes exit=0 a0=4 a1=0 a2=40 a3=7cda992887b0 items=0 ppid=620 auid=4294967295 uid=0 gid=0 euid=0 suid=0 fsuid=0 egid=0 sgid=0 fsgid=0 tty=(none) ses=4294967295 comm="iptables-restor" exe="/system/bin/iptables" subj=u:r:netd:s0 key=(null)
[    9.448602] init: starting service 'vendor.secretkeeper'...
[    9.449570] libprocessgroup: Created cgroup /sys/fs/cgroup/system/uid_9999/pid_677
[    9.450152] servicemanager: Caller(pid=647,uid=1041,sid=u:r:hal_audio_default:s0) Found android.hardware.audio.core.IConfig/default in device VINTF manifest.
[    9.453514] init: ... started service 'vendor.secretkeeper' has pid 677
[    9.455632] servicemanager: Caller(pid=647,uid=1041,sid=u:r:hal_audio_default:s0) Found android.hardware.audio.core.IModule/default in device VINTF manifest.
[    9.455925] init: starting service 'vendor.tetheroffload-example'...
[    9.455632] servicemanager: Caller(pid=647,uid=1041,sid=u:r:hal_audio_default:s0) Found android.hardware.audio.core.IModule/default in device VINTF manifest.
[    9.455925] init: starting service 'vendor.tetheroffload-example'...
[    9.457669] servicemanager: Caller(pid=647,uid=1041,sid=u:r:hal_audio_default:s0) Found android.hardware.audio.core.IModule/r_submix in device VINTF manifest.
[    9.458845] libprocessgroup: Created cgroup /sys/fs/cgroup/system/uid_9999/pid_678
[    9.459126] servicemanager: Caller(pid=674,uid=1000,sid=u:r:hal_rebootescrow_default:s0) Found android.hardware.rebootescrow.IRebootEscrow/default in device VINTF manifest.
[    9.457669] servicemanager: Caller(pid=647,uid=1041,sid=u:r:hal_audio_default:s0) Found android.hardware.audio.core.IModule/r_submix in device VINTF manifest.
[    9.458845] libprocessgroup: Created cgroup /sys/fs/cgroup/system/uid_9999/pid_678
[    9.459126] servicemanager: Caller(pid=674,uid=1000,sid=u:r:hal_rebootescrow_default:s0) Found android.hardware.rebootescrow.IRebootEscrow/default in device VINTF manifest.
[    9.460731] init: ... started service 'vendor.tetheroffload-example' has pid 678
[    9.461162] servicemanager: Caller(pid=675,uid=9999,sid=u:r:hal_secure_element_default:s0) Found android.hardware.secure_element.ISecureElement/eSE1 in device VINTF manifest.
[    9.462339] type=1327 audit(1790634422.791:136): proctitle=2F73797374656D2F62696E2F69707461626C65732D726573746F7265002D2D6E6F666C757368002D77002D76
[    9.462735] servicemanager: Caller(pid=647,uid=1041,sid=u:r:hal_audio_default:s0) Found android.hardware.bluetooth.audio.IBluetoothAudioProviderFactory/default in device VINTF manifest.
[    9.463494] type=1320 audit(1790634422.791:136): 
[    9.460731] init: ... started service 'vendor.tetheroffload-example' has pid 678
[    9.461162] servicemanager: Caller(pid=675,uid=9999,sid=u:r:hal_secure_element_default:s0) Found android.hardware.secure_element.ISecureElement/eSE1 in device VINTF manifest.
[    9.462339] type=1327 audit(1790634422.791:136): proctitle=2F73797374656D2F62696E2F69707461626C65732D726573746F7265002D2D6E6F666C757368002D77002D76
[    9.462735] servicemanager: Caller(pid=647,uid=1041,sid=u:r:hal_audio_default:s0) Found android.hardware.bluetooth.audio.IBluetoothAudioProviderFactory/default in device VINTF manifest.
[    9.463494] type=1320 audit(1790634422.791:136): 
[    9.465802] servicemanager: Caller(pid=647,uid=1041,sid=u:r:hal_audio_default:s0) Found android.hardware.audio.core.IModule/bluetooth in device VINTF manifest.
[    9.465802] servicemanager: Caller(pid=647,uid=1041,sid=u:r:hal_audio_default:s0) Found android.hardware.audio.core.IModule/bluetooth in device VINTF manifest.
[    9.467276] init: starting service 'vendor.thermal-example'...
[    9.467276] init: starting service 'vendor.thermal-example'...
[    9.468866] libprocessgroup: Created cgroup /sys/fs/cgroup/system/uid_9999/pid_679
[    9.468866] libprocessgroup: Created cgroup /sys/fs/cgroup/system/uid_9999/pid_679
[    9.470299] init: ... started service 'vendor.thermal-example' has pid 679
[    9.470299] init: ... started service 'vendor.thermal-example' has pid 679
[    9.471219] init: starting service 'vendor.threadnetwork_hal'...
[    9.471219] init: starting service 'vendor.threadnetwork_hal'...
[    9.472484] type=1325 audit(1790634422.791:137): table=nat family=2 entries=11 op=xt_replace subj=u:r:netd:s0 comm="iptables-restor"
[    9.472853] libprocessgroup: Created cgroup /sys/fs/cgroup/system/uid_1084
[    9.473616] servicemanager: Caller(pid=676,uid=9999,sid=u:r:hal_authgraph_default:s0) Found android.hardware.security.authgraph.IAuthGraphKeyExchange/nonsecure in device VINTF manifest.
[    9.474901] libprocessgroup: Created cgroup /sys/fs/cgroup/system/uid_1084/pid_682
[    9.475783] servicemanager: Caller(pid=678,uid=9999,sid=u:r:hal_tetheroffload_default:s0) Found android.hardware.tetheroffload.IOffload/default in device VINTF manifest.
[    9.476517] type=1300 audit(1790634422.791:137): arch=c000003e syscall=54 success=yes exit=0 a0=4 a1=0 a2=40 a3=7cda7927e840 items=0 ppid=620 auid=4294967295 uid=0 gid=0 euid=0 suid=0 fsuid=0 egid=0 sgid=0 fsgid=0 tty=(none) ses=4294967295 comm="iptables-restor" exe="/system/bin/iptables" subj=u:r:netd:s0 key=(null)
[    9.477082] init: ... started service 'vendor.threadnetwork_hal' has pid 682
[    9.472484] type=1325 audit(1790634422.791:137): table=nat family=2 entries=11 op=xt_replace subj=u:r:netd:s0 comm="iptables-restor"
[    9.472853] libprocessgroup: Created cgroup /sys/fs/cgroup/system/uid_1084
[    9.473616] servicemanager: Caller(pid=676,uid=9999,sid=u:r:hal_authgraph_default:s0) Found android.hardware.security.authgraph.IAuthGraphKeyExchange/nonsecure in device VINTF manifest.
[    9.474901] libprocessgroup: Created cgroup /sys/fs/cgroup/system/uid_1084/pid_682
[    9.475783] servicemanager: Caller(pid=678,uid=9999,sid=u:r:hal_tetheroffload_default:s0) Found android.hardware.tetheroffload.IOffload/default in device VINTF manifest.
[    9.476517] type=1300 audit(1790634422.791:137): arch=c000003e syscall=54 success=yes exit=0 a0=4 a1=0 a2=40 a3=7cda7927e840 items=0 ppid=620 auid=4294967295 uid=0 gid=0 euid=0 suid=0 fsuid=0 egid=0 sgid=0 fsgid=0 tty=(none) ses=4294967295 comm="iptables-restor" exe="/system/bin/iptables" subj=u:r:netd:s0 key=(null)
[    9.477082] init: ... started service 'vendor.threadnetwork_hal' has pid 682
[    9.480278] init: starting service 'vendor.usb_default'...
[    9.480399] type=1327 audit(1790634422.791:137): proctitle=2F73797374656D2F62696E2F69707461626C65732D726573746F7265002D2D6E6F666C757368002D77002D76
[    9.480278] init: starting service 'vendor.usb_default'...
[    9.480670] servicemanager: Caller(pid=679,uid=9999,sid=u:r:hal_thermal_default:s0) Found android.hardware.thermal.IThermal/default in device VINTF manifest.
[    9.482553] libprocessgroup: Created cgroup /sys/fs/cgroup/system/uid_1000/pid_684
[    9.480399] type=1327 audit(1790634422.791:137): proctitle=2F73797374656D2F62696E2F69707461626C65732D726573746F7265002D2D6E6F666C757368002D77002D76
[    9.480670] servicemanager: Caller(pid=679,uid=9999,sid=u:r:hal_thermal_default:s0) Found android.hardware.thermal.IThermal/default in device VINTF manifest.
[    9.482553] libprocessgroup: Created cgroup /sys/fs/cgroup/system/uid_1000/pid_684
[    9.484520] init: ... started service 'vendor.usb_default' has pid 684
[    9.484520] init: ... started service 'vendor.usb_default' has pid 684
[    9.485441] init: starting service 'vendor.uwb_hal'...
[    9.485441] init: starting service 'vendor.uwb_hal'...
[    9.486145] servicemanager: Caller(pid=682,uid=1084,sid=u:r:hal_threadnetwork_default:s0) Found android.hardware.threadnetwork.IThreadChip/chip0 in device VINTF manifest.
[    9.487138] libprocessgroup: Created cgroup /sys/fs/cgroup/system/uid_1083
[    9.487565] type=1320 audit(1790634422.791:137): 
[    9.486145] servicemanager: Caller(pid=682,uid=1084,sid=u:r:hal_threadnetwork_default:s0) Found android.hardware.threadnetwork.IThreadChip/chip0 in device VINTF manifest.
[    9.487138] libprocessgroup: Created cgroup /sys/fs/cgroup/system/uid_1083
[    9.487565] type=1320 audit(1790634422.791:137): 
[    9.488398] type=1325 audit(1790634422.791:138): table=filter family=10 entries=38 op=xt_replace subj=u:r:netd:s0 comm="ip6tables-resto"
[    9.488624] libprocessgroup: Created cgroup /sys/fs/cgroup/system/uid_1083/pid_685
[    9.489297] type=1300 audit(1790634422.791:138): arch=c000003e syscall=54 success=yes exit=0 a0=4 a1=29 a2=40 a3=7e5710866220 items=0 ppid=620 auid=4294967295 uid=0 gid=0 euid=0 suid=0 fsuid=0 egid=0 sgid=0 fsgid=0 tty=(none) ses=4294967295 comm="ip6tables-resto" exe="/system/bin/iptables" subj=u:r:netd:s0 key=(null)
[    9.491117] init: ... started service 'vendor.uwb_hal' has pid 685
[    9.488398] type=1325 audit(1790634422.791:138): table=filter family=10 entries=38 op=xt_replace subj=u:r:netd:s0 comm="ip6tables-resto"
[    9.488624] libprocessgroup: Created cgroup /sys/fs/cgroup/system/uid_1083/pid_685
[    9.489297] type=1300 audit(1790634422.791:138): arch=c000003e syscall=54 success=yes exit=0 a0=4 a1=29 a2=40 a3=7e5710866220 items=0 ppid=620 auid=4294967295 uid=0 gid=0 euid=0 suid=0 fsuid=0 egid=0 sgid=0 fsgid=0 tty=(none) ses=4294967295 comm="ip6tables-resto" exe="/system/bin/iptables" subj=u:r:netd:s0 key=(null)
[    9.491117] init: ... started service 'vendor.uwb_hal' has pid 685
[    9.492812] init: starting service 'vendor.vibrator-default'...
[    9.492954] type=1327 audit(1790634422.791:138): proctitle=2F73797374656D2F62696E2F6970367461626C65732D726573746F7265002D2D6E6F666C757368002D77002D76
[    9.492812] init: starting service 'vendor.vibrator-default'...
[    9.492954] type=1327 audit(1790634422.791:138): proctitle=2F73797374656D2F62696E2F6970367461626C65732D726573746F7265002D2D6E6F666C757368002D77002D76
[    9.494490] type=1320 audit(1790634422.791:138): 
[    9.494490] type=1320 audit(1790634422.791:138): 
[    9.494876] type=1325 audit(1790634422.791:139): table=raw family=10 entries=12 op=xt_replace subj=u:r:netd:s0 comm="ip6tables-resto"
[    9.495108] libprocessgroup: Created cgroup /sys/fs/cgroup/system/uid_9999/pid_686
[    9.494876] type=1325 audit(1790634422.791:139): table=raw family=10 entries=12 op=xt_replace subj=u:r:netd:s0 comm="ip6tables-resto"
[    9.495108] libprocessgroup: Created cgroup /sys/fs/cgroup/system/uid_9999/pid_686
[    9.499302] type=1300 audit(1790634422.791:139): arch=c000003e syscall=54 success=yes exit=0 a0=4 a1=29 a2=40 a3=7e570086f560 items=0 ppid=620 auid=4294967295 uid=0 gid=0 euid=0 suid=0 fsuid=0 egid=0 sgid=0 fsgid=0 tty=(none) ses=4294967295 comm="ip6tables-resto" exe="/system/bin/iptables" subj=u:r:netd:s0 key=(null)
[    9.499687] init: ... started service 'vendor.vibrator-default' has pid 686
[    9.499302] type=1300 audit(1790634422.791:139): arch=c000003e syscall=54 success=yes exit=0 a0=4 a1=29 a2=40 a3=7e570086f560 items=0 ppid=620 auid=4294967295 uid=0 gid=0 euid=0 suid=0 fsuid=0 egid=0 sgid=0 fsgid=0 tty=(none) ses=4294967295 comm="ip6tables-resto" exe="/system/bin/iptables" subj=u:r:netd:s0 key=(null)
[    9.499687] init: ... started service 'vendor.vibrator-default' has pid 686
[    9.502094] servicemanager: Caller(pid=677,uid=9999,sid=u:r:hal_secretkeeper_default:s0) Found android.hardware.security.secretkeeper.ISecretkeeper/nonsecure in device VINTF manifest.
[    9.502408] init: starting service 'vendor.wifi_hal_legacy'...
[    9.502094] servicemanager: Caller(pid=677,uid=9999,sid=u:r:hal_secretkeeper_default:s0) Found android.hardware.security.secretkeeper.ISecretkeeper/nonsecure in device VINTF manifest.
[    9.502408] init: starting service 'vendor.wifi_hal_legacy'...
[    9.505256] libprocessgroup: Created cgroup /sys/fs/cgroup/system/uid_1010
[    9.505256] libprocessgroup: Created cgroup /sys/fs/cgroup/system/uid_1010
[    9.505914] type=1327 audit(1790634422.791:139): proctitle=2F73797374656D2F62696E2F6970367461626C65732D726573746F7265002D2D6E6F666C757368002D77002D76
[    9.506421] libprocessgroup: Created cgroup /sys/fs/cgroup/system/uid_1010/pid_688
[    9.505914] type=1327 audit(1790634422.791:139): proctitle=2F73797374656D2F62696E2F6970367461626C65732D726573746F7265002D2D6E6F666C757368002D77002D76
[    9.506421] libprocessgroup: Created cgroup /sys/fs/cgroup/system/uid_1010/pid_688
[    9.508504] init: ... started service 'vendor.wifi_hal_legacy' has pid 688
[    9.508504] init: ... started service 'vendor.wifi_hal_legacy' has pid 688
[    9.509373] init: starting service 'bt_hci'...
[    9.509699] servicemanager: Caller(pid=684,uid=1000,sid=u:r:hal_usb_default:s0) Found android.hardware.usb.IUsb/default in device VINTF manifest.
[    9.509373] init: starting service 'bt_hci'...
[    9.509699] servicemanager: Caller(pid=684,uid=1000,sid=u:r:hal_usb_default:s0) Found android.hardware.usb.IUsb/default in device VINTF manifest.
[    9.510735] libprocessgroup: Created cgroup /sys/fs/cgroup/system/uid_1002
[    9.510817] type=1320 audit(1790634422.791:139): 
[    9.510735] libprocessgroup: Created cgroup /sys/fs/cgroup/system/uid_1002
[    9.510817] type=1320 audit(1790634422.791:139): 
[    9.511713] type=1325 audit(1790634422.791:140): table=mangle family=2 entries=30 op=xt_replace subj=u:r:netd:s0 comm="iptables-restor"
[    9.511734] libprocessgroup: Created cgroup /sys/fs/cgroup/system/uid_1002/pid_689
[    9.512614] type=1300 audit(1790634422.791:140): arch=c000003e syscall=54 success=yes exit=0 a0=4 a1=0 a2=40 a3=7cda992887b0 items=0 ppid=620 auid=4294967295 uid=0 gid=0 euid=0 suid=0 fsuid=0 egid=0 sgid=0 fsgid=0 tty=(none) ses=4294967295 comm="iptables-restor" exe="/system/bin/iptables" subj=u:r:netd:s0 key=(null)
[    9.511713] type=1325 audit(1790634422.791:140): table=mangle family=2 entries=30 op=xt_replace subj=u:r:netd:s0 comm="iptables-restor"
[    9.511734] libprocessgroup: Created cgroup /sys/fs/cgroup/system/uid_1002/pid_689
[    9.512614] type=1300 audit(1790634422.791:140): arch=c000003e syscall=54 success=yes exit=0 a0=4 a1=0 a2=40 a3=7cda992887b0 items=0 ppid=620 auid=4294967295 uid=0 gid=0 euid=0 suid=0 fsuid=0 egid=0 sgid=0 fsgid=0 tty=(none) ses=4294967295 comm="iptables-restor" exe="/system/bin/iptables" subj=u:r:netd:s0 key=(null)
[    9.515820] type=1327 audit(1790634422.791:140): proctitle=2F73797374656D2F62696E2F69707461626C65732D726573746F7265002D2D6E6F666C757368002D77002D76
[    9.515820] type=1327 audit(1790634422.791:140): proctitle=2F73797374656D2F62696E2F69707461626C65732D726573746F7265002D2D6E6F666C757368002D77002D76
[    9.518838] type=1320 audit(1790634422.791:140): 
[    9.518838] type=1320 audit(1790634422.791:140): 
[    9.521268] type=1325 audit(1790634422.791:141): table=filter family=2 entries=38 op=xt_replace subj=u:r:netd:s0 comm="iptables-restor"
[    9.521268] type=1325 audit(1790634422.791:141): table=filter family=2 entries=38 op=xt_replace subj=u:r:netd:s0 comm="iptables-restor"
[    9.522320] type=1300 audit(1790634422.791:141): arch=c000003e syscall=54 success=yes exit=0 a0=4 a1=0 a2=40 a3=7cda992887b0 items=0 ppid=620 auid=4294967295 uid=0 gid=0 euid=0 suid=0 fsuid=0 egid=0 sgid=0 fsgid=0 tty=(none) ses=4294967295 comm="iptables-restor" exe="/system/bin/iptables" subj=u:r:netd:s0 key=(null)
[    9.525190] init: ... started service 'bt_hci' has pid 689
[    9.525597] servicemanager: Caller(pid=685,uid=1083,sid=u:r:hal_uwb_default:s0) Found android.hardware.uwb.IUwb/default in device VINTF manifest.
[    9.527238] init: starting service 'bt_finder'...
[    9.522320] type=1300 audit(1790634422.791:141): arch=c000003e syscall=54 success=yes exit=0 a0=4 a1=0 a2=40 a3=7cda992887b0 items=0 ppid=620 auid=4294967295 uid=0 gid=0 euid=0 suid=0 fsuid=0 egid=0 sgid=0 fsgid=0 tty=(none) ses=4294967295 comm="iptables-restor" exe="/system/bin/iptables" subj=u:r:netd:s0 key=(null)
[    9.525190] init: ... started service 'bt_hci' has pid 689
[    9.525597] servicemanager: Caller(pid=685,uid=1083,sid=u:r:hal_uwb_default:s0) Found android.hardware.uwb.IUwb/default in device VINTF manifest.
[    9.527238] init: starting service 'bt_finder'...
[    9.533095] type=1327 audit(1790634422.791:141): proctitle=2F73797374656D2F62696E2F69707461626C65732D726573746F7265002D2D6E6F666C757368002D77002D76
[    9.533095] type=1327 audit(1790634422.791:141): proctitle=2F73797374656D2F62696E2F69707461626C65732D726573746F7265002D2D6E6F666C757368002D77002D76
[    9.534526] type=1320 audit(1790634422.791:141): 
[    9.534778] libprocessgroup: Created cgroup /sys/fs/cgroup/system/uid_1002/pid_695
[    9.535117] servicemanager: Caller(pid=688,uid=1010,sid=u:r:hal_wifi_default:s0) Found android.hardware.wifi.IWifi/default in device VINTF manifest.
[    9.534526] type=1320 audit(1790634422.791:141): 
[    9.534778] libprocessgroup: Created cgroup /sys/fs/cgroup/system/uid_1002/pid_695
[    9.535117] servicemanager: Caller(pid=688,uid=1010,sid=u:r:hal_wifi_default:s0) Found android.hardware.wifi.IWifi/default in device VINTF manifest.
[    9.536749] init: ... started service 'bt_finder' has pid 695
[    9.536804] servicemanager: Caller(pid=686,uid=9999,sid=u:r:hal_vibrator_default:s0) Found android.hardware.vibrator.IVibrator/default in device VINTF manifest.
[    9.537371] init: starting service 'bt_ranging'...
[    9.538488] type=1325 audit(1790634422.791:142): table=filter family=10 entries=38 op=xt_replace subj=u:r:netd:s0 comm="ip6tables-resto"
[    9.536749] init: ... started service 'bt_finder' has pid 695
[    9.536804] servicemanager: Caller(pid=686,uid=9999,sid=u:r:hal_vibrator_default:s0) Found android.hardware.vibrator.IVibrator/default in device VINTF manifest.
[    9.537371] init: starting service 'bt_ranging'...
[    9.538488] type=1325 audit(1790634422.791:142): table=filter family=10 entries=38 op=xt_replace subj=u:r:netd:s0 comm="ip6tables-resto"
[    9.539797] type=1300 audit(1790634422.791:142): arch=c000003e syscall=54 success=yes exit=0 a0=4 a1=29 a2=40 a3=7e5660866010 items=0 ppid=620 auid=4294967295 uid=0 gid=0 euid=0 suid=0 fsuid=0 egid=0 sgid=0 fsgid=0 tty=(none) ses=4294967295 comm="ip6tables-resto" exe="/system/bin/iptables" subj=u:r:netd:s0 key=(null)
[    9.540639] libprocessgroup: Created cgroup /sys/fs/cgroup/system/uid_1002/pid_697
[    9.542237] type=1327 audit(1790634422.791:142): proctitle=2F73797374656D2F62696E2F6970367461626C65732D726573746F7265002D2D6E6F666C757368002D77002D76
[    9.539797] type=1300 audit(1790634422.791:142): arch=c000003e syscall=54 success=yes exit=0 a0=4 a1=29 a2=40 a3=7e5660866010 items=0 ppid=620 auid=4294967295 uid=0 gid=0 euid=0 suid=0 fsuid=0 egid=0 sgid=0 fsgid=0 tty=(none) ses=4294967295 comm="ip6tables-resto" exe="/system/bin/iptables" subj=u:r:netd:s0 key=(null)
[    9.540639] libprocessgroup: Created cgroup /sys/fs/cgroup/system/uid_1002/pid_697
[    9.542237] type=1327 audit(1790634422.791:142): proctitle=2F73797374656D2F62696E2F6970367461626C65732D726573746F7265002D2D6E6F666C757368002D77002D76
[    9.543809] init: ... started service 'bt_ranging' has pid 697
[    9.544059] servicemanager: Caller(pid=686,uid=9999,sid=u:r:hal_vibrator_default:s0) Found android.hardware.vibrator.IVibratorManager/default in device VINTF manifest.
[    9.544506] init: starting service 'bt_lmp_event'...
[    9.543809] init: ... started service 'bt_ranging' has pid 697
[    9.544059] servicemanager: Caller(pid=686,uid=9999,sid=u:r:hal_vibrator_default:s0) Found android.hardware.vibrator.IVibratorManager/default in device VINTF manifest.
[    9.544506] init: starting service 'bt_lmp_event'...
[    9.546489] servicemanager: Caller(pid=689,uid=1002,sid=u:r:hal_bluetooth_default:s0) Found android.hardware.bluetooth.IBluetoothHci/default in device VINTF manifest.
[    9.546489] servicemanager: Caller(pid=689,uid=1002,sid=u:r:hal_bluetooth_default:s0) Found android.hardware.bluetooth.IBluetoothHci/default in device VINTF manifest.
[    9.547726] libprocessgroup: Created cgroup /sys/fs/cgroup/system/uid_1002/pid_700
[    9.547943] type=1320 audit(1790634422.791:142): 
[    9.547726] libprocessgroup: Created cgroup /sys/fs/cgroup/system/uid_1002/pid_700
[    9.547943] type=1320 audit(1790634422.791:142): 
[    9.548820] type=1325 audit(1790634422.791:143): table=filter family=2 entries=40 op=xt_replace subj=u:r:netd:s0 comm="iptables-restor"
[    9.548820] type=1325 audit(1790634422.791:143): table=filter family=2 entries=40 op=xt_replace subj=u:r:netd:s0 comm="iptables-restor"
[    9.549832] init: ... started service 'bt_lmp_event' has pid 700
[    9.549832] init: ... started service 'bt_lmp_event' has pid 700
[    9.549852] type=1300 audit(1790634422.791:143): arch=c000003e syscall=54 success=yes exit=0 a0=4 a1=0 a2=40 a3=7cdb9927e430 items=0 ppid=620 auid=4294967295 uid=0 gid=0 euid=0 suid=0 fsuid=0 egid=0 sgid=0 fsgid=0 tty=(none) ses=4294967295 comm="iptables-restor" exe="/system/bin/iptables" subj=u:r:netd:s0 key=(null)
[    9.549852] type=1300 audit(1790634422.791:143): arch=c000003e syscall=54 success=yes exit=0 a0=4 a1=0 a2=40 a3=7cdb9927e430 items=0 ppid=620 auid=4294967295 uid=0 gid=0 euid=0 suid=0 fsuid=0 egid=0 sgid=0 fsgid=0 tty=(none) ses=4294967295 comm="iptables-restor" exe="/system/bin/iptables" subj=u:r:netd:s0 key=(null)
[    9.552859] init: starting service 'bt_socket'...
[    9.552859] init: starting service 'bt_socket'...
[    9.554502] libprocessgroup: Created cgroup /sys/fs/cgroup/system/uid_1002/pid_701
[    9.554502] libprocessgroup: Created cgroup /sys/fs/cgroup/system/uid_1002/pid_701
[    9.555295] type=1327 audit(1790634422.791:143): proctitle=2F73797374656D2F62696E2F69707461626C65732D726573746F7265002D2D6E6F666C757368002D77002D76
[    9.555295] type=1327 audit(1790634422.791:143): proctitle=2F73797374656D2F62696E2F69707461626C65732D726573746F7265002D2D6E6F666C757368002D77002D76
[    9.556566] type=1320 audit(1790634422.791:143): 
[    9.556566] type=1320 audit(1790634422.791:143): 
[    9.557310] type=1325 audit(1790634422.791:144): table=raw family=2 entries=12 op=xt_replace subj=u:r:netd:s0 comm="iptables-restor"
[    9.557310] type=1325 audit(1790634422.791:144): table=raw family=2 entries=12 op=xt_replace subj=u:r:netd:s0 comm="iptables-restor"
[    9.558528] type=1300 audit(1790634422.791:144): arch=c000003e syscall=54 success=yes exit=0 a0=4 a1=0 a2=40 a3=7cda7927e840 items=0 ppid=620 auid=4294967295 uid=0 gid=0 euid=0 suid=0 fsuid=0 egid=0 sgid=0 fsgid=0 tty=(none) ses=4294967295 comm="iptables-restor" exe="/system/bin/iptables" subj=u:r:netd:s0 key=(null)
[    9.558528] type=1300 audit(1790634422.791:144): arch=c000003e syscall=54 success=yes exit=0 a0=4 a1=0 a2=40 a3=7cda7927e840 items=0 ppid=620 auid=4294967295 uid=0 gid=0 euid=0 suid=0 fsuid=0 egid=0 sgid=0 fsgid=0 tty=(none) ses=4294967295 comm="iptables-restor" exe="/system/bin/iptables" subj=u:r:netd:s0 key=(null)
[    9.560762] type=1327 audit(1790634422.791:144): proctitle=2F73797374656D2F62696E2F69707461626C65732D726573746F7265002D2D6E6F666C757368002D77002D76
[    9.560932] init: ... started service 'bt_socket' has pid 701
[    9.561762] type=1320 audit(1790634422.791:144): 
[    9.562433] init: starting service 'bt_socket_lpp'...
[    9.562958] type=1325 audit(1790634422.791:145): table=mangle family=2 entries=31 op=xt_replace subj=u:r:netd:s0 comm="iptables-restor"
[    9.560762] type=1327 audit(1790634422.791:144): proctitle=2F73797374656D2F62696E2F69707461626C65732D726573746F7265002D2D6E6F666C757368002D77002D76
[    9.560932] init: ... started service 'bt_socket' has pid 701
[    9.561762] type=1320 audit(1790634422.791:144): 
[    9.562433] init: starting service 'bt_socket_lpp'...
[    9.562958] type=1325 audit(1790634422.791:145): table=mangle family=2 entries=31 op=xt_replace subj=u:r:netd:s0 comm="iptables-restor"
[    9.564434] type=1300 audit(1790634422.791:145): arch=c000003e syscall=54 success=yes exit=0 a0=4 a1=0 a2=40 a3=7cda992887b0 items=0 ppid=620 auid=4294967295 uid=0 gid=0 euid=0 suid=0 fsuid=0 egid=0 sgid=0 fsgid=0 tty=(none) ses=4294967295 comm="iptables-restor" exe="/system/bin/iptables" subj=u:r:netd:s0 key=(null)
[    9.564434] type=1300 audit(1790634422.791:145): arch=c000003e syscall=54 success=yes exit=0 a0=4 a1=0 a2=40 a3=7cda992887b0 items=0 ppid=620 auid=4294967295 uid=0 gid=0 euid=0 suid=0 fsuid=0 egid=0 sgid=0 fsgid=0 tty=(none) ses=4294967295 comm="iptables-restor" exe="/system/bin/iptables" subj=u:r:netd:s0 key=(null)
[    9.566619] libprocessgroup: Created cgroup /sys/fs/cgroup/system/uid_1002/pid_702
[    9.567266] servicemanager: Caller(pid=697,uid=1002,sid=u:r:hal_bluetooth_btlinux:s0) Found android.hardware.bluetooth.ranging.IBluetoothChannelSounding/default in device VINTF manifest.
[    9.566619] libprocessgroup: Created cgroup /sys/fs/cgroup/system/uid_1002/pid_702
[    9.567266] servicemanager: Caller(pid=697,uid=1002,sid=u:r:hal_bluetooth_btlinux:s0) Found android.hardware.bluetooth.ranging.IBluetoothChannelSounding/default in device VINTF manifest.
[    9.568609] servicemanager: Caller(pid=695,uid=1002,sid=u:r:hal_bluetooth_btlinux:s0) Found android.hardware.bluetooth.finder.IBluetoothFinder/default in device VINTF manifest.
[    9.568609] servicemanager: Caller(pid=695,uid=1002,sid=u:r:hal_bluetooth_btlinux:s0) Found android.hardware.bluetooth.finder.IBluetoothFinder/default in device VINTF manifest.
[    9.570659] type=1327 audit(1790634422.791:145): proctitle=2F73797374656D2F62696E2F69707461626C65732D726573746F7265002D2D6E6F666C757368002D77002D76
[    9.570659] type=1327 audit(1790634422.791:145): proctitle=2F73797374656D2F62696E2F69707461626C65732D726573746F7265002D2D6E6F666C757368002D77002D76
[    9.573703] init: ... started service 'bt_socket_lpp' has pid 702
[    9.574022] servicemanager: Caller(pid=697,uid=1002,sid=u:r:hal_bluetooth_btlinux:s0) Found android.hardware.bluetooth.ranging.IBluetoothChannelSounding/default in device VINTF manifest.
[    9.574388] init: starting service 'bt_gatt_lpp'...
[    9.573703] init: ... started service 'bt_socket_lpp' has pid 702
[    9.574022] servicemanager: Caller(pid=697,uid=1002,sid=u:r:hal_bluetooth_btlinux:s0) Found android.hardware.bluetooth.ranging.IBluetoothChannelSounding/default in device VINTF manifest.
[    9.574388] init: starting service 'bt_gatt_lpp'...
[    9.576417] servicemanager: Caller(pid=695,uid=1002,sid=u:r:hal_bluetooth_btlinux:s0) Found android.hardware.bluetooth.finder.IBluetoothFinder/default in device VINTF manifest.
[    9.576417] servicemanager: Caller(pid=695,uid=1002,sid=u:r:hal_bluetooth_btlinux:s0) Found android.hardware.bluetooth.finder.IBluetoothFinder/default in device VINTF manifest.
[    9.577701] libprocessgroup: Created cgroup /sys/fs/cgroup/system/uid_1002/pid_703
[    9.577926] type=1320 audit(1790634422.791:145): 
[    9.577701] libprocessgroup: Created cgroup /sys/fs/cgroup/system/uid_1002/pid_703
[    9.577926] type=1320 audit(1790634422.791:145): 
[    9.578979] type=1325 audit(1790634422.791:146): table=filter family=10 entries=40 op=xt_replace subj=u:r:netd:s0 comm="ip6tables-resto"
[    9.578979] type=1325 audit(1790634422.791:146): table=filter family=10 entries=40 op=xt_replace subj=u:r:netd:s0 comm="ip6tables-resto"
[    9.580661] init: ... started service 'bt_gatt_lpp' has pid 703
[    9.580661] init: ... started service 'bt_gatt_lpp' has pid 703
[    9.581511] init: starting service 'vendor.graphics.allocator'...
[    9.581511] init: starting service 'vendor.graphics.allocator'...
[    9.582896] libprocessgroup: Created cgroup /sys/fs/cgroup/system/uid_1000/pid_704
[    9.582896] libprocessgroup: Created cgroup /sys/fs/cgroup/system/uid_1000/pid_704
[    9.584600] init: ... started service 'vendor.graphics.allocator' has pid 704
[    9.585051] servicemanager: Caller(pid=701,uid=1002,sid=u:r:hal_bluetooth_btlinux:s0) Found android.hardware.bluetooth.socket.IBluetoothSocket/default in device VINTF manifest.
[    9.584600] init: ... started service 'vendor.graphics.allocator' has pid 704
[    9.585051] servicemanager: Caller(pid=701,uid=1002,sid=u:r:hal_bluetooth_btlinux:s0) Found android.hardware.bluetooth.socket.IBluetoothSocket/default in device VINTF manifest.
[    9.587230] init: starting service 'vendor.health-cuttlefish'...
[    9.587230] init: starting service 'vendor.health-cuttlefish'...
[    9.589040] libprocessgroup: Created cgroup /sys/fs/cgroup/system/uid_1000/pid_705
[    9.589040] libprocessgroup: Created cgroup /sys/fs/cgroup/system/uid_1000/pid_705
[    9.592257] servicemanager: Caller(pid=700,uid=1002,sid=u:r:hal_bluetooth_btlinux:s0) Found android.hardware.bluetooth.lmp_event.IBluetoothLmpEvent/default in device VINTF manifest.
[    9.592257] servicemanager: Caller(pid=700,uid=1002,sid=u:r:hal_bluetooth_btlinux:s0) Found android.hardware.bluetooth.lmp_event.IBluetoothLmpEvent/default in device VINTF manifest.
[    9.593600] type=1300 audit(1790634422.791:146): arch=c000003e syscall=54 success=yes exit=0 a0=4 a1=29 a2=40 a3=7e5660866010 items=0 ppid=620 auid=4294967295 uid=0 gid=0 euid=0 suid=0 fsuid=0 egid=0 sgid=0 fsgid=0 tty=(none) ses=4294967295 comm="ip6tables-resto" exe="/system/bin/iptables" subj=u:r:netd:s0 key=(null)
[    9.593772] servicemanager: Caller(pid=702,uid=1002,sid=u:r:hal_bluetooth_lpp_default:s0) Found android.hardware.bluetooth.socket.IBluetoothSocket/lpp in device VINTF manifest.
[    9.596082] type=1327 audit(1790634422.791:146): proctitle=2F73797374656D2F62696E2F6970367461626C65732D726573746F7265002D2D6E6F666C757368002D77002D76
[    9.597362] servicemanager: Caller(pid=700,uid=1002,sid=u:r:hal_bluetooth_btlinux:s0) Found android.hardware.bluetooth.lmp_event.IBluetoothLmpEvent/default in device VINTF manifest.
[    9.593600] type=1300 audit(1790634422.791:146): arch=c000003e syscall=54 success=yes exit=0 a0=4 a1=29 a2=40 a3=7e5660866010 items=0 ppid=620 auid=4294967295 uid=0 gid=0 euid=0 suid=0 fsuid=0 egid=0 sgid=0 fsgid=0 tty=(none) ses=4294967295 comm="ip6tables-resto" exe="/system/bin/iptables" subj=u:r:netd:s0 key=(null)
[    9.593772] servicemanager: Caller(pid=702,uid=1002,sid=u:r:hal_bluetooth_lpp_default:s0) Found android.hardware.bluetooth.socket.IBluetoothSocket/lpp in device VINTF manifest.
[    9.596082] type=1327 audit(1790634422.791:146): proctitle=2F73797374656D2F62696E2F6970367461626C65732D726573746F7265002D2D6E6F666C757368002D77002D76
[    9.597362] servicemanager: Caller(pid=700,uid=1002,sid=u:r:hal_bluetooth_btlinux:s0) Found android.hardware.bluetooth.lmp_event.IBluetoothLmpEvent/default in device VINTF manifest.
[    9.602460] init: ... started service 'vendor.health-cuttlefish' has pid 705
[    9.602460] init: ... started service 'vendor.health-cuttlefish' has pid 705
[    9.603700] init: starting service 'vendor.identity-remote'...
[    9.603700] init: starting service 'vendor.identity-remote'...
[    9.605752] libprocessgroup: Created cgroup /sys/fs/cgroup/system/uid_9999/pid_706
[    9.605752] libprocessgroup: Created cgroup /sys/fs/cgroup/system/uid_9999/pid_706
[    9.606956] type=1320 audit(1790634422.791:146): 
[    9.606956] type=1320 audit(1790634422.791:146): 
[    9.607486] type=1325 audit(1790634422.791:147): table=raw family=10 entries=12 op=xt_replace subj=u:r:netd:s0 comm="ip6tables-resto"
[    9.607486] type=1325 audit(1790634422.791:147): table=raw family=10 entries=12 op=xt_replace subj=u:r:netd:s0 comm="ip6tables-resto"
[    9.608739] type=1300 audit(1790634422.791:147): arch=c000003e syscall=54 success=yes exit=0 a0=4 a1=29 a2=40 a3=7e570086f560 items=0 ppid=620 auid=4294967295 uid=0 gid=0 euid=0 suid=0 fsuid=0 egid=0 sgid=0 fsgid=0 tty=(none) ses=4294967295 comm="ip6tables-resto" exe="/system/bin/iptables" subj=u:r:netd:s0 key=(null)
[    9.608929] servicemanager: Caller(pid=703,uid=1002,sid=u:r:hal_bluetooth_lpp_default:s0) Found android.hardware.bluetooth.gatt.IBluetoothGatt/default in device VINTF manifest.
[    9.611411] init: ... started service 'vendor.identity-remote' has pid 706
[    9.612620] healthd: Failed to lookup glob /sys/devices/platform/*gcdd/system_dev_stat: -3
[    9.612985] init: starting service 'vendor.light-cuttlefish'...
[    9.613529] healthd: No battery devices found
[    9.608739] type=1300 audit(1790634422.791:147): arch=c000003e syscall=54 success=yes exit=0 a0=4 a1=29 a2=40 a3=7e570086f560 items=0 ppid=620 auid=4294967295 uid=0 gid=0 euid=0 suid=0 fsuid=0 egid=0 sgid=0 fsgid=0 tty=(none) ses=4294967295 comm="ip6tables-resto" exe="/system/bin/iptables" subj=u:r:netd:s0 key=(null)
[    9.608929] servicemanager: Caller(pid=703,uid=1002,sid=u:r:hal_bluetooth_lpp_default:s0) Found android.hardware.bluetooth.gatt.IBluetoothGatt/default in device VINTF manifest.
[    9.611411] init: ... started service 'vendor.identity-remote' has pid 706
[    9.612620] healthd: Failed to lookup glob /sys/devices/platform/*gcdd/system_dev_stat: -3
[    9.612985] init: starting service 'vendor.light-cuttlefish'...
[    9.613529] healthd: No battery devices found
[    9.615162] libprocessgroup: Created cgroup /sys/fs/cgroup/system/uid_9999/pid_707
[    9.615462] servicemanager: Caller(pid=705,uid=1000,sid=u:r:hal_health_default:s0) Found android.hardware.health.IHealth/default in device VINTF manifest.
[    9.616230] type=1327 audit(1790634422.791:147): proctitle=2F73797374656D2F62696E2F6970367461626C65732D726573746F7265002D2D6E6F666C757368002D77002D76
[    9.616985] HealthLoop: Successfully attached the BPF filter to the uevent socket
[    9.617933] type=1320 audit(1790634422.791:147): 
[    9.618576] healthd: battery none chg=
[    9.618911] type=1325 audit(1790634422.791:148): table=mangle family=10 entries=30 op=xt_replace subj=u:r:netd:s0 comm="ip6tables-resto"
[    9.615162] libprocessgroup: Created cgroup /sys/fs/cgroup/system/uid_9999/pid_707
[    9.615462] servicemanager: Caller(pid=705,uid=1000,sid=u:r:hal_health_default:s0) Found android.hardware.health.IHealth/default in device VINTF manifest.
[    9.616230] type=1327 audit(1790634422.791:147): proctitle=2F73797374656D2F62696E2F6970367461626C65732D726573746F7265002D2D6E6F666C757368002D77002D76
[    9.616985] HealthLoop: Successfully attached the BPF filter to the uevent socket
[    9.617933] type=1320 audit(1790634422.791:147): 
[    9.618576] healthd: battery none chg=
[    9.618911] type=1325 audit(1790634422.791:148): table=mangle family=10 entries=30 op=xt_replace subj=u:r:netd:s0 comm="ip6tables-resto"
[    9.620561] type=1300 audit(1790634422.791:148): arch=c000003e syscall=54 success=yes exit=0 a0=4 a1=29 a2=40 a3=7e560086f380 items=0 ppid=620 auid=4294967295 uid=0 gid=0 euid=0 suid=0 fsuid=0 egid=0 sgid=0 fsgid=0 tty=(none) ses=4294967295 comm="ip6tables-resto" exe="/system/bin/iptables" subj=u:r:netd:s0 key=(null)
[    9.620561] type=1300 audit(1790634422.791:148): arch=c000003e syscall=54 success=yes exit=0 a0=4 a1=29 a2=40 a3=7e560086f380 items=0 ppid=620 auid=4294967295 uid=0 gid=0 euid=0 suid=0 fsuid=0 egid=0 sgid=0 fsgid=0 tty=(none) ses=4294967295 comm="ip6tables-resto" exe="/system/bin/iptables" subj=u:r:netd:s0 key=(null)
[    9.623535] init: ... started service 'vendor.light-cuttlefish' has pid 707
[    9.623535] init: ... started service 'vendor.light-cuttlefish' has pid 707
[    9.624543] init: starting service 'nfc_hal_service'...
[    9.624543] init: starting service 'nfc_hal_service'...
[    9.625942] libprocessgroup: Created cgroup /sys/fs/cgroup/system/uid_1027
[    9.625942] libprocessgroup: Created cgroup /sys/fs/cgroup/system/uid_1027
[    9.627097] libprocessgroup: Created cgroup /sys/fs/cgroup/system/uid_1027/pid_708
[    9.627097] libprocessgroup: Created cgroup /sys/fs/cgroup/system/uid_1027/pid_708
[    9.628371] type=1327 audit(1790634422.791:148): proctitle=2F73797374656D2F62696E2F6970367461626C65732D726573746F7265002D2D6E6F666C757368002D77002D76
[    9.628371] type=1327 audit(1790634422.791:148): proctitle=2F73797374656D2F62696E2F6970367461626C65732D726573746F7265002D2D6E6F666C757368002D77002D76
[    9.629697] type=1320 audit(1790634422.791:148): 
[    9.629697] type=1320 audit(1790634422.791:148): 
[    9.630200] type=1325 audit(1790634422.791:149): table=filter family=2 entries=50 op=xt_replace subj=u:r:netd:s0 comm="iptables-restor"
[    9.630200] type=1325 audit(1790634422.791:149): table=filter family=2 entries=50 op=xt_replace subj=u:r:netd:s0 comm="iptables-restor"
[    9.631311] type=1300 audit(1790634422.791:149): arch=c000003e syscall=54 success=yes exit=0 a0=4 a1=0 a2=40 a3=7cdb492908c0 items=0 ppid=620 auid=4294967295 uid=0 gid=0 euid=0 suid=0 fsuid=0 egid=0 sgid=0 fsgid=0 tty=(none) ses=4294967295 comm="iptables-restor" exe="/system/bin/iptables" subj=u:r:netd:s0 key=(null)
[    9.631311] type=1300 audit(1790634422.791:149): arch=c000003e syscall=54 success=yes exit=0 a0=4 a1=0 a2=40 a3=7cdb492908c0 items=0 ppid=620 auid=4294967295 uid=0 gid=0 euid=0 suid=0 fsuid=0 egid=0 sgid=0 fsgid=0 tty=(none) ses=4294967295 comm="iptables-restor" exe="/system/bin/iptables" subj=u:r:netd:s0 key=(null)
[    9.635514] servicemanager: Caller(pid=707,uid=9999,sid=u:r:hal_light_cuttlefish:s0) Found android.hardware.light.ILights/default in device VINTF manifest.
[    9.635514] servicemanager: Caller(pid=707,uid=9999,sid=u:r:hal_light_cuttlefish:s0) Found android.hardware.light.ILights/default in device VINTF manifest.
[    9.636865] init: ... started service 'nfc_hal_service' has pid 708
[    9.636865] init: ... started service 'nfc_hal_service' has pid 708
[    9.637690] type=1327 audit(1790634422.791:149): proctitle=2F73797374656D2F62696E2F69707461626C65732D726573746F7265002D2D6E6F666C757368002D77002D76
[    9.637690] type=1327 audit(1790634422.791:149): proctitle=2F73797374656D2F62696E2F69707461626C65732D726573746F7265002D2D6E6F666C757368002D77002D76
[    9.639407] init: starting service 'vendor.oemlock_default'...
[    9.639407] init: starting service 'vendor.oemlock_default'...
[    9.641303] libprocessgroup: Created cgroup /sys/fs/cgroup/system/uid_1064/pid_710
[    9.641303] libprocessgroup: Created cgroup /sys/fs/cgroup/system/uid_1064/pid_710
[    9.642944] init: ... started service 'vendor.oemlock_default' has pid 710
[    9.642944] init: ... started service 'vendor.oemlock_default' has pid 710
[    9.643776] type=1320 audit(1790634422.791:149): 
[    9.643776] type=1320 audit(1790634422.791:149): 
[    9.644351] init: starting service 'vendor.camera-provider-2-7-google'...
[    9.644351] init: starting service 'vendor.camera-provider-2-7-google'...
[    9.646727] libprocessgroup: Created cgroup /sys/fs/cgroup/system/uid_1047
[    9.646727] libprocessgroup: Created cgroup /sys/fs/cgroup/system/uid_1047
[    9.647595] servicemanager: Caller(pid=706,uid=9999,sid=u:r:hal_identity_remote:s0) Found android.hardware.identity.IIdentityCredentialStore/default in device VINTF manifest.
[    9.647989] libprocessgroup: Created cgroup /sys/fs/cgroup/system/uid_1047/pid_712
[    9.647595] servicemanager: Caller(pid=706,uid=9999,sid=u:r:hal_identity_remote:s0) Found android.hardware.identity.IIdentityCredentialStore/default in device VINTF manifest.
[    9.647989] libprocessgroup: Created cgroup /sys/fs/cgroup/system/uid_1047/pid_712
[    9.649505] type=1325 audit(1790634422.791:150): table=filter family=10 entries=50 op=xt_replace subj=u:r:netd:s0 comm="ip6tables-resto"
[    9.649505] type=1325 audit(1790634422.791:150): table=filter family=10 entries=50 op=xt_replace subj=u:r:netd:s0 comm="ip6tables-resto"
[    9.650494] type=1300 audit(1790634422.791:150): arch=c000003e syscall=54 success=yes exit=0 a0=4 a1=29 a2=40 a3=7e564086af30 items=0 ppid=620 auid=4294967295 uid=0 gid=0 euid=0 suid=0 fsuid=0 egid=0 sgid=0 fsgid=0 tty=(none) ses=4294967295 comm="ip6tables-resto" exe="/system/bin/iptables" subj=u:r:netd:s0 key=(null)
[    9.650494] type=1300 audit(1790634422.791:150): arch=c000003e syscall=54 success=yes exit=0 a0=4 a1=29 a2=40 a3=7e564086af30 items=0 ppid=620 auid=4294967295 uid=0 gid=0 euid=0 suid=0 fsuid=0 egid=0 sgid=0 fsgid=0 tty=(none) ses=4294967295 comm="ip6tables-resto" exe="/system/bin/iptables" subj=u:r:netd:s0 key=(null)
[    9.652763] type=1327 audit(1790634422.791:150): proctitle=2F73797374656D2F62696E2F6970367461626C65732D726573746F7265002D2D6E6F666C757368002D77002D76
[    9.652763] type=1327 audit(1790634422.791:150): proctitle=2F73797374656D2F62696E2F6970367461626C65732D726573746F7265002D2D6E6F666C757368002D77002D76
[    9.654021] type=1320 audit(1790634422.791:150): 
[    9.654021] type=1320 audit(1790634422.791:150): 
[    9.654480] type=1325 audit(1790634422.791:151): table=filter family=2 entries=58 op=xt_replace subj=u:r:netd:s0 comm="iptables-restor"
[    9.654623] cutils-trace: Error opening trace file: No such file or directory (2)
[    9.655397] type=1300 audit(1790634422.791:151): arch=c000003e syscall=54 success=yes exit=0 a0=4 a1=0 a2=40 a3=7cdbc9288030 items=0 ppid=620 auid=4294967295 uid=0 gid=0 euid=0 suid=0 fsuid=0 egid=0 sgid=0 fsgid=0 tty=(none) ses=4294967295 comm="iptables-restor" exe="/system/bin/iptables" subj=u:r:netd:s0 key=(null)
[    9.654480] type=1325 audit(1790634422.791:151): table=filter family=2 entries=58 op=xt_replace subj=u:r:netd:s0 comm="iptables-restor"
[    9.654623] cutils-trace: Error opening trace file: No such file or directory (2)
[    9.655397] type=1300 audit(1790634422.791:151): arch=c000003e syscall=54 success=yes exit=0 a0=4 a1=0 a2=40 a3=7cdbc9288030 items=0 ppid=620 auid=4294967295 uid=0 gid=0 euid=0 suid=0 fsuid=0 egid=0 sgid=0 fsgid=0 tty=(none) ses=4294967295 comm="iptables-restor" exe="/system/bin/iptables" subj=u:r:netd:s0 key=(null)
[    9.658124] servicemanager: Caller(pid=708,uid=1027,sid=u:r:hal_nfc_default:s0) Found android.hardware.nfc.INfc/default in device VINTF manifest.
[    9.658379] type=1327 audit(1790634422.791:151): proctitle=2F73797374656D2F62696E2F69707461626C65732D726573746F7265002D2D6E6F666C757368002D77002D76
[    9.659560] servicemanager: Caller(pid=710,uid=1064,sid=u:r:hal_oemlock_remote:s0) Found android.hardware.oemlock.IOemLock/default in device VINTF manifest.
[    9.660244] type=1320 audit(1790634422.791:151): 
[    9.658124] servicemanager: Caller(pid=708,uid=1027,sid=u:r:hal_nfc_default:s0) Found android.hardware.nfc.INfc/default in device VINTF manifest.
[    9.661643] libbinder.BackendUnifiedServiceManager: Thread Pool max thread count is 0. Cannot cache binder as linkToDeath cannot be implemented. serviceName: android.hardware.oemlock.IOemLock/default
[    9.662240] type=1325 audit(1790634422.795:152): table=filter family=10 entries=58 op=xt_replace subj=u:r:netd:s0 comm="ip6tables-resto"
[    9.658379] type=1327 audit(1790634422.791:151): proctitle=2F73797374656D2F62696E2F69707461626C65732D726573746F7265002D2D6E6F666C757368002D77002D76
[    9.659560] servicemanager: Caller(pid=710,uid=1064,sid=u:r:hal_oemlock_remote:s0) Found android.hardware.oemlock.IOemLock/default in device VINTF manifest.
[    9.660244] type=1320 audit(1790634422.791:151): 
[    9.661643] libbinder.BackendUnifiedServiceManager: Thread Pool max thread count is 0. Cannot cache binder as linkToDeath cannot be implemented. serviceName: android.hardware.oemlock.IOemLock/default
[    9.662240] type=1325 audit(1790634422.795:152): table=filter family=10 entries=58 op=xt_replace subj=u:r:netd:s0 comm="ip6tables-resto"
[    9.664330] init: ... started service 'vendor.camera-provider-2-7-google' has pid 712
[    9.664338] type=1300 audit(1790634422.795:152): arch=c000003e syscall=54 success=yes exit=0 a0=4 a1=29 a2=40 a3=7e5680876e40 items=0 ppid=620 auid=4294967295 uid=0 gid=0 euid=0 suid=0 fsuid=0 egid=0 sgid=0 fsgid=0 tty=(none) ses=4294967295 comm="ip6tables-resto" exe="/system/bin/iptables" subj=u:r:netd:s0 key=(null)
[    9.664937] init: Command 'class_start hal' action=boot (/system/etc/init/hw/init.rc:1219) took 484ms and succeeded
[    9.666966] type=1327 audit(1790634422.795:152): proctitle=2F73797374656D2F62696E2F6970367461626C65732D726573746F7265002D2D6E6F666C757368002D77002D76
[    9.667866] init: Service 'exec 13 (/system/bin/kcmdlinectrl update-props)' (pid 631) exited with status 0 oneshot service took 0.498000 seconds in background
[    9.668802] type=1320 audit(1790634422.795:152): 
[    9.670026] init: Sending SIGKILL to service 'exec 13 (/system/bin/kcmdlinectrl update-props)' (pid 631) process group...
[    9.670441] type=1325 audit(1790634422.795:153): table=mangle family=2 entries=31 op=xt_replace subj=u:r:netd:s0 comm="iptables-restor"
[    9.671632] libprocessgroup: Removed cgroup /sys/fs/cgroup/system/uid_0/pid_631
[    9.672436] type=1300 audit(1790634422.795:153): arch=c000003e syscall=54 success=yes exit=0 a0=4 a1=0 a2=40 a3=7cda992887b0 items=0 ppid=620 auid=4294967295 uid=0 gid=0 euid=0 suid=0 fsuid=0 egid=0 sgid=0 fsgid=0 tty=(none) ses=4294967295 comm="iptables-restor" exe="/system/bin/iptables" subj=u:r:netd:s0 key=(null)
[    9.673138] init: Service 'hidl_memory' (pid 638) exited with status 0
[    9.675468] type=1327 audit(1790634422.795:153): proctitle=2F73797374656D2F62696E2F69707461626C65732D726573746F7265002D2D6E6F666C757368002D77002D76
[    9.675984] init: Sending SIGKILL to service 'hidl_memory' (pid 638) process group...
[    9.676950] type=1320 audit(1790634422.795:153): 
[    9.677771] libprocessgroup: Removed cgroup /sys/fs/cgroup/system/uid_1000/pid_638
[    9.678006] type=1325 audit(1790634422.795:154): table=mangle family=10 entries=30 op=xt_replace subj=u:r:netd:s0 comm="ip6tables-resto"
[    9.664330] init: ... started service 'vendor.camera-provider-2-7-google' has pid 712
[    9.664338] type=1300 audit(1790634422.795:152): arch=c000003e syscall=54 success=yes exit=0 a0=4 a1=29 a2=40 a3=7e5680876e40 items=0 ppid=620 auid=4294967295 uid=0 gid=0 euid=0 suid=0 fsuid=0 egid=0 sgid=0 fsgid=0 tty=(none) ses=4294967295 comm="ip6tables-resto" exe="/system/bin/iptables" subj=u:r:netd:s0 key=(null)
[    9.664937] init: Command 'class_start hal' action=boot (/system/etc/init/hw/init.rc:1219) took 484ms and succeeded
[    9.666966] type=1327 audit(1790634422.795:152): proctitle=2F73797374656D2F62696E2F6970367461626C65732D726573746F7265002D2D6E6F666C757368002D77002D76
[    9.667866] init: Service 'exec 13 (/system/bin/kcmdlinectrl update-props)' (pid 631) exited with status 0 oneshot service took 0.498000 seconds in background
[    9.668802] type=1320 audit(1790634422.795:152): 
[    9.670026] init: Sending SIGKILL to service 'exec 13 (/system/bin/kcmdlinectrl update-props)' (pid 631) process group...
[    9.670441] type=1325 audit(1790634422.795:153): table=mangle family=2 entries=31 op=xt_replace subj=u:r:netd:s0 comm="iptables-restor"
[    9.671632] libprocessgroup: Removed cgroup /sys/fs/cgroup/system/uid_0/pid_631
[    9.672436] type=1300 audit(1790634422.795:153): arch=c000003e syscall=54 success=yes exit=0 a0=4 a1=0 a2=40 a3=7cda992887b0 items=0 ppid=620 auid=4294967295 uid=0 gid=0 euid=0 suid=0 fsuid=0 egid=0 sgid=0 fsgid=0 tty=(none) ses=4294967295 comm="iptables-restor" exe="/system/bin/iptables" subj=u:r:netd:s0 key=(null)
[    9.673138] init: Service 'hidl_memory' (pid 638) exited with status 0
[    9.675468] type=1327 audit(1790634422.795:153): proctitle=2F73797374656D2F62696E2F69707461626C65732D726573746F7265002D2D6E6F666C757368002D77002D76
[    9.675984] init: Sending SIGKILL to service 'hidl_memory' (pid 638) process group...
[    9.676950] type=1320 audit(1790634422.795:153): 
[    9.677771] libprocessgroup: Removed cgroup /sys/fs/cgroup/system/uid_1000/pid_638
[    9.680678] init: Service 'vendor.graphics.allocator' (pid 704) exited with status 1
[    9.681311] type=1300 audit(1790634422.795:154): arch=c000003e syscall=54 success=yes exit=0 a0=4 a1=29 a2=40 a3=7e560086f380 items=0 ppid=620 auid=4294967295 uid=0 gid=0 euid=0 suid=0 fsuid=0 egid=0 sgid=0 fsgid=0 tty=(none) ses=4294967295 comm="ip6tables-resto" exe="/system/bin/iptables" subj=u:r:netd:s0 key=(null)
[    9.681599] init: Sending SIGKILL to service 'vendor.graphics.allocator' (pid 704) process group...
[    9.683983] type=1327 audit(1790634422.795:154): proctitle=2F73797374656D2F62696E2F6970367461626C65732D726573746F7265002D2D6E6F666C757368002D77002D76
[    9.684851] libprocessgroup: Removed cgroup /sys/fs/cgroup/system/uid_1000/pid_704
[    9.685887] type=1320 audit(1790634422.795:154): 
[    9.686868] init: starting service 'surfaceflinger'...
[    9.687006] type=1325 audit(1790634422.795:155): table=filter family=2 entries=70 op=xt_replace subj=u:r:netd:s0 comm="iptables-restor"
[    9.678006] type=1325 audit(1790634422.795:154): table=mangle family=10 entries=30 op=xt_replace subj=u:r:netd:s0 comm="ip6tables-resto"
[    9.680678] init: Service 'vendor.graphics.allocator' (pid 704) exited with status 1
[    9.681311] type=1300 audit(1790634422.795:154): arch=c000003e syscall=54 success=yes exit=0 a0=4 a1=29 a2=40 a3=7e560086f380 items=0 ppid=620 auid=4294967295 uid=0 gid=0 euid=0 suid=0 fsuid=0 egid=0 sgid=0 fsgid=0 tty=(none) ses=4294967295 comm="ip6tables-resto" exe="/system/bin/iptables" subj=u:r:netd:s0 key=(null)
[    9.681599] init: Sending SIGKILL to service 'vendor.graphics.allocator' (pid 704) process group...
[    9.683983] type=1327 audit(1790634422.795:154): proctitle=2F73797374656D2F62696E2F6970367461626C65732D726573746F7265002D2D6E6F666C757368002D77002D76
[    9.684851] libprocessgroup: Removed cgroup /sys/fs/cgroup/system/uid_1000/pid_704
[    9.685887] type=1320 audit(1790634422.795:154): 
[    9.686868] init: starting service 'surfaceflinger'...
[    9.687006] type=1325 audit(1790634422.795:155): table=filter family=2 entries=70 op=xt_replace subj=u:r:netd:s0 comm="iptables-restor"
[    9.689296] type=1300 audit(1790634422.795:155): arch=c000003e syscall=54 success=yes exit=0 a0=4 a1=0 a2=40 a3=7cdbc928c840 items=0 ppid=620 auid=4294967295 uid=0 gid=0 euid=0 suid=0 fsuid=0 egid=0 sgid=0 fsgid=0 tty=(none) ses=4294967295 comm="iptables-restor" exe="/system/bin/iptables" subj=u:r:netd:s0 key=(null)
[    9.689518] libprocessgroup: Created cgroup /sys/fs/cgroup/system/uid_1000/pid_718
[    9.691642] type=1327 audit(1790634422.795:155): proctitle=2F73797374656D2F62696E2F69707461626C65732D726573746F7265002D2D6E6F666C757368002D77002D76
[    9.689296] type=1300 audit(1790634422.795:155): arch=c000003e syscall=54 success=yes exit=0 a0=4 a1=0 a2=40 a3=7cdbc928c840 items=0 ppid=620 auid=4294967295 uid=0 gid=0 euid=0 suid=0 fsuid=0 egid=0 sgid=0 fsgid=0 tty=(none) ses=4294967295 comm="iptables-restor" exe="/system/bin/iptables" subj=u:r:netd:s0 key=(null)
[    9.689518] libprocessgroup: Created cgroup /sys/fs/cgroup/system/uid_1000/pid_718
[    9.691642] type=1327 audit(1790634422.795:155): proctitle=2F73797374656D2F62696E2F69707461626C65732D726573746F7265002D2D6E6F666C757368002D77002D76
[    9.693598] init: ... started service 'surfaceflinger' has pid 718
[    9.694133] type=1320 audit(1790634422.795:155): 
[    9.694458] init: service 'ueventd' requested start, but it is already running (flags: 2084, pid: 131, started 8397ms ago)
[    9.693598] init: ... started service 'surfaceflinger' has pid 718
[    9.694133] type=1320 audit(1790634422.795:155): 
[    9.694458] init: service 'ueventd' requested start, but it is already running (flags: 2084, pid: 131, started 8397ms ago)
[    9.695722] init: service 'apexd' requested start, but it is already running (flags: 134, pid: 498, started 1970ms ago)
[    9.696543] type=1325 audit(1790634422.795:156): table=raw family=2 entries=12 op=xt_replace subj=u:r:netd:s0 comm="iptables-restor"
[    9.696934] init: starting service 'audioserver'...
[    9.697785] type=1300 audit(1790634422.795:156): arch=c000003e syscall=54 success=yes exit=0 a0=4 a1=0 a2=40 a3=7cda7927e840 items=0 ppid=620 auid=4294967295 uid=0 gid=0 euid=0 suid=0 fsuid=0 egid=0 sgid=0 fsgid=0 tty=(none) ses=4294967295 comm="iptables-restor" exe="/system/bin/iptables" subj=u:r:netd:s0 key=(null)
[    9.695722] init: service 'apexd' requested start, but it is already running (flags: 134, pid: 498, started 1970ms ago)
[    9.700593] libprocessgroup: Created cgroup /sys/fs/cgroup/system/uid_1041/pid_719
[    9.696543] type=1325 audit(1790634422.795:156): table=raw family=2 entries=12 op=xt_replace subj=u:r:netd:s0 comm="iptables-restor"
[    9.696934] init: starting service 'audioserver'...
[    9.697785] type=1300 audit(1790634422.795:156): arch=c000003e syscall=54 success=yes exit=0 a0=4 a1=0 a2=40 a3=7cda7927e840 items=0 ppid=620 auid=4294967295 uid=0 gid=0 euid=0 suid=0 fsuid=0 egid=0 sgid=0 fsgid=0 tty=(none) ses=4294967295 comm="iptables-restor" exe="/system/bin/iptables" subj=u:r:netd:s0 key=(null)
[    9.700593] libprocessgroup: Created cgroup /sys/fs/cgroup/system/uid_1041/pid_719
[    9.701651] type=1327 audit(1790634422.795:156): proctitle=2F73797374656D2F62696E2F69707461626C65732D726573746F7265002D2D6E6F666C757368002D77002D76
[    9.702295] init: ... started service 'audioserver' has pid 719
[    9.701651] type=1327 audit(1790634422.795:156): proctitle=2F73797374656D2F62696E2F69707461626C65732D726573746F7265002D2D6E6F666C757368002D77002D76
[    9.702295] init: ... started service 'audioserver' has pid 719
[    9.703960] init: starting service 'credstore'...
[    9.703960] init: starting service 'credstore'...
[    9.707196] libprocessgroup: Created cgroup /sys/fs/cgroup/system/uid_1076
[    9.707445] type=1320 audit(1790634422.795:156): 
[    9.707196] libprocessgroup: Created cgroup /sys/fs/cgroup/system/uid_1076
[    9.707445] type=1320 audit(1790634422.795:156): 
[    9.708547] libprocessgroup: Created cgroup /sys/fs/cgroup/system/uid_1076/pid_720
[    9.708547] libprocessgroup: Created cgroup /sys/fs/cgroup/system/uid_1076/pid_720
[    9.709335] type=1325 audit(1790634422.795:157): table=mangle family=2 entries=33 op=xt_replace subj=u:r:netd:s0 comm="iptables-restor"
[    9.709335] type=1325 audit(1790634422.795:157): table=mangle family=2 entries=33 op=xt_replace subj=u:r:netd:s0 comm="iptables-restor"
[    9.710546] init: ... started service 'credstore' has pid 720
[    9.710546] init: ... started service 'credstore' has pid 720
[    9.711260] init: starting service 'gpu'...
[    9.711260] init: starting service 'gpu'...
[    9.713902] libprocessgroup: Created cgroup /sys/fs/cgroup/system/uid_1072
[    9.713902] libprocessgroup: Created cgroup /sys/fs/cgroup/system/uid_1072
[    9.715333] libprocessgroup: Created cgroup /sys/fs/cgroup/system/uid_1072/pid_721
[    9.715333] libprocessgroup: Created cgroup /sys/fs/cgroup/system/uid_1072/pid_721
[    9.721607] init: ... started service 'gpu' has pid 721
[    9.721607] init: ... started service 'gpu' has pid 721
[    9.722290] init: service 'lmkd' requested start, but it is already running (flags: 36, pid: 428, started 2783ms ago)
[    9.722290] init: service 'lmkd' requested start, but it is already running (flags: 36, pid: 428, started 2783ms ago)
[    9.725201] init: starting service 'misctrl'...
[    9.725201] init: starting service 'misctrl'...
[    9.729238] type=1300 audit(1790634422.795:157): arch=c000003e syscall=54 success=yes exit=0 a0=4 a1=0 a2=40 a3=7cda992887b0 items=0 ppid=620 auid=4294967295 uid=0 gid=0 euid=0 suid=0 fsuid=0 egid=0 sgid=0 fsgid=0 tty=(none) ses=4294967295 comm="iptables-restor" exe="/system/bin/iptables" subj=u:r:netd:s0 key=(null)
[    9.729458] libprocessgroup: Created cgroup /sys/fs/cgroup/system/uid_0/pid_722
[    9.731334] type=1327 audit(1790634422.795:157): proctitle=2F73797374656D2F62696E2F69707461626C65732D726573746F7265002D2D6E6F666C757368002D77002D76
[    9.729238] type=1300 audit(1790634422.795:157): arch=c000003e syscall=54 success=yes exit=0 a0=4 a1=0 a2=40 a3=7cda992887b0 items=0 ppid=620 auid=4294967295 uid=0 gid=0 euid=0 suid=0 fsuid=0 egid=0 sgid=0 fsgid=0 tty=(none) ses=4294967295 comm="iptables-restor" exe="/system/bin/iptables" subj=u:r:netd:s0 key=(null)
[    9.729458] libprocessgroup: Created cgroup /sys/fs/cgroup/system/uid_0/pid_722
[    9.731334] type=1327 audit(1790634422.795:157): proctitle=2F73797374656D2F62696E2F69707461626C65732D726573746F7265002D2D6E6F666C757368002D77002D76
[    9.733651] type=1320 audit(1790634422.795:157): 
[    9.733651] type=1320 audit(1790634422.795:157): 
[    9.735134] type=1325 audit(1790634422.795:158): table=filter family=10 entries=70 op=xt_replace subj=u:r:netd:s0 comm="ip6tables-resto"
[    9.735134] type=1325 audit(1790634422.795:158): table=filter family=10 entries=70 op=xt_replace subj=u:r:netd:s0 comm="ip6tables-resto"
[    9.737421] init: ... started service 'misctrl' has pid 722
[    9.737421] init: ... started service 'misctrl' has pid 722
[    9.738044] init: service 'servicemanager' requested start, but it is already running (flags: 2084, pid: 429, started 2795ms ago)
[    9.738044] init: service 'servicemanager' requested start, but it is already running (flags: 2084, pid: 429, started 2795ms ago)
[    9.739084] init: service 'surfaceflinger' requested start, but it is already running (flags: 4, pid: 718, started 49ms ago)
[    9.739084] init: service 'surfaceflinger' requested start, but it is already running (flags: 4, pid: 718, started 49ms ago)
[    9.740132] init: service 'vold' requested start, but it is already running (flags: 2052, pid: 444, started 2722ms ago)
[    9.740132] init: service 'vold' requested start, but it is already running (flags: 2052, pid: 444, started 2722ms ago)
[    9.743880] type=1300 audit(1790634422.795:158): arch=c000003e syscall=54 success=yes exit=0 a0=4 a1=29 a2=40 a3=7e5680871430 items=0 ppid=620 auid=4294967295 uid=0 gid=0 euid=0 suid=0 fsuid=0 egid=0 sgid=0 fsgid=0 tty=(none) ses=4294967295 comm="ip6tables-resto" exe="/system/bin/iptables" subj=u:r:netd:s0 key=(null)
[    9.745266] init: processing action (ro.debuggable=1 && boot) from (/system/etc/init/hw/init.rc:1223)
[    9.743880] type=1300 audit(1790634422.795:158): arch=c000003e syscall=54 success=yes exit=0 a0=4 a1=29 a2=40 a3=7e5680871430 items=0 ppid=620 auid=4294967295 uid=0 gid=0 euid=0 suid=0 fsuid=0 egid=0 sgid=0 fsgid=0 tty=(none) ses=4294967295 comm="ip6tables-resto" exe="/system/bin/iptables" subj=u:r:netd:s0 key=(null)
[    9.745266] init: processing action (ro.debuggable=1 && boot) from (/system/etc/init/hw/init.rc:1223)
[    9.749231] type=1327 audit(1790634422.795:158): proctitle=2F73797374656D2F62696E2F6970367461626C65732D726573746F7265002D2D6E6F666C757368002D77002D76
[    9.749897] init: processing action (persist.sys.usb.config=* && boot) from (/system/etc/init/hw/init.usb.rc:104)
[    9.749231] type=1327 audit(1790634422.795:158): proctitle=2F73797374656D2F62696E2F6970367461626C65732D726573746F7265002D2D6E6F666C757368002D77002D76
[    9.749897] init: processing action (persist.sys.usb.config=* && boot) from (/system/etc/init/hw/init.usb.rc:104)
[    9.753844] type=1320 audit(1790634422.795:158): 
[    9.753844] type=1320 audit(1790634422.795:158): 
[    9.754300] type=1325 audit(1790634422.795:159): table=raw family=10 entries=12 op=xt_replace subj=u:r:netd:s0 comm="ip6tables-resto"
[    9.754300] type=1325 audit(1790634422.795:159): table=raw family=10 entries=12 op=xt_replace subj=u:r:netd:s0 comm="ip6tables-resto"
[    9.755264] type=1300 audit(1790634422.795:159): arch=c000003e syscall=54 success=yes exit=0 a0=4 a1=29 a2=40 a3=7e570086f560 items=0 ppid=620 auid=4294967295 uid=0 gid=0 euid=0 suid=0 fsuid=0 egid=0 sgid=0 fsgid=0 tty=(none) ses=4294967295 comm="ip6tables-resto" exe="/system/bin/iptables" subj=u:r:netd:s0 key=(null)
[    9.757132] init: processing action (boot) from (/system/etc/init/dumpstate.rc:1)
[    9.755264] type=1300 audit(1790634422.795:159): arch=c000003e syscall=54 success=yes exit=0 a0=4 a1=29 a2=40 a3=7e570086f560 items=0 ppid=620 auid=4294967295 uid=0 gid=0 euid=0 suid=0 fsuid=0 egid=0 sgid=0 fsgid=0 tty=(none) ses=4294967295 comm="ip6tables-resto" exe="/system/bin/iptables" subj=u:r:netd:s0 key=(null)
[    9.757132] init: processing action (boot) from (/system/etc/init/dumpstate.rc:1)
[    9.758245] init: processing action (boot) from (/system/etc/init/gsid.rc:25)
[    9.758245] init: processing action (boot) from (/system/etc/init/gsid.rc:25)
[    9.759060] init: starting service 'exec 14 (/system/bin/gsid run-startup-tasks)'...
[    9.759060] init: starting service 'exec 14 (/system/bin/gsid run-startup-tasks)'...
[    9.768242] type=1327 audit(1790634422.795:159): proctitle=2F73797374656D2F62696E2F6970367461626C65732D726573746F7265002D2D6E6F666C757368002D77002D76
[    9.768242] type=1327 audit(1790634422.795:159): proctitle=2F73797374656D2F62696E2F6970367461626C65732D726573746F7265002D2D6E6F666C757368002D77002D76
[    9.769501] type=1320 audit(1790634422.795:159): 
[    9.769501] type=1320 audit(1790634422.795:159): 
[    9.769913] type=1325 audit(1790634422.795:160): table=mangle family=10 entries=32 op=xt_replace subj=u:r:netd:s0 comm="ip6tables-resto"
[    9.769913] type=1325 audit(1790634422.795:160): table=mangle family=10 entries=32 op=xt_replace subj=u:r:netd:s0 comm="ip6tables-resto"
[    9.770917] type=1300 audit(1790634422.795:160): arch=c000003e syscall=54 success=yes exit=0 a0=4 a1=29 a2=40 a3=7e560086f380 items=0 ppid=620 auid=4294967295 uid=0 gid=0 euid=0 suid=0 fsuid=0 egid=0 sgid=0 fsgid=0 tty=(none) ses=4294967295 comm="ip6tables-resto" exe="/system/bin/iptables" subj=u:r:netd:s0 key=(null)
[    9.770917] type=1300 audit(1790634422.795:160): arch=c000003e syscall=54 success=yes exit=0 a0=4 a1=29 a2=40 a3=7e560086f380 items=0 ppid=620 auid=4294967295 uid=0 gid=0 euid=0 suid=0 fsuid=0 egid=0 sgid=0 fsgid=0 tty=(none) ses=4294967295 comm="ip6tables-resto" exe="/system/bin/iptables" subj=u:r:netd:s0 key=(null)
[    9.774908] type=1327 audit(1790634422.795:160): proctitle=2F73797374656D2F62696E2F6970367461626C65732D726573746F7265002D2D6E6F666C757368002D77002D76
[    9.774908] type=1327 audit(1790634422.795:160): proctitle=2F73797374656D2F62696E2F6970367461626C65732D726573746F7265002D2D6E6F666C757368002D77002D76
[    9.778275] libprocessgroup: Created cgroup /sys/fs/cgroup/system/uid_0/pid_726
[    9.778275] libprocessgroup: Created cgroup /sys/fs/cgroup/system/uid_0/pid_726
[    9.779701] type=1320 audit(1790634422.795:160): 
[    9.779701] type=1320 audit(1790634422.795:160): 
[    9.780280] type=1325 audit(1790634422.795:161): table=filter family=2 entries=70 op=xt_replace subj=u:r:netd:s0 comm="iptables-restor"
[    9.780280] type=1325 audit(1790634422.795:161): table=filter family=2 entries=70 op=xt_replace subj=u:r:netd:s0 comm="iptables-restor"
[    9.785110] type=1300 audit(1790634422.795:161): arch=c000003e syscall=54 success=yes exit=0 a0=4 a1=0 a2=40 a3=7cdbe928ca20 items=0 ppid=620 auid=4294967295 uid=0 gid=0 euid=0 suid=0 fsuid=0 egid=0 sgid=0 fsgid=0 tty=(none) ses=4294967295 comm="iptables-restor" exe="/system/bin/iptables" subj=u:r:netd:s0 key=(null)
[    9.785231] init: ... started service 'exec 14 (/system/bin/gsid run-startup-tasks)' has pid 726
[    9.785110] type=1300 audit(1790634422.795:161): arch=c000003e syscall=54 success=yes exit=0 a0=4 a1=0 a2=40 a3=7cdbe928ca20 items=0 ppid=620 auid=4294967295 uid=0 gid=0 euid=0 suid=0 fsuid=0 egid=0 sgid=0 fsgid=0 tty=(none) ses=4294967295 comm="iptables-restor" exe="/system/bin/iptables" subj=u:r:netd:s0 key=(null)
[    9.785231] init: ... started service 'exec 14 (/system/bin/gsid run-startup-tasks)' has pid 726
[    9.788763] type=1327 audit(1790634422.795:161): proctitle=2F73797374656D2F62696E2F69707461626C65732D726573746F7265002D2D6E6F666C757368002D77002D76
[    9.788763] type=1327 audit(1790634422.795:161): proctitle=2F73797374656D2F62696E2F69707461626C65732D726573746F7265002D2D6E6F666C757368002D77002D76
[    9.790139] type=1320 audit(1790634422.795:161): 
[    9.790139] type=1320 audit(1790634422.795:161): 
[    9.790693] type=1325 audit(1790634422.795:162): table=raw family=2 entries=12 op=xt_replace subj=u:r:netd:s0 comm="iptables-restor"
[    9.790693] type=1325 audit(1790634422.795:162): table=raw family=2 entries=12 op=xt_replace subj=u:r:netd:s0 comm="iptables-restor"
[    9.793668] init: Service 'misctrl' (pid 722) exited with status 1 oneshot service took 0.063000 seconds in background
[    9.793668] init: Service 'misctrl' (pid 722) exited with status 1 oneshot service took 0.063000 seconds in background
[    9.797148] type=1300 audit(1790634422.795:162): arch=c000003e syscall=54 success=yes exit=0 a0=4 a1=0 a2=40 a3=7cda49288020 items=0 ppid=620 auid=4294967295 uid=0 gid=0 euid=0 suid=0 fsuid=0 egid=0 sgid=0 fsgid=0 tty=(none) ses=4294967295 comm="iptables-restor" exe="/system/bin/iptables" subj=u:r:netd:s0 key=(null)
[    9.798623] init: Sending SIGKILL to service 'misctrl' (pid 722) process group...
[    9.799522] type=1327 audit(1790634422.795:162): proctitle=2F73797374656D2F62696E2F69707461626C65732D726573746F7265002D2D6E6F666C757368002D77002D76
[    9.797148] type=1300 audit(1790634422.795:162): arch=c000003e syscall=54 success=yes exit=0 a0=4 a1=0 a2=40 a3=7cda49288020 items=0 ppid=620 auid=4294967295 uid=0 gid=0 euid=0 suid=0 fsuid=0 egid=0 sgid=0 fsgid=0 tty=(none) ses=4294967295 comm="iptables-restor" exe="/system/bin/iptables" subj=u:r:netd:s0 key=(null)
[    9.798623] init: Sending SIGKILL to service 'misctrl' (pid 722) process group...
[    9.799522] type=1327 audit(1790634422.795:162): proctitle=2F73797374656D2F62696E2F69707461626C65732D726573746F7265002D2D6E6F666C757368002D77002D76
[    9.801470] type=1320 audit(1790634422.795:162): 
[    9.801470] type=1320 audit(1790634422.795:162): 
[    9.801997] type=1325 audit(1790634422.795:163): table=mangle family=2 entries=33 op=xt_replace subj=u:r:netd:s0 comm="iptables-restor"
[    9.801997] type=1325 audit(1790634422.795:163): table=mangle family=2 entries=33 op=xt_replace subj=u:r:netd:s0 comm="iptables-restor"
[    9.803267] type=1300 audit(1790634422.795:163): arch=c000003e syscall=54 success=yes exit=0 a0=4 a1=0 a2=40 a3=7cda992887b0 items=0 ppid=620 auid=4294967295 uid=0 gid=0 euid=0 suid=0 fsuid=0 egid=0 sgid=0 fsgid=0 tty=(none) ses=4294967295 comm="iptables-restor" exe="/system/bin/iptables" subj=u:r:netd:s0 key=(null)
[    9.804504] libprocessgroup: Removed cgroup /sys/fs/cgroup/system/uid_0/pid_722
[    9.803267] type=1300 audit(1790634422.795:163): arch=c000003e syscall=54 success=yes exit=0 a0=4 a1=0 a2=40 a3=7cda992887b0 items=0 ppid=620 auid=4294967295 uid=0 gid=0 euid=0 suid=0 fsuid=0 egid=0 sgid=0 fsgid=0 tty=(none) ses=4294967295 comm="iptables-restor" exe="/system/bin/iptables" subj=u:r:netd:s0 key=(null)
[    9.804504] libprocessgroup: Removed cgroup /sys/fs/cgroup/system/uid_0/pid_722
[    9.808709] type=1327 audit(1790634422.795:163): proctitle=2F73797374656D2F62696E2F69707461626C65732D726573746F7265002D2D6E6F666C757368002D77002D76
[    9.808767] init: Service 'exec 14 (/system/bin/gsid run-startup-tasks)' (pid 726) exited with status 0 oneshot service took 0.033000 seconds in background
[    9.809750] type=1320 audit(1790634422.795:163): 
[    9.810739] init: Sending SIGKILL to service 'exec 14 (/system/bin/gsid run-startup-tasks)' (pid 726) process group...
[    9.811169] type=1325 audit(1790634422.795:164): table=filter family=10 entries=70 op=xt_replace subj=u:r:netd:s0 comm="ip6tables-resto"
[    9.812050] libprocessgroup: Removed cgroup /sys/fs/cgroup/system/uid_0/pid_726
[    9.812845] type=1300 audit(1790634422.795:164): arch=c000003e syscall=54 success=yes exit=0 a0=4 a1=29 a2=40 a3=7e5770876320 items=0 ppid=620 auid=4294967295 uid=0 gid=0 euid=0 suid=0 fsuid=0 egid=0 sgid=0 fsgid=0 tty=(none) ses=4294967295 comm="ip6tables-resto" exe="/system/bin/iptables" subj=u:r:netd:s0 key=(null)
[    9.815234] init: processing action (boot) from (/vendor/etc/init/init.cutf_cvm.rc:83)
[    9.808709] type=1327 audit(1790634422.795:163): proctitle=2F73797374656D2F62696E2F69707461626C65732D726573746F7265002D2D6E6F666C757368002D77002D76
[    9.808767] init: Service 'exec 14 (/system/bin/gsid run-startup-tasks)' (pid 726) exited with status 0 oneshot service took 0.033000 seconds in background
[    9.809750] type=1320 audit(1790634422.795:163): 
[    9.810739] init: Sending SIGKILL to service 'exec 14 (/system/bin/gsid run-startup-tasks)' (pid 726) process group...
[    9.811169] type=1325 audit(1790634422.795:164): table=filter family=10 entries=70 op=xt_replace subj=u:r:netd:s0 comm="ip6tables-resto"
[    9.812050] libprocessgroup: Removed cgroup /sys/fs/cgroup/system/uid_0/pid_726
[    9.812845] type=1300 audit(1790634422.795:164): arch=c000003e syscall=54 success=yes exit=0 a0=4 a1=29 a2=40 a3=7e5770876320 items=0 ppid=620 auid=4294967295 uid=0 gid=0 euid=0 suid=0 fsuid=0 egid=0 sgid=0 fsgid=0 tty=(none) ses=4294967295 comm="ip6tables-resto" exe="/system/bin/iptables" subj=u:r:netd:s0 key=(null)
[    9.815234] init: processing action (boot) from (/vendor/etc/init/init.cutf_cvm.rc:83)
[    9.821427] type=1327 audit(1790634422.795:164): proctitle=2F73797374656D2F62696E2F6970367461626C65732D726573746F7265002D2D6E6F666C757368002D77002D76
[    9.822142] init: starting service 'socket_vsock_proxy'...
[    9.821427] type=1327 audit(1790634422.795:164): proctitle=2F73797374656D2F62696E2F6970367461626C65732D726573746F7265002D2D6E6F666C757368002D77002D76
[    9.822142] init: starting service 'socket_vsock_proxy'...
[    9.823881] type=1320 audit(1790634422.795:164): 
[    9.823881] type=1320 audit(1790634422.795:164): 
[    9.825590] type=1325 audit(1790634422.795:165): table=raw family=10 entries=12 op=xt_replace subj=u:r:netd:s0 comm="ip6tables-resto"
[    9.825780] libprocessgroup: Created cgroup /sys/fs/cgroup/system/uid_0/pid_730
[    9.825590] type=1325 audit(1790634422.795:165): table=raw family=10 entries=12 op=xt_replace subj=u:r:netd:s0 comm="ip6tables-resto"
[    9.825780] libprocessgroup: Created cgroup /sys/fs/cgroup/system/uid_0/pid_730
[    9.828956] type=1300 audit(1790634422.795:165): arch=c000003e syscall=54 success=yes exit=0 a0=4 a1=29 a2=40 a3=7e5670872640 items=0 ppid=620 auid=4294967295 uid=0 gid=0 euid=0 suid=0 fsuid=0 egid=0 sgid=0 fsgid=0 tty=(none) ses=4294967295 comm="ip6tables-resto" exe="/system/bin/iptables" subj=u:r:netd:s0 key=(null)
[    9.828956] type=1300 audit(1790634422.795:165): arch=c000003e syscall=54 success=yes exit=0 a0=4 a1=29 a2=40 a3=7e5670872640 items=0 ppid=620 auid=4294967295 uid=0 gid=0 euid=0 suid=0 fsuid=0 egid=0 sgid=0 fsgid=0 tty=(none) ses=4294967295 comm="ip6tables-resto" exe="/system/bin/iptables" subj=u:r:netd:s0 key=(null)
[    9.832844] type=1327 audit(1790634422.795:165): proctitle=2F73797374656D2F62696E2F6970367461626C65732D726573746F7265002D2D6E6F666C757368002D77002D76
[    9.833559] init: ... started service 'socket_vsock_proxy' has pid 730
[    9.834278] servicemanager: Caller(pid=719,uid=1041,sid=u:r:audioserver:s0) Found android.hardware.audio.core.IModule/default in device VINTF manifest.
[    9.834480] type=1320 audit(1790634422.795:165): 
[    9.832844] type=1327 audit(1790634422.795:165): proctitle=2F73797374656D2F62696E2F6970367461626C65732D726573746F7265002D2D6E6F666C757368002D77002D76
[    9.835208] type=1325 audit(1790634422.795:166): table=mangle family=10 entries=32 op=xt_replace subj=u:r:netd:s0 comm="ip6tables-resto"
[    9.833559] init: ... started service 'socket_vsock_proxy' has pid 730
[    9.836389] servicemanager: Caller(pid=719,uid=1041,sid=u:r:audioserver:s0) Found android.hardware.audio.effect.IFactory/default in device VINTF manifest.
[    9.838095] type=1300 audit(1790634422.795:166): arch=c000003e syscall=54 success=yes exit=0 a0=4 a1=29 a2=40 a3=7e5660866010 items=0 ppid=620 auid=4294967295 uid=0 gid=0 euid=0 suid=0 fsuid=0 egid=0 sgid=0 fsgid=0 tty=(none) ses=4294967295 comm="ip6tables-resto" exe="/system/bin/iptables" subj=u:r:netd:s0 key=(null)
[    9.834278] servicemanager: Caller(pid=719,uid=1041,sid=u:r:audioserver:s0) Found android.hardware.audio.core.IModule/default in device VINTF manifest.
[    9.834480] type=1320 audit(1790634422.795:165): 
[    9.835208] type=1325 audit(1790634422.795:166): table=mangle family=10 entries=32 op=xt_replace subj=u:r:netd:s0 comm="ip6tables-resto"
[    9.836389] servicemanager: Caller(pid=719,uid=1041,sid=u:r:audioserver:s0) Found android.hardware.audio.effect.IFactory/default in device VINTF manifest.
[    9.838095] type=1300 audit(1790634422.795:166): arch=c000003e syscall=54 success=yes exit=0 a0=4 a1=29 a2=40 a3=7e5660866010 items=0 ppid=620 auid=4294967295 uid=0 gid=0 euid=0 suid=0 fsuid=0 egid=0 sgid=0 fsgid=0 tty=(none) ses=4294967295 comm="ip6tables-resto" exe="/system/bin/iptables" subj=u:r:netd:s0 key=(null)
[    9.840669] type=1327 audit(1790634422.795:166): proctitle=2F73797374656D2F62696E2F6970367461626C65732D726573746F7265002D2D6E6F666C757368002D77002D76
[    9.841056] init: processing action (ro.boot.enable_confirmationui=* && boot) from (/apex/com.google.cf.confirmationui/etc/android.hardware.confirmationui-service.cuttlefish.rc:9)
[    9.841664] type=1320 audit(1790634422.795:166): 
[    9.840669] type=1327 audit(1790634422.795:166): proctitle=2F73797374656D2F62696E2F6970367461626C65732D726573746F7265002D2D6E6F666C757368002D77002D76
[    9.841056] init: processing action (ro.boot.enable_confirmationui=* && boot) from (/apex/com.google.cf.confirmationui/etc/android.hardware.confirmationui-service.cuttlefish.rc:9)
[    9.841664] type=1320 audit(1790634422.795:166): 
[    9.852389] init: starting service 'vendor.confirmationui_default'...
[    9.852749] servicemanager: Caller(pid=719,uid=1041,sid=u:r:audioserver:s0) Found android.hardware.audio.effect.IFactory/default in device VINTF manifest.
[    9.852389] init: starting service 'vendor.confirmationui_default'...
[    9.852749] servicemanager: Caller(pid=719,uid=1041,sid=u:r:audioserver:s0) Found android.hardware.audio.effect.IFactory/default in device VINTF manifest.
[    9.854931] libprocessgroup: Created cgroup /sys/fs/cgroup/system/uid_1000/pid_736
[    9.854931] libprocessgroup: Created cgroup /sys/fs/cgroup/system/uid_1000/pid_736
[    9.857203] servicemanager: Caller(pid=719,uid=1041,sid=u:r:audioserver:s0) Found android.hardware.audio.core.IModule/default in device VINTF manifest.
[    9.857203] servicemanager: Caller(pid=719,uid=1041,sid=u:r:audioserver:s0) Found android.hardware.audio.core.IModule/default in device VINTF manifest.
[    9.860171] init: ... started service 'vendor.confirmationui_default' has pid 736
[    9.860171] init: ... started service 'vendor.confirmationui_default' has pid 736
[    9.861426] init: service 'vendor.confirmationui_default' requested start, but it is already running (flags: 4, pid: 736, started 6ms ago)
[    9.861426] init: service 'vendor.confirmationui_default' requested start, but it is already running (flags: 4, pid: 736, started 6ms ago)
[    9.862723] init: processing action (enable_property_trigger) from (<Builtin Action>:0)
[    9.862723] init: processing action (enable_property_trigger) from (<Builtin Action>:0)
[    9.863660] init: processing action (bootreceiver.enable=1 && ro.product.cpu.abilist64=*) from (/system/etc/init/hw/init.rc:653)
[    9.863660] init: processing action (bootreceiver.enable=1 && ro.product.cpu.abilist64=*) from (/system/etc/init/hw/init.rc:653)
[    9.868914] selinux: SELinux: Could not get canonical path for /sys/kernel/tracing/instances/bootreceiver restorecon: No such file or directory.
[    9.869864] servicemanager: Caller(pid=736,uid=1000,sid=u:r:hal_confirmationui_cuttlefish:s0) Found android.hardware.confirmationui.IConfirmationUI/default in device VINTF manifest.
[    9.868914] selinux: SELinux: Could not get canonical path for /sys/kernel/tracing/instances/bootreceiver restorecon: No such file or directory.
[    9.869864] servicemanager: Caller(pid=736,uid=1000,sid=u:r:hal_confirmationui_cuttlefish:s0) Found android.hardware.confirmationui.IConfirmationUI/default in device VINTF manifest.
[    9.873314] init: processing action (net.tcp_def_init_rwnd=*) from (/system/etc/init/hw/init.rc:1255)
[    9.873314] init: processing action (net.tcp_def_init_rwnd=*) from (/system/etc/init/hw/init.rc:1255)
[    9.874278] init: processing action (ro.debuggable=1) from (/system/etc/init/hw/init.rc:1295)
[    9.874278] init: processing action (ro.debuggable=1) from (/system/etc/init/hw/init.rc:1295)
[    9.875209] init: processing action (sys.usb.config=adb && sys.usb.configfs=0) from (/system/etc/init/hw/init.usb.rc:36)
[    9.875209] init: processing action (sys.usb.config=adb && sys.usb.configfs=0) from (/system/etc/init/hw/init.usb.rc:36)
[    9.876839] init: starting service 'adbd'...
[    9.876839] init: starting service 'adbd'...
[    9.877521] init: Created socket '/dev/socket/adbd', mode 660, user 1000, group 1000
[    9.877521] init: Created socket '/dev/socket/adbd', mode 660, user 1000, group 1000
[    9.880432] libprocessgroup: Created cgroup /sys/fs/cgroup/system/uid_0/pid_743
[    9.880432] libprocessgroup: Created cgroup /sys/fs/cgroup/system/uid_0/pid_743
[    9.882546] init: ... started service 'adbd' has pid 743
[    9.882546] init: ... started service 'adbd' has pid 743
[    9.892633] init: processing action (apexd.status=ready && ro.product.cpu.abilist64=*) from (/system/etc/init/hw/init.boringssl.zygote64.rc:3)
[    9.892633] init: processing action (apexd.status=ready && ro.product.cpu.abilist64=*) from (/system/etc/init/hw/init.boringssl.zygote64.rc:3)
[    9.900290] init: starting service 'boringssl_self_test_apex64'...
[    9.900290] init: starting service 'boringssl_self_test_apex64'...
[    9.902802] libprocessgroup: Created cgroup /sys/fs/cgroup/system/uid_9999/pid_747
[    9.902802] libprocessgroup: Created cgroup /sys/fs/cgroup/system/uid_9999/pid_747
[    9.910770] init: ... started service 'boringssl_self_test_apex64' has pid 747
[    9.910770] init: ... started service 'boringssl_self_test_apex64' has pid 747
[    9.911528] init: SVC_EXEC service 'boringssl_self_test_apex64' pid 747 (uid 9999 gid 0+0 context default) started; waiting...
[    9.911528] init: SVC_EXEC service 'boringssl_self_test_apex64' pid 747 (uid 9999 gid 0+0 context default) started; waiting...
[    9.931050] servicemanager: Caller(pid=712,uid=1047,sid=u:r:hal_camera_default:s0) Found android.hardware.camera.provider.ICameraProvider/internal/0 in device VINTF manifest.
[    9.931050] servicemanager: Caller(pid=712,uid=1047,sid=u:r:hal_camera_default:s0) Found android.hardware.camera.provider.ICameraProvider/internal/0 in device VINTF manifest.
[    9.935439] init: Service 'boringssl_self_test_apex64' (pid 747) exited with status 0 waiting took 0.032000 seconds
[    9.935439] init: Service 'boringssl_self_test_apex64' (pid 747) exited with status 0 waiting took 0.032000 seconds
[    9.936733] init: Sending SIGKILL to service 'boringssl_self_test_apex64' (pid 747) process group...
[    9.936733] init: Sending SIGKILL to service 'boringssl_self_test_apex64' (pid 747) process group...
[    9.937950] libprocessgroup: Removed cgroup /sys/fs/cgroup/system/uid_9999/pid_747
[    9.937950] libprocessgroup: Removed cgroup /sys/fs/cgroup/system/uid_9999/pid_747
[    9.938951] init: processing action (security.perf_harden=1) from (/system/etc/init/init-perfetto.rc:19)
[    9.938951] init: processing action (security.perf_harden=1) from (/system/etc/init/init-perfetto.rc:19)
[    9.940382] init: processing action (init.svc.audioserver=running) from (/system/etc/init/audioserver.rc:43)
[    9.940382] init: processing action (init.svc.audioserver=running) from (/system/etc/init/audioserver.rc:43)
[    9.941205] init: Command 'start vendor.audio-hal' action=init.svc.audioserver=running (/system/etc/init/audioserver.rc:44) took 0ms and failed: service vendor.audio-hal not found
[    9.941205] init: Command 'start vendor.audio-hal' action=init.svc.audioserver=running (/system/etc/init/audioserver.rc:44) took 0ms and failed: service vendor.audio-hal not found
[    9.942522] init: service 'vendor.audio-hal-aidl' requested start, but it is already running (flags: 4, pid: 647, started 727ms ago)
[    9.942522] init: service 'vendor.audio-hal-aidl' requested start, but it is already running (flags: 4, pid: 647, started 727ms ago)
[    9.943565] init: service 'vendor.audio-effect-hal-aidl' requested start, but it is already running (flags: 4, pid: 648, started 711ms ago)
[    9.943565] init: service 'vendor.audio-effect-hal-aidl' requested start, but it is already running (flags: 4, pid: 648, started 711ms ago)
[    9.944755] init: Command 'start vendor.audio-hal-4-0-msd' action=init.svc.audioserver=running (/system/etc/init/audioserver.rc:47) took 0ms and failed: service vendor.audio-hal-4-0-msd not found
[    9.944755] init: Command 'start vendor.audio-hal-4-0-msd' action=init.svc.audioserver=running (/system/etc/init/audioserver.rc:47) took 0ms and failed: service vendor.audio-hal-4-0-msd not found
[    9.946382] init: Command 'start audio_proxy_service' action=init.svc.audioserver=running (/system/etc/init/audioserver.rc:48) took 0ms and failed: service audio_proxy_service not found
[    9.946382] init: Command 'start audio_proxy_service' action=init.svc.audioserver=running (/system/etc/init/audioserver.rc:48) took 0ms and failed: service audio_proxy_service not found
[    9.947967] init: processing action (ro.persistent_properties.ready=true) from (/system/etc/init/bootstat.rc:57)
[    9.947967] init: processing action (ro.persistent_properties.ready=true) from (/system/etc/init/bootstat.rc:57)
[    9.949406] init: processing action (ro.persistent_properties.ready=true) from (/system/etc/init/bootstat.rc:61)
[    9.949406] init: processing action (ro.persistent_properties.ready=true) from (/system/etc/init/bootstat.rc:61)
[    9.950434] init: starting service 'exec 15 (/system/bin/bootstat --set_system_boot_reason)'...
[    9.950434] init: starting service 'exec 15 (/system/bin/bootstat --set_system_boot_reason)'...
[    9.952292] libprocessgroup: Created cgroup /sys/fs/cgroup/system/uid_1000/pid_759
[    9.952292] libprocessgroup: Created cgroup /sys/fs/cgroup/system/uid_1000/pid_759
[    9.953515] init: ... started service 'exec 15 (/system/bin/bootstat --set_system_boot_reason)' has pid 759
[    9.953515] init: ... started service 'exec 15 (/system/bin/bootstat --set_system_boot_reason)' has pid 759
[    9.954791] init: processing action (bootreceiver.enable=1 && ro.product.cpu.abilist64=*) from (/system/etc/init/dmesgd.rc:7)
[    9.954791] init: processing action (bootreceiver.enable=1 && ro.product.cpu.abilist64=*) from (/system/etc/init/dmesgd.rc:7)
[    9.956247] init: Command 'rm /data/misc/dmesgd/sent_reports.txt' action=bootreceiver.enable=1 && ro.product.cpu.abilist64=* (/system/etc/init/dmesgd.rc:9) took 0ms and failed: unlink() failed: No such file or directory
[    9.956247] init: Command 'rm /data/misc/dmesgd/sent_reports.txt' action=bootreceiver.enable=1 && ro.product.cpu.abilist64=* (/system/etc/init/dmesgd.rc:9) took 0ms and failed: unlink() failed: No such file or directory
[    9.958120] init: processing action (drm.service.enabled=true) from (/system/etc/init/drmserver.rc:8)
[    9.958120] init: processing action (drm.service.enabled=true) from (/system/etc/init/drmserver.rc:8)
[    9.959830] init: starting service 'drm'...
[    9.959830] init: starting service 'drm'...
[    9.962612] libprocessgroup: Created cgroup /sys/fs/cgroup/system/uid_1019
[    9.962612] libprocessgroup: Created cgroup /sys/fs/cgroup/system/uid_1019
[    9.963612] BUG: TASK stack guard page was hit at 000000005564139c (stack is 00000000c6b9fd25..00000000be7b2469)
[    9.963612] BUG: TASK stack guard page was hit at 000000005564139c (stack is 00000000c6b9fd25..00000000be7b2469)
[    9.963621] BUG: #DF stack guard page was hit at 00000000da4254dc (stack is 0000000047af8177..00000000a1ad5ef5)
[    9.963621] BUG: #DF stack guard page was hit at 00000000da4254dc (stack is 0000000047af8177..00000000a1ad5ef5)
[    9.963624] stack guard page: 0000 [#1] PREEMPT SMP NOPTI
[    9.963624] stack guard page: 0000 [#1] PREEMPT SMP NOPTI
[    9.963627] CPU: 3 PID: 157 Comm: kworker/3:2H Tainted: G          I     T  6.6.142-gc905c29016dd #4 27924abb11f686cfad8a27e500e84f17fcce262d
[    9.963627] CPU: 3 PID: 157 Comm: kworker/3:2H Tainted: G          I     T  6.6.142-gc905c29016dd #4 27924abb11f686cfad8a27e500e84f17fcce262d
[    9.963630] Hardware name: ChromiumOS crosvm, BIOS 0 
[    9.963630] Hardware name: ChromiumOS crosvm, BIOS 0 
[    9.963639] BUG: #DF stack guard page was hit at 000000007cedc26a (stack is 0000000047af8177..00000000a1ad5ef5)
[    9.963639] BUG: #DF stack guard page was hit at 000000007cedc26a (stack is 0000000047af8177..00000000a1ad5ef5)
[    9.963640] stack guard page: 0000 [#2] PREEMPT SMP NOPTI
[    9.963640] stack guard page: 0000 [#2] PREEMPT SMP NOPTI
[    9.963642] CPU: 3 PID: 157 Comm: kworker/3:2H Tainted: G          I     T  6.6.142-gc905c29016dd #4 27924abb11f686cfad8a27e500e84f17fcce262d
[    9.963642] CPU: 3 PID: 157 Comm: kworker/3:2H Tainted: G          I     T  6.6.142-gc905c29016dd #4 27924abb11f686cfad8a27e500e84f17fcce262d
[    9.963644] Hardware name: ChromiumOS crosvm, BIOS 0 
[    9.963644] Hardware name: ChromiumOS crosvm, BIOS 0 
[    9.963650] BUG: #DF stack guard page was hit at 000000007cedc26a (stack is 0000000047af8177..00000000a1ad5ef5)
[    9.963650] BUG: #DF stack guard page was hit at 000000007cedc26a (stack is 0000000047af8177..00000000a1ad5ef5)
[    9.963651] stack guard page: 0000 [#3]